INFO buildroot.py:668:  Mock Version: 6.7
DEBUG file_util.py:17:  ensuring that dir exists: /var/lib/mock/alma+epel-10-x86_64/root
DEBUG file_util.py:20:  created dir: /var/lib/mock/alma+epel-10-x86_64/root
DEBUG file_util.py:17:  ensuring that dir exists: /var/lib/mock/alma+epel-10-x86_64-bootstrap
DEBUG file_util.py:17:  ensuring that dir exists: /var/lib/mock/alma+epel-10-x86_64-bootstrap
DEBUG file_util.py:17:  ensuring that dir exists: /var/lib/mock/alma+epel-10-x86_64-bootstrap/root
DEBUG file_util.py:17:  ensuring that dir exists: /var/lib/mock/alma+epel-10-x86_64-bootstrap/results
INFO buildroot.py:318:  calling preinit hooks
DEBUG file_util.py:17:  ensuring that dir exists: /var/cache/mock/alma+epel-10-x86_64-bootstrap/root_cache/
DEBUG file_util.py:17:  ensuring that dir exists: /var/cache/mock/alma+epel-10-x86_64-bootstrap/yum_cache
DEBUG file_util.py:17:  ensuring that dir exists: /var/cache/mock/alma+epel-10-x86_64-bootstrap/dnf_cache
DEBUG buildroot.py:724:  create skeleton dirs
DEBUG file_util.py:17:  ensuring that dir exists: /var/lib/mock/alma+epel-10-x86_64-bootstrap/root/var/lib/rpm
DEBUG file_util.py:17:  ensuring that dir exists: /var/lib/mock/alma+epel-10-x86_64-bootstrap/root/var/lib/yum
DEBUG file_util.py:17:  ensuring that dir exists: /var/lib/mock/alma+epel-10-x86_64-bootstrap/root/var/lib/dbus
DEBUG file_util.py:17:  ensuring that dir exists: /var/lib/mock/alma+epel-10-x86_64-bootstrap/root/var/log
DEBUG file_util.py:17:  ensuring that dir exists: /var/lib/mock/alma+epel-10-x86_64-bootstrap/root/var/cache/dnf
DEBUG file_util.py:17:  ensuring that dir exists: /var/lib/mock/alma+epel-10-x86_64-bootstrap/root/var/cache/yum
DEBUG file_util.py:17:  ensuring that dir exists: /var/lib/mock/alma+epel-10-x86_64-bootstrap/root/etc/rpm
DEBUG file_util.py:17:  ensuring that dir exists: /var/lib/mock/alma+epel-10-x86_64-bootstrap/root/tmp
DEBUG file_util.py:17:  ensuring that dir exists: /var/lib/mock/alma+epel-10-x86_64-bootstrap/root/tmp/ccache
DEBUG file_util.py:17:  ensuring that dir exists: /var/lib/mock/alma+epel-10-x86_64-bootstrap/root/var/tmp
DEBUG file_util.py:17:  ensuring that dir exists: /var/lib/mock/alma+epel-10-x86_64-bootstrap/root/etc/dnf
DEBUG file_util.py:17:  ensuring that dir exists: /var/lib/mock/alma+epel-10-x86_64-bootstrap/root/etc/dnf/vars
DEBUG file_util.py:17:  ensuring that dir exists: /var/lib/mock/alma+epel-10-x86_64-bootstrap/root/etc/yum.repos.d
DEBUG file_util.py:20:  created dir: /var/lib/mock/alma+epel-10-x86_64-bootstrap/root/etc/yum.repos.d
DEBUG file_util.py:17:  ensuring that dir exists: /var/lib/mock/alma+epel-10-x86_64-bootstrap/root/etc/yum
DEBUG file_util.py:17:  ensuring that dir exists: /var/lib/mock/alma+epel-10-x86_64-bootstrap/root/proc
DEBUG file_util.py:17:  ensuring that dir exists: /var/lib/mock/alma+epel-10-x86_64-bootstrap/root/sys
DEBUG file_util.py:17:  ensuring that dir exists: /var/lib/mock/alma+epel-10-x86_64-bootstrap/root/run/lock
DEBUG file_util.py:17:  ensuring that dir exists: /var/lib/mock/alma+epel-10-x86_64-bootstrap/root/dev/pts
DEBUG file_util.py:17:  ensuring that dir exists: /var/lib/mock/alma+epel-10-x86_64-bootstrap/root/dev/shm
DEBUG file_util.py:17:  ensuring that dir exists: /var/lib/mock/alma+epel-10-x86_64-bootstrap/root/dev/mapper
DEBUG file_util.py:20:  created dir: /var/lib/mock/alma+epel-10-x86_64-bootstrap/root/dev/mapper
DEBUG buildroot.py:868:  kernel version == 6.12.0-211.29.1.el10_2.x86_64
DEBUG file_util.py:29:  touching file: /var/lib/mock/alma+epel-10-x86_64-bootstrap/root/etc/fstab
DEBUG file_util.py:29:  touching file: /var/lib/mock/alma+epel-10-x86_64-bootstrap/root/etc/yum/yum.conf
DEBUG file_util.py:29:  touching file: /var/lib/mock/alma+epel-10-x86_64-bootstrap/root/etc/dnf/dnf.conf
DEBUG file_util.py:29:  touching file: /var/lib/mock/alma+epel-10-x86_64-bootstrap/root/var/log/yum.log
DEBUG buildroot.py:332:  rootdir = /var/lib/mock/alma+epel-10-x86_64-bootstrap/root
DEBUG buildroot.py:333:  resultdir = /var/lib/mock/alma+epel-10-x86_64-bootstrap/results
DEBUG package_manager.py:63:  searching for 'dnf4' package manager or alternatives
INFO buildroot.py:181:  Package manager dnf4 detected and used (fallback)
DEBUG file_util.py:17:  ensuring that dir exists: /var/lib/mock/alma+epel-10-x86_64-bootstrap/root/etc/pki/mock
DEBUG package_manager.py:404:  copying CA trust dir into chroot: /etc/pki/ca-trust => /etc/pki/ca-trust
DEBUG file_util.py:178:  Updating files in /var/lib/mock/alma+epel-10-x86_64-bootstrap/root/etc/pki/ca-trust with files from /etc/pki/ca-trust
DEBUG file_util.py:17:  ensuring that dir exists: /var/lib/mock/alma+epel-10-x86_64-bootstrap/root/etc/pki/ca-trust
DEBUG file_util.py:17:  ensuring that dir exists: /var/lib/mock/alma+epel-10-x86_64-bootstrap/root/etc/pki/ca-trust/./extracted
DEBUG file_util.py:17:  ensuring that dir exists: /var/lib/mock/alma+epel-10-x86_64-bootstrap/root/etc/pki/ca-trust/./source
DEBUG file_util.py:17:  ensuring that dir exists: /var/lib/mock/alma+epel-10-x86_64-bootstrap/root/etc/pki/ca-trust/extracted/edk2
DEBUG file_util.py:17:  ensuring that dir exists: /var/lib/mock/alma+epel-10-x86_64-bootstrap/root/etc/pki/ca-trust/extracted/java
DEBUG file_util.py:17:  ensuring that dir exists: /var/lib/mock/alma+epel-10-x86_64-bootstrap/root/etc/pki/ca-trust/extracted/openssl
DEBUG file_util.py:17:  ensuring that dir exists: /var/lib/mock/alma+epel-10-x86_64-bootstrap/root/etc/pki/ca-trust/extracted/pem
DEBUG file_util.py:17:  ensuring that dir exists: /var/lib/mock/alma+epel-10-x86_64-bootstrap/root/etc/pki/ca-trust/extracted/pem/directory-hash
DEBUG file_util.py:17:  ensuring that dir exists: /var/lib/mock/alma+epel-10-x86_64-bootstrap/root/etc/pki/ca-trust/source/anchors
DEBUG file_util.py:17:  ensuring that dir exists: /var/lib/mock/alma+epel-10-x86_64-bootstrap/root/etc/pki/ca-trust/source/blocklist
DEBUG package_manager.py:404:  copying CA trust dir into chroot: /usr/share/pki/ca-trust-source => /usr/share/pki/ca-trust-source
DEBUG file_util.py:178:  Updating files in /var/lib/mock/alma+epel-10-x86_64-bootstrap/root/usr/share/pki/ca-trust-source with files from /usr/share/pki/ca-trust-source
DEBUG file_util.py:17:  ensuring that dir exists: /var/lib/mock/alma+epel-10-x86_64-bootstrap/root/usr/share/pki/ca-trust-source
DEBUG file_util.py:17:  ensuring that dir exists: /var/lib/mock/alma+epel-10-x86_64-bootstrap/root/usr/share/pki/ca-trust-source/./anchors
DEBUG file_util.py:17:  ensuring that dir exists: /var/lib/mock/alma+epel-10-x86_64-bootstrap/root/usr/share/pki/ca-trust-source/./blocklist
DEBUG file_util.py:17:  ensuring that dir exists: /var/lib/mock/alma+epel-10-x86_64-bootstrap/root/usr/share
DEBUG package_manager.py:388:  Copying /usr/share/distribution-gpg-keys to the bootstrap chroot
DEBUG util.py:636:  child environment: None
DEBUG util.py:558:  Executing command: ['cp', '-a', '/usr/share/distribution-gpg-keys', '/var/lib/mock/alma+epel-10-x86_64-bootstrap/root/usr/share'] with env {'TERM': 'vt100', 'SHELL': '/bin/sh', 'HOME': '/builddir', 'HOSTNAME': 'mock', 'PATH': '/usr/bin:/bin:/usr/sbin:/sbin', 'LANG': 'C.UTF-8'} and shell False
DEBUG util.py:610:  Child return code was: 0
DEBUG file_util.py:17:  ensuring that dir exists: /var/lib/mock/alma+epel-10-x86_64-bootstrap/root/etc/dnf
DEBUG package_manager.py:691:  configure DNF vars
DEBUG file_util.py:17:  ensuring that dir exists: /var/lib/mock/alma+epel-10-x86_64-bootstrap/root/var/cache/yum
DEBUG util.py:636:  child environment: None
DEBUG util.py:558:  Executing command: ['/bin/mount', '-n', '-o', 'bind', '/var/cache/mock/alma+epel-10-x86_64-bootstrap/yum_cache', '/var/lib/mock/alma+epel-10-x86_64-bootstrap/root/var/cache/yum'] with env {'TERM': 'vt100', 'SHELL': '/bin/sh', 'HOME': '/builddir', 'HOSTNAME': 'mock', 'PATH': '/usr/bin:/bin:/usr/sbin:/sbin', 'LANG': 'C.UTF-8'} and shell False
DEBUG util.py:610:  Child return code was: 0
DEBUG file_util.py:17:  ensuring that dir exists: /var/lib/mock/alma+epel-10-x86_64-bootstrap/root/var/cache/dnf
DEBUG util.py:636:  child environment: None
DEBUG util.py:558:  Executing command: ['/bin/mount', '-n', '-o', 'bind', '/var/cache/mock/alma+epel-10-x86_64-bootstrap/dnf_cache', '/var/lib/mock/alma+epel-10-x86_64-bootstrap/root/var/cache/dnf'] with env {'TERM': 'vt100', 'SHELL': '/bin/sh', 'HOME': '/builddir', 'HOSTNAME': 'mock', 'PATH': '/usr/bin:/bin:/usr/sbin:/sbin', 'LANG': 'C.UTF-8'} and shell False
DEBUG util.py:610:  Child return code was: 0
DEBUG file_util.py:17:  ensuring that dir exists: /var/lib/mock/alma+epel-10-x86_64-bootstrap/root/root/mock-localrepo
DEBUG util.py:636:  child environment: None
DEBUG util.py:558:  Executing command: ['/bin/mount', '-n', '-o', 'bind', '/root/mock-localrepo', '/var/lib/mock/alma+epel-10-x86_64-bootstrap/root/root/mock-localrepo'] with env {'TERM': 'vt100', 'SHELL': '/bin/sh', 'HOME': '/builddir', 'HOSTNAME': 'mock', 'PATH': '/usr/bin:/bin:/usr/sbin:/sbin', 'LANG': 'C.UTF-8'} and shell False
DEBUG util.py:610:  Child return code was: 0
DEBUG file_util.py:17:  ensuring that dir exists: /var/lib/mock/alma+epel-10-x86_64-bootstrap/root/etc
DEBUG file_util.py:17:  ensuring that dir exists: /var/lib/mock/alma+epel-10-x86_64-bootstrap/root/etc
DEBUG buildroot.py:38:  method _cleanup_homedir skipped in bootstrap
DEBUG buildroot.py:38:  method _setup_build_dirs skipped in bootstrap
DEBUG buildroot.py:38:  method _make_users skipped in bootstrap
DEBUG file_util.py:29:  touching file: /var/lib/mock/alma+epel-10-x86_64-bootstrap/root/.initialized
DEBUG file_util.py:17:  ensuring that dir exists: /var/lib/mock/alma+epel-10-x86_64
DEBUG file_util.py:17:  ensuring that dir exists: /var/lib/mock/alma+epel-10-x86_64/root
DEBUG file_util.py:17:  ensuring that dir exists: /var/lib/mock/alma+epel-10-x86_64/result
INFO buildroot.py:318:  calling preinit hooks
DEBUG file_util.py:17:  ensuring that dir exists: /var/cache/mock/alma+epel-10-x86_64/root_cache/
DEBUG file_util.py:17:  ensuring that dir exists: /var/lib/mock/alma+epel-10-x86_64/root
DEBUG util.py:636:  child environment: None
DEBUG util.py:558:  Executing command: ['/bin/tar', '--use-compress-program', 'pigz', '-xf', '/var/cache/mock/alma+epel-10-x86_64/root_cache/cache.tar.gz', '-C', '/var/lib/mock/alma+epel-10-x86_64/root'] with env {'TERM': 'vt100', 'SHELL': '/bin/sh', 'HOME': '/builddir', 'HOSTNAME': 'mock', 'PATH': '/usr/bin:/bin:/usr/sbin:/sbin', 'LANG': 'C.UTF-8'} and shell False
DEBUG util.py:610:  Child return code was: 0
DEBUG file_util.py:17:  ensuring that dir exists: /var/lib/mock/alma+epel-10-x86_64/root/./proc
DEBUG file_util.py:20:  created dir: /var/lib/mock/alma+epel-10-x86_64/root/./proc
DEBUG file_util.py:17:  ensuring that dir exists: /var/lib/mock/alma+epel-10-x86_64/root/./sys
DEBUG file_util.py:20:  created dir: /var/lib/mock/alma+epel-10-x86_64/root/./sys
DEBUG file_util.py:17:  ensuring that dir exists: /var/lib/mock/alma+epel-10-x86_64/root/./dev
DEBUG file_util.py:20:  created dir: /var/lib/mock/alma+epel-10-x86_64/root/./dev
DEBUG file_util.py:17:  ensuring that dir exists: /var/lib/mock/alma+epel-10-x86_64/root/./tmp/ccache
DEBUG file_util.py:20:  created dir: /var/lib/mock/alma+epel-10-x86_64/root/./tmp/ccache
DEBUG file_util.py:17:  ensuring that dir exists: /var/lib/mock/alma+epel-10-x86_64/root/./var/cache/yum
DEBUG file_util.py:20:  created dir: /var/lib/mock/alma+epel-10-x86_64/root/./var/cache/yum
DEBUG file_util.py:17:  ensuring that dir exists: /var/lib/mock/alma+epel-10-x86_64/root/./var/cache/dnf
DEBUG file_util.py:20:  created dir: /var/lib/mock/alma+epel-10-x86_64/root/./var/cache/dnf
DEBUG file_util.py:17:  ensuring that dir exists: /var/lib/mock/alma+epel-10-x86_64/root/./var/log
DEBUG file_util.py:20:  created dir: /var/lib/mock/alma+epel-10-x86_64/root/./var/log
DEBUG file_util.py:17:  ensuring that dir exists: /var/cache/mock/alma+epel-10-x86_64/yum_cache
DEBUG file_util.py:17:  ensuring that dir exists: /var/cache/mock/alma+epel-10-x86_64/dnf_cache
DEBUG util.py:636:  child environment: None
DEBUG util.py:558:  Executing command: ['/usr/bin/lscpu'] with env {'TERM': 'vt100', 'SHELL': '/bin/sh', 'HOME': '/builddir', 'HOSTNAME': 'mock', 'PATH': '/usr/bin:/bin:/usr/sbin:/sbin', 'LANG': 'C.UTF-8'} and shell False
DEBUG util.py:463:  Architecture:                            x86_64
DEBUG util.py:463:  CPU op-mode(s):                          32-bit, 64-bit
DEBUG util.py:463:  Address sizes:                           39 bits physical, 48 bits virtual
DEBUG util.py:463:  Byte Order:                              Little Endian
DEBUG util.py:463:  CPU(s):                                  4
DEBUG util.py:463:  On-line CPU(s) list:                     0-3
DEBUG util.py:463:  Vendor ID:                               GenuineIntel
DEBUG util.py:463:  BIOS Vendor ID:                          QEMU
DEBUG util.py:463:  Model name:                              Intel(R) N100
DEBUG util.py:463:  BIOS Model name:                         pc-q35-8.2  CPU @ 2.0GHz
DEBUG util.py:463:  BIOS CPU family:                         1
DEBUG util.py:463:  CPU family:                              6
DEBUG util.py:463:  Model:                                   190
DEBUG util.py:463:  Thread(s) per core:                      1
DEBUG util.py:463:  Core(s) per socket:                      1
DEBUG util.py:463:  Socket(s):                               4
DEBUG util.py:463:  Stepping:                                0
DEBUG util.py:463:  BogoMIPS:                                1612.80
DEBUG util.py:463:  Flags:                                   fpu vme de pse tsc msr pae mce cx8 apic sep mtrr pge mca cmov pat pse36 clflush mmx fxsr sse sse2 ss syscall nx pdpe1gb rdtscp lm constant_tsc arch_perfmon rep_good nopl xtopology cpuid tsc_known_freq pni pclmulqdq ssse3 fma cx16 pdcm pcid sse4_1 sse4_2 x2apic movbe popcnt tsc_deadline_timer aes xsave avx f16c rdrand hypervisor lahf_lm abm 3dnowprefetch cpuid_fault ssbd ibrs ibpb stibp ibrs_enhanced fsgsbase tsc_adjust bmi1 avx2 smep bmi2 erms invpcid rdseed adx smap clflushopt clwb sha_ni xsaveopt xsavec xgetbv1 xsaves avx_vnni arat umip pku ospke waitpkg gfni vaes vpclmulqdq rdpid movdiri movdir64b fsrm md_clear serialize flush_l1d arch_capabilities
DEBUG util.py:463:  Hypervisor vendor:                       KVM
DEBUG util.py:463:  Virtualization type:                     full
DEBUG util.py:463:  L1d cache:                               128 KiB (4 instances)
DEBUG util.py:463:  L1i cache:                               128 KiB (4 instances)
DEBUG util.py:463:  L2 cache:                                16 MiB (4 instances)
DEBUG util.py:463:  L3 cache:                                64 MiB (4 instances)
DEBUG util.py:463:  NUMA node(s):                            1
DEBUG util.py:463:  NUMA node0 CPU(s):                       0-3
DEBUG util.py:463:  Vulnerability Gather data sampling:      Not affected
DEBUG util.py:463:  Vulnerability Indirect target selection: Mitigation; Aligned branch/return thunks
DEBUG util.py:463:  Vulnerability Itlb multihit:             Not affected
DEBUG util.py:463:  Vulnerability L1tf:                      Not affected
DEBUG util.py:463:  Vulnerability Mds:                       Not affected
DEBUG util.py:463:  Vulnerability Meltdown:                  Not affected
DEBUG util.py:463:  Vulnerability Mmio stale data:           Not affected
DEBUG util.py:463:  Vulnerability Old microcode:             Not affected
DEBUG util.py:463:  Vulnerability Reg file data sampling:    Vulnerable: No microcode
DEBUG util.py:463:  Vulnerability Retbleed:                  Not affected
DEBUG util.py:463:  Vulnerability Spec rstack overflow:      Not affected
DEBUG util.py:463:  Vulnerability Spec store bypass:         Mitigation; Speculative Store Bypass disabled via prctl
DEBUG util.py:463:  Vulnerability Spectre v1:                Mitigation; usercopy/swapgs barriers and __user pointer sanitization
DEBUG util.py:463:  Vulnerability Spectre v2:                Mitigation; Enhanced / Automatic IBRS; IBPB conditional; PBRSB-eIBRS Not affected; BHI SW loop, KVM SW loop
DEBUG util.py:463:  Vulnerability Srbds:                     Not affected
DEBUG util.py:463:  Vulnerability Tsa:                       Not affected
DEBUG util.py:463:  Vulnerability Tsx async abort:           Not affected
DEBUG util.py:463:  Vulnerability Vmscape:                   Not affected
DEBUG util.py:610:  Child return code was: 0
DEBUG util.py:636:  child environment: None
DEBUG util.py:558:  Executing command: ['/bin/free', '--human'] with env {'TERM': 'vt100', 'SHELL': '/bin/sh', 'HOME': '/builddir', 'HOSTNAME': 'mock', 'PATH': '/usr/bin:/bin:/usr/sbin:/sbin', 'LANG': 'C.UTF-8'} and shell False
DEBUG util.py:463:                 total        used        free      shared  buff/cache   available
DEBUG util.py:463:  Mem:           3.6Gi       603Mi       2.6Gi       5.7Mi       650Mi       3.0Gi
DEBUG util.py:463:  Swap:          3.9Gi       7.5Mi       3.9Gi
DEBUG util.py:610:  Child return code was: 0
DEBUG util.py:636:  child environment: None
DEBUG util.py:558:  Executing command: ['/bin/df', '-H', '-T', '/var/lib/mock/alma+epel-10-x86_64/root', '/var/cache/mock'] with env {'TERM': 'vt100', 'SHELL': '/bin/sh', 'HOME': '/builddir', 'HOSTNAME': 'mock', 'PATH': '/usr/bin:/bin:/usr/sbin:/sbin', 'LANG': 'C.UTF-8'} and shell False
DEBUG util.py:463:  Filesystem     Type  Size  Used Avail Use% Mounted on
DEBUG util.py:463:  /dev/vda4      xfs    49G   12G   37G  25% /
DEBUG util.py:463:  /dev/vda4      xfs    49G   12G   37G  25% /
DEBUG util.py:610:  Child return code was: 0
DEBUG buildroot.py:724:  create skeleton dirs
DEBUG file_util.py:17:  ensuring that dir exists: /var/lib/mock/alma+epel-10-x86_64/root/var/lib/rpm
DEBUG file_util.py:17:  ensuring that dir exists: /var/lib/mock/alma+epel-10-x86_64/root/var/lib/yum
DEBUG file_util.py:17:  ensuring that dir exists: /var/lib/mock/alma+epel-10-x86_64/root/var/lib/dbus
DEBUG file_util.py:17:  ensuring that dir exists: /var/lib/mock/alma+epel-10-x86_64/root/var/log
DEBUG file_util.py:17:  ensuring that dir exists: /var/lib/mock/alma+epel-10-x86_64/root/var/cache/dnf
DEBUG file_util.py:17:  ensuring that dir exists: /var/lib/mock/alma+epel-10-x86_64/root/var/cache/yum
DEBUG file_util.py:17:  ensuring that dir exists: /var/lib/mock/alma+epel-10-x86_64/root/etc/rpm
DEBUG file_util.py:17:  ensuring that dir exists: /var/lib/mock/alma+epel-10-x86_64/root/tmp
DEBUG file_util.py:17:  ensuring that dir exists: /var/lib/mock/alma+epel-10-x86_64/root/tmp/ccache
DEBUG file_util.py:17:  ensuring that dir exists: /var/lib/mock/alma+epel-10-x86_64/root/var/tmp
DEBUG file_util.py:17:  ensuring that dir exists: /var/lib/mock/alma+epel-10-x86_64/root/etc/dnf
DEBUG file_util.py:17:  ensuring that dir exists: /var/lib/mock/alma+epel-10-x86_64/root/etc/dnf/vars
DEBUG file_util.py:17:  ensuring that dir exists: /var/lib/mock/alma+epel-10-x86_64/root/etc/yum.repos.d
DEBUG file_util.py:17:  ensuring that dir exists: /var/lib/mock/alma+epel-10-x86_64/root/etc/yum
DEBUG file_util.py:17:  ensuring that dir exists: /var/lib/mock/alma+epel-10-x86_64/root/proc
DEBUG file_util.py:17:  ensuring that dir exists: /var/lib/mock/alma+epel-10-x86_64/root/sys
DEBUG file_util.py:17:  ensuring that dir exists: /var/lib/mock/alma+epel-10-x86_64/root/run/lock
DEBUG file_util.py:17:  ensuring that dir exists: /var/lib/mock/alma+epel-10-x86_64/root/dev/pts
DEBUG file_util.py:20:  created dir: /var/lib/mock/alma+epel-10-x86_64/root/dev/pts
DEBUG file_util.py:17:  ensuring that dir exists: /var/lib/mock/alma+epel-10-x86_64/root/dev/shm
DEBUG file_util.py:20:  created dir: /var/lib/mock/alma+epel-10-x86_64/root/dev/shm
DEBUG file_util.py:17:  ensuring that dir exists: /var/lib/mock/alma+epel-10-x86_64/root/dev/mapper
DEBUG file_util.py:20:  created dir: /var/lib/mock/alma+epel-10-x86_64/root/dev/mapper
DEBUG buildroot.py:868:  kernel version == 6.12.0-211.29.1.el10_2.x86_64
DEBUG file_util.py:29:  touching file: /var/lib/mock/alma+epel-10-x86_64/root/etc/fstab
DEBUG file_util.py:29:  touching file: /var/lib/mock/alma+epel-10-x86_64/root/etc/yum/yum.conf
DEBUG file_util.py:29:  touching file: /var/lib/mock/alma+epel-10-x86_64/root/etc/dnf/dnf.conf
DEBUG file_util.py:29:  touching file: /var/lib/mock/alma+epel-10-x86_64/root/var/log/yum.log
DEBUG buildroot.py:332:  rootdir = /var/lib/mock/alma+epel-10-x86_64/root
DEBUG buildroot.py:333:  resultdir = /var/lib/mock/alma+epel-10-x86_64/result
INFO buildroot.py:181:  Package manager dnf4 detected and used (direct choice)
DEBUG file_util.py:17:  ensuring that dir exists: /var/lib/mock/alma+epel-10-x86_64/root/etc/pki/mock
DEBUG package_manager.py:404:  copying CA trust dir into chroot: /etc/pki/ca-trust => /etc/pki/ca-trust
DEBUG file_util.py:178:  Updating files in /var/lib/mock/alma+epel-10-x86_64/root/etc/pki/ca-trust with files from /etc/pki/ca-trust
DEBUG file_util.py:17:  ensuring that dir exists: /var/lib/mock/alma+epel-10-x86_64/root/etc/pki/ca-trust
DEBUG file_util.py:17:  ensuring that dir exists: /var/lib/mock/alma+epel-10-x86_64/root/etc/pki/ca-trust/./extracted
DEBUG file_util.py:17:  ensuring that dir exists: /var/lib/mock/alma+epel-10-x86_64/root/etc/pki/ca-trust/./source
DEBUG file_util.py:17:  ensuring that dir exists: /var/lib/mock/alma+epel-10-x86_64/root/etc/pki/ca-trust/extracted/edk2
DEBUG file_util.py:17:  ensuring that dir exists: /var/lib/mock/alma+epel-10-x86_64/root/etc/pki/ca-trust/extracted/java
DEBUG file_util.py:17:  ensuring that dir exists: /var/lib/mock/alma+epel-10-x86_64/root/etc/pki/ca-trust/extracted/openssl
DEBUG file_util.py:17:  ensuring that dir exists: /var/lib/mock/alma+epel-10-x86_64/root/etc/pki/ca-trust/extracted/pem
DEBUG file_util.py:17:  ensuring that dir exists: /var/lib/mock/alma+epel-10-x86_64/root/etc/pki/ca-trust/extracted/pem/directory-hash
DEBUG file_util.py:17:  ensuring that dir exists: /var/lib/mock/alma+epel-10-x86_64/root/etc/pki/ca-trust/source/anchors
DEBUG file_util.py:17:  ensuring that dir exists: /var/lib/mock/alma+epel-10-x86_64/root/etc/pki/ca-trust/source/blocklist
DEBUG package_manager.py:404:  copying CA trust dir into chroot: /usr/share/pki/ca-trust-source => /usr/share/pki/ca-trust-source
DEBUG file_util.py:178:  Updating files in /var/lib/mock/alma+epel-10-x86_64/root/usr/share/pki/ca-trust-source with files from /usr/share/pki/ca-trust-source
DEBUG file_util.py:17:  ensuring that dir exists: /var/lib/mock/alma+epel-10-x86_64/root/usr/share/pki/ca-trust-source
DEBUG file_util.py:17:  ensuring that dir exists: /var/lib/mock/alma+epel-10-x86_64/root/usr/share/pki/ca-trust-source/./anchors
DEBUG file_util.py:17:  ensuring that dir exists: /var/lib/mock/alma+epel-10-x86_64/root/usr/share/pki/ca-trust-source/./blocklist
DEBUG file_util.py:17:  ensuring that dir exists: /var/lib/mock/alma+epel-10-x86_64/root/etc/dnf
DEBUG package_manager.py:691:  configure DNF vars
DEBUG file_util.py:17:  ensuring that dir exists: /var/lib/mock/alma+epel-10-x86_64/root/var/cache/yum
DEBUG util.py:636:  child environment: None
DEBUG util.py:558:  Executing command: ['/bin/mount', '-n', '-o', 'bind', '/var/cache/mock/alma+epel-10-x86_64/yum_cache', '/var/lib/mock/alma+epel-10-x86_64/root/var/cache/yum'] with env {'TERM': 'vt100', 'SHELL': '/bin/sh', 'HOME': '/builddir', 'HOSTNAME': 'mock', 'PATH': '/usr/bin:/bin:/usr/sbin:/sbin', 'LANG': 'C.UTF-8'} and shell False
DEBUG util.py:610:  Child return code was: 0
DEBUG file_util.py:17:  ensuring that dir exists: /var/lib/mock/alma+epel-10-x86_64/root/var/cache/dnf
DEBUG util.py:636:  child environment: None
DEBUG util.py:558:  Executing command: ['/bin/mount', '-n', '-o', 'bind', '/var/cache/mock/alma+epel-10-x86_64/dnf_cache', '/var/lib/mock/alma+epel-10-x86_64/root/var/cache/dnf'] with env {'TERM': 'vt100', 'SHELL': '/bin/sh', 'HOME': '/builddir', 'HOSTNAME': 'mock', 'PATH': '/usr/bin:/bin:/usr/sbin:/sbin', 'LANG': 'C.UTF-8'} and shell False
DEBUG util.py:610:  Child return code was: 0
DEBUG util.py:636:  child environment: None
DEBUG util.py:553:  Using nspawn with args None
DEBUG util.py:558:  Executing command: ['/usr/bin/systemd-nspawn', '-q', '-M', 'ae4548761004408b83ddcf6f1aca303d', '-D', '/var/lib/mock/alma+epel-10-x86_64-bootstrap/root', '-a', '--console=pipe', '--setenv=TERM=vt100', '--setenv=SHELL=/bin/sh', '--setenv=HOME=/builddir', '--setenv=HOSTNAME=mock', '--setenv=PATH=/usr/bin:/bin:/usr/sbin:/sbin', '--setenv=LANG=C.UTF-8', '--resolv-conf=off', 'rpm', '-q', 'rpm', 'rpm-sequoia', 'python3-dnf', 'python3-dnf-plugins-core', 'yum', 'yum-utils', 'dnf5', 'dnf5-plugins'] with env {'TERM': 'vt100', 'SHELL': '/bin/sh', 'HOME': '/builddir', 'HOSTNAME': 'mock', 'PATH': '/usr/bin:/bin:/usr/sbin:/sbin', 'LANG': 'C.UTF-8', 'SYSTEMD_NSPAWN_TMPFS_TMP': '0', 'SYSTEMD_SECCOMP': '0'} and shell False
DEBUG util.py:463:  rpm-4.19.1.1-20.el10.alma.1.x86_64
DEBUG util.py:463:  rpm-sequoia-1.9.0.3-1.el10_1.x86_64
DEBUG util.py:463:  python3-dnf-4.20.0-18.el10.alma.1.noarch
DEBUG util.py:463:  python3-dnf-plugins-core-4.7.0-9.el10.noarch
DEBUG util.py:463:  yum-4.20.0-18.el10.alma.1.noarch
DEBUG util.py:463:  package yum-utils is not installed
DEBUG util.py:463:  package dnf5 is not installed
DEBUG util.py:463:  package dnf5-plugins is not installed
DEBUG util.py:610:  Child return code was: 3
INFO package_manager.py:201:  Buildroot is handled by package management downloaded with a bootstrap image:
  rpm-4.19.1.1-20.el10.alma.1.x86_64
  rpm-sequoia-1.9.0.3-1.el10_1.x86_64
  python3-dnf-4.20.0-18.el10.alma.1.noarch
  python3-dnf-plugins-core-4.7.0-9.el10.noarch
  yum-4.20.0-18.el10.alma.1.noarch
DEBUG file_util.py:17:  ensuring that dir exists: /var/lib/mock/alma+epel-10-x86_64-bootstrap/root/var/lib/mock/alma+epel-10-x86_64/root
DEBUG util.py:636:  child environment: None
DEBUG util.py:558:  Executing command: ['/bin/mount', '-n', '-t', 'tmpfs', '-o', 'private,mode=0755', 'tmpfs', '/var/lib/mock/alma+epel-10-x86_64-bootstrap/root/var/lib/mock/alma+epel-10-x86_64/root'] with env {'TERM': 'vt100', 'SHELL': '/bin/sh', 'HOME': '/builddir', 'HOSTNAME': 'mock', 'PATH': '/usr/bin:/bin:/usr/sbin:/sbin', 'LANG': 'C.UTF-8'} and shell False
DEBUG util.py:610:  Child return code was: 0
DEBUG file_util.py:17:  ensuring that dir exists: /var/lib/mock/alma+epel-10-x86_64-bootstrap/root/var/lib/mock/alma+epel-10-x86_64/root
DEBUG util.py:636:  child environment: None
DEBUG util.py:558:  Executing command: ['/bin/mount', '-n', '-o', 'rbind', '/var/lib/mock/alma+epel-10-x86_64/root', '/var/lib/mock/alma+epel-10-x86_64-bootstrap/root/var/lib/mock/alma+epel-10-x86_64/root'] with env {'TERM': 'vt100', 'SHELL': '/bin/sh', 'HOME': '/builddir', 'HOSTNAME': 'mock', 'PATH': '/usr/bin:/bin:/usr/sbin:/sbin', 'LANG': 'C.UTF-8'} and shell False
DEBUG util.py:610:  Child return code was: 0
DEBUG util.py:636:  child environment: None
DEBUG util.py:558:  Executing command: ['/bin/mount', '-n', '-o', 'remount,private,rbind', '--target', '/var/lib/mock/alma+epel-10-x86_64-bootstrap/root/var/lib/mock/alma+epel-10-x86_64/root'] with env {'TERM': 'vt100', 'SHELL': '/bin/sh', 'HOME': '/builddir', 'HOSTNAME': 'mock', 'PATH': '/usr/bin:/bin:/usr/sbin:/sbin', 'LANG': 'C.UTF-8'} and shell False
DEBUG util.py:610:  Child return code was: 0
DEBUG util.py:636:  child environment: None
DEBUG util.py:553:  Using nspawn with args ['--capability=cap_ipc_lock', '--bind=/tmp/mock-resolv.mbuvd83v:/etc/resolv.conf']
DEBUG util.py:558:  Executing command: ['/usr/bin/systemd-nspawn', '-q', '-M', '9e5c4becc6d8476c80bd13bfa7dc02cc', '-D', '/var/lib/mock/alma+epel-10-x86_64-bootstrap/root', '-a', '--capability=cap_ipc_lock', '--bind=/tmp/mock-resolv.mbuvd83v:/etc/resolv.conf', '--console=pipe', '--setenv=TERM=vt100', '--setenv=SHELL=/bin/bash', '--setenv=HOME=/builddir', '--setenv=HOSTNAME=mock', '--setenv=PATH=/usr/bin:/bin:/usr/sbin:/sbin', '--setenv=PROMPT_COMMAND=printf "\\033]0;<mock-chroot>\\007"', '--setenv=PS1=<mock-chroot> \\s-\\v\\$ ', '--setenv=LANG=C.UTF-8', '--resolv-conf=off', '/bin/rpm', '-qa', '--root', '/var/lib/mock/alma+epel-10-x86_64/root'] with env {'TERM': 'vt100', 'SHELL': '/bin/bash', 'HOME': '/builddir', 'HOSTNAME': 'mock', 'PATH': '/usr/bin:/bin:/usr/sbin:/sbin', 'PROMPT_COMMAND': 'printf "\\033]0;<mock-chroot>\\007"', 'PS1': '<mock-chroot> \\s-\\v\\$ ', 'LANG': 'C.UTF-8', 'SYSTEMD_NSPAWN_TMPFS_TMP': '0', 'SYSTEMD_SECCOMP': '0'} and shell False
DEBUG util.py:463:  gpg-pubkey-c2a1e572-668fe8ef
DEBUG util.py:463:  gpg-pubkey-e37ed158-65785fa9
DEBUG util.py:463:  libgcc-14.3.1-4.4.el10.alma.2.x86_64
DEBUG util.py:463:  ghc-srpm-macros-1.9.2-1.el10_0.noarch
DEBUG util.py:463:  fpc-srpm-macros-1.3-7.el10_1.noarch
DEBUG util.py:463:  ansible-srpm-macros-1-21.el10_2.noarch
DEBUG util.py:463:  rust-toolset-srpm-macros-1.92.0-1.el10.alma.1.noarch
DEBUG util.py:463:  qt6-srpm-macros-6.10.1-1.el10.noarch
DEBUG util.py:463:  perl-srpm-macros-1-57.el10.noarch
DEBUG util.py:463:  package-notes-srpm-macros-0.5-13.el10.noarch
DEBUG util.py:463:  openblas-srpm-macros-2-19.el10.noarch
DEBUG util.py:463:  ocaml-srpm-macros-10-4.el10.noarch
DEBUG util.py:463:  kernel-srpm-macros-1.0-27.el10.noarch
DEBUG util.py:463:  publicsuffix-list-dafsa-20240107-5.el10.noarch
DEBUG util.py:463:  pkgconf-m4-2.1.0-3.el10.noarch
DEBUG util.py:463:  pcre2-syntax-10.44-1.el10.3.noarch
DEBUG util.py:463:  ncurses-base-6.4-15.20240127.el10_1.noarch
DEBUG util.py:463:  libssh-config-0.12.0-2.el10.noarch
DEBUG util.py:463:  coreutils-common-9.5-8.el10_2.x86_64
DEBUG util.py:463:  almalinux-gpg-keys-10.2-21.el10.x86_64
DEBUG util.py:463:  almalinux-release-10.2-21.el10.x86_64
DEBUG util.py:463:  almalinux-repos-10.2-21.el10.x86_64
DEBUG util.py:463:  setup-2.14.5-7.el10.noarch
DEBUG util.py:463:  filesystem-3.18-17.el10.x86_64
DEBUG util.py:463:  basesystem-11-22.el10.noarch
DEBUG util.py:463:  glibc-gconv-extra-2.39-126.el10_2.alma.1.x86_64
DEBUG util.py:463:  ncurses-libs-6.4-15.20240127.el10_1.x86_64
DEBUG util.py:463:  glibc-2.39-126.el10_2.alma.1.x86_64
DEBUG util.py:463:  bash-5.2.26-6.el10.x86_64
DEBUG util.py:463:  glibc-common-2.39-126.el10_2.alma.1.x86_64
DEBUG util.py:463:  glibc-minimal-langpack-2.39-126.el10_2.alma.1.x86_64
DEBUG util.py:463:  zlib-ng-compat-2.2.3-3.el10_1.x86_64
DEBUG util.py:463:  bzip2-libs-1.0.8-25.el10.x86_64
DEBUG util.py:463:  xz-libs-5.6.2-4.el10_0.x86_64
DEBUG util.py:463:  libstdc++-14.3.1-4.4.el10.alma.2.x86_64
DEBUG util.py:463:  libuuid-2.40.2-18.el10.x86_64
DEBUG util.py:463:  popt-1.19-8.el10.x86_64
DEBUG util.py:463:  readline-8.2-11.el10.x86_64
DEBUG util.py:463:  libblkid-2.40.2-18.el10.x86_64
DEBUG util.py:463:  gmp-6.2.1-12.el10.x86_64
DEBUG util.py:463:  libattr-2.5.2-5.el10.x86_64
DEBUG util.py:463:  libacl-2.3.2-4.el10.x86_64
DEBUG util.py:463:  libxcrypt-4.4.36-10.el10.x86_64
DEBUG util.py:463:  libzstd-1.5.5-9.el10.x86_64
DEBUG util.py:463:  elfutils-libelf-0.194-2.el10_2.x86_64
DEBUG util.py:463:  crypto-policies-20260216-1.git0e54016.el10.alma.1.noarch
DEBUG util.py:463:  gdbm-libs-1.23-12.el10_0.x86_64
DEBUG util.py:463:  libeconf-0.6.2-4.el10.x86_64
DEBUG util.py:463:  dwz-0.16-1.el10.x86_64
DEBUG util.py:463:  mpfr-4.2.1-8.el10.x86_64
DEBUG util.py:463:  gawk-5.3.0-6.el10.x86_64
DEBUG util.py:463:  unzip-6.0-69.el10.x86_64
DEBUG util.py:463:  file-libs-5.45-9.el10.x86_64
DEBUG util.py:463:  file-5.45-9.el10.x86_64
DEBUG util.py:463:  alternatives-1.30-2.el10.x86_64
DEBUG util.py:463:  jansson-2.14-3.el10.x86_64
DEBUG util.py:463:  libcap-ng-0.8.4-6.el10.x86_64
DEBUG util.py:463:  audit-libs-4.0.3-5.el10.x86_64
DEBUG util.py:463:  pam-libs-1.6.1-9.el10.x86_64
DEBUG util.py:463:  libcap-2.69-7.el10_2.1.x86_64
DEBUG util.py:463:  systemd-libs-257-23.el10_2.2.alma.1.x86_64
DEBUG util.py:463:  libffi-3.4.4-10.el10.x86_64
DEBUG util.py:463:  libsepol-3.10-1.el10.x86_64
DEBUG util.py:463:  libsmartcols-2.40.2-18.el10.x86_64
DEBUG util.py:463:  libtasn1-4.20.0-5.el10_2.x86_64
DEBUG util.py:463:  libunistring-1.1-10.el10.x86_64
DEBUG util.py:463:  libidn2-2.3.7-3.el10.x86_64
DEBUG util.py:463:  lua-libs-5.4.6-7.el10.x86_64
DEBUG util.py:463:  lz4-libs-1.9.4-8.el10.x86_64
DEBUG util.py:463:  pcre2-10.44-1.el10.3.x86_64
DEBUG util.py:463:  libselinux-3.10-1.el10.x86_64
DEBUG util.py:463:  sed-4.9-5.el10.x86_64
DEBUG util.py:463:  findutils-4.10.0-5.el10.x86_64
DEBUG util.py:463:  grep-3.11-10.el10.x86_64
DEBUG util.py:463:  xz-5.6.2-4.el10_0.x86_64
DEBUG util.py:463:  libmount-2.40.2-18.el10.x86_64
DEBUG util.py:463:  util-linux-core-2.40.2-18.el10.x86_64
DEBUG util.py:463:  libsemanage-3.10-1.el10.x86_64
DEBUG util.py:463:  shadow-utils-4.15.0-11.el10.x86_64
DEBUG util.py:463:  libutempter-1.2.1-15.el10.x86_64
DEBUG util.py:463:  tar-1.35-11.el10.x86_64
DEBUG util.py:463:  zstd-1.5.5-9.el10.x86_64
DEBUG util.py:463:  libpsl-0.21.5-6.el10.x86_64
DEBUG util.py:463:  p11-kit-0.26.2-1.el10.x86_64
DEBUG util.py:463:  p11-kit-trust-0.26.2-1.el10.x86_64
DEBUG util.py:463:  openssl-fips-provider-3.5.5-4.el10_2.alma.1.x86_64
DEBUG util.py:463:  openssl-libs-3.5.5-4.el10_2.alma.1.x86_64
DEBUG util.py:463:  coreutils-9.5-8.el10_2.x86_64
DEBUG util.py:463:  ca-certificates-2025.2.80_v9.0.305-102.el10_1.noarch
DEBUG util.py:463:  authselect-libs-1.5.2-1.el10.x86_64
DEBUG util.py:463:  gzip-1.13-3.el10.x86_64
DEBUG util.py:463:  cracklib-2.9.11-8.el10.x86_64
DEBUG util.py:463:  cracklib-dicts-2.9.11-8.el10.x86_64
DEBUG util.py:463:  libpwquality-1.4.5-12.el10.x86_64
DEBUG util.py:463:  libevent-2.1.12-16.el10.x86_64
DEBUG util.py:463:  rpm-sequoia-1.10.1.1-2.el10.x86_64
DEBUG util.py:463:  zip-3.0-45.el10.x86_64
DEBUG util.py:463:  cyrus-sasl-lib-2.1.28-30.el10_2.x86_64
DEBUG util.py:463:  openldap-2.6.10-1.el10.x86_64
DEBUG util.py:463:  gdbm-1.23-12.el10_0.x86_64
DEBUG util.py:463:  pam-1.6.1-9.el10.x86_64
DEBUG util.py:463:  libfdisk-2.40.2-18.el10.x86_64
DEBUG util.py:463:  libxml2-2.12.5-10.el10_2.1.x86_64
DEBUG util.py:463:  libarchive-3.7.7-8.el10_1.x86_64
DEBUG util.py:463:  bzip2-1.0.8-25.el10.x86_64
DEBUG util.py:463:  sqlite-libs-3.46.1-5.el10_1.x86_64
DEBUG util.py:463:  rpm-libs-4.19.1.1-23.el10.alma.1.x86_64
DEBUG util.py:463:  ed-1.20-5.el10.x86_64
DEBUG util.py:463:  patch-2.7.6-26.el10.x86_64
DEBUG util.py:463:  elfutils-default-yama-scope-0.194-2.el10_2.noarch
DEBUG util.py:463:  cpio-2.15-3.el10.x86_64
DEBUG util.py:463:  diffutils-3.10-8.el10.x86_64
DEBUG util.py:463:  json-c-0.18-3.el10.x86_64
DEBUG util.py:463:  keyutils-libs-1.6.3-5.el10.x86_64
DEBUG util.py:463:  libbrotli-1.1.0-7.el10_1.x86_64
DEBUG util.py:463:  libcbor-0.11.0-3.el10.x86_64
DEBUG util.py:463:  libfido2-1.14.0-7.el10.x86_64
DEBUG util.py:463:  libcom_err-1.47.1-5.el10.x86_64
DEBUG util.py:463:  libgomp-14.3.1-4.4.el10.alma.2.x86_64
DEBUG util.py:463:  libnghttp2-1.68.0-3.el10_2.1.x86_64
DEBUG util.py:463:  libpkgconf-2.1.0-3.el10.x86_64
DEBUG util.py:463:  pkgconf-2.1.0-3.el10.x86_64
DEBUG util.py:463:  pkgconf-pkg-config-2.1.0-3.el10.x86_64
DEBUG util.py:463:  libverto-0.3.2-10.el10.x86_64
DEBUG util.py:463:  krb5-libs-1.21.3-10.el10_2.x86_64
DEBUG util.py:463:  libssh-0.12.0-2.el10.x86_64
DEBUG util.py:463:  libcurl-8.12.1-4.el10.x86_64
DEBUG util.py:463:  elfutils-libs-0.194-2.el10_2.x86_64
DEBUG util.py:463:  elfutils-debuginfod-client-0.194-2.el10_2.x86_64
DEBUG util.py:463:  binutils-gold-2.41-63.el10.alma.1.x86_64
DEBUG util.py:463:  binutils-2.41-63.el10.alma.1.x86_64
DEBUG util.py:463:  elfutils-0.194-2.el10_2.x86_64
DEBUG util.py:463:  gdb-minimal-16.3-3.el10.x86_64
DEBUG util.py:463:  debugedit-5.1-8.el10.x86_64
DEBUG util.py:463:  rpm-build-libs-4.19.1.1-23.el10.alma.1.x86_64
DEBUG util.py:463:  curl-8.12.1-4.el10.x86_64
DEBUG util.py:463:  rpm-4.19.1.1-23.el10.alma.1.x86_64
DEBUG util.py:463:  efi-srpm-macros-6-6.el10.alma.1.noarch
DEBUG util.py:463:  lua-srpm-macros-1-15.el10.noarch
DEBUG util.py:463:  fonts-srpm-macros-2.0.5-18.el10.noarch
DEBUG util.py:463:  forge-srpm-macros-0.4.0-6.el10.noarch
DEBUG util.py:463:  go-srpm-macros-3.8.0-1.el10.noarch
DEBUG util.py:463:  python-srpm-macros-3.12-11.el10.noarch
DEBUG util.py:463:  redhat-rpm-config-295-1.el10.alma.1.noarch
DEBUG util.py:463:  rpm-build-4.19.1.1-23.el10.alma.1.x86_64
DEBUG util.py:463:  pyproject-srpm-macros-1.18.5-1.el10.noarch
DEBUG util.py:463:  R-srpm-macros-1.3.7-1.el10_2.noarch
DEBUG util.py:463:  epel-rpm-macros-10-7.el10_2.noarch
DEBUG util.py:463:  util-linux-2.40.2-18.el10.x86_64
DEBUG util.py:463:  authselect-1.5.2-1.el10.x86_64
DEBUG util.py:463:  which-2.21-44.el10_0.x86_64
DEBUG util.py:463:  info-7.1-6.el10.x86_64
DEBUG util.py:610:  Child return code was: 0
DEBUG util.py:185:  kill orphans in chroot /var/lib/mock/alma+epel-10-x86_64/root
DEBUG util.py:185:  kill orphans in chroot /var/lib/mock/alma+epel-10-x86_64-bootstrap/root/var/lib/mock/alma+epel-10-x86_64/root
DEBUG util.py:636:  child environment: None
DEBUG util.py:558:  Executing command: ['/bin/umount', '-n', '-l', '/var/lib/mock/alma+epel-10-x86_64-bootstrap/root/var/lib/mock/alma+epel-10-x86_64/root'] with env {'TERM': 'vt100', 'SHELL': '/bin/sh', 'HOME': '/builddir', 'HOSTNAME': 'mock', 'PATH': '/usr/bin:/bin:/usr/sbin:/sbin', 'LANG': 'C.UTF-8'} and shell False
DEBUG util.py:610:  Child return code was: 0
DEBUG util.py:636:  child environment: None
DEBUG util.py:558:  Executing command: ['/bin/umount', '-n', '-l', '/var/lib/mock/alma+epel-10-x86_64-bootstrap/root/var/lib/mock/alma+epel-10-x86_64/root'] with env {'TERM': 'vt100', 'SHELL': '/bin/sh', 'HOME': '/builddir', 'HOSTNAME': 'mock', 'PATH': '/usr/bin:/bin:/usr/sbin:/sbin', 'LANG': 'C.UTF-8'} and shell False
DEBUG util.py:610:  Child return code was: 0
DEBUG file_util.py:17:  ensuring that dir exists: /var/lib/mock/alma+epel-10-x86_64/root/proc
DEBUG util.py:636:  child environment: None
DEBUG util.py:558:  Executing command: ['/bin/mount', '-n', '-t', 'tmpfs', '-o', 'rprivate,mode=0755', 'tmpfs', '/var/lib/mock/alma+epel-10-x86_64/root/proc'] with env {'TERM': 'vt100', 'SHELL': '/bin/sh', 'HOME': '/builddir', 'HOSTNAME': 'mock', 'PATH': '/usr/bin:/bin:/usr/sbin:/sbin', 'LANG': 'C.UTF-8'} and shell False
DEBUG util.py:610:  Child return code was: 0
DEBUG file_util.py:17:  ensuring that dir exists: /var/lib/mock/alma+epel-10-x86_64/root/proc
DEBUG util.py:636:  child environment: None
DEBUG util.py:558:  Executing command: ['/bin/mount', '-n', '-o', 'rbind', '/proc', '/var/lib/mock/alma+epel-10-x86_64/root/proc'] with env {'TERM': 'vt100', 'SHELL': '/bin/sh', 'HOME': '/builddir', 'HOSTNAME': 'mock', 'PATH': '/usr/bin:/bin:/usr/sbin:/sbin', 'LANG': 'C.UTF-8'} and shell False
DEBUG util.py:610:  Child return code was: 0
DEBUG util.py:636:  child environment: None
DEBUG util.py:558:  Executing command: ['/bin/mount', '-n', '-o', 'remount,nodev,noexec,nosuid,readonly,rprivate,rbind', '--target', '/var/lib/mock/alma+epel-10-x86_64/root/proc'] with env {'TERM': 'vt100', 'SHELL': '/bin/sh', 'HOME': '/builddir', 'HOSTNAME': 'mock', 'PATH': '/usr/bin:/bin:/usr/sbin:/sbin', 'LANG': 'C.UTF-8'} and shell False
DEBUG util.py:610:  Child return code was: 0
DEBUG file_util.py:17:  ensuring that dir exists: /var/lib/mock/alma+epel-10-x86_64/root/sys
DEBUG util.py:636:  child environment: None
DEBUG util.py:558:  Executing command: ['/bin/mount', '-n', '-t', 'tmpfs', '-o', 'rprivate,mode=0755', 'tmpfs', '/var/lib/mock/alma+epel-10-x86_64/root/sys'] with env {'TERM': 'vt100', 'SHELL': '/bin/sh', 'HOME': '/builddir', 'HOSTNAME': 'mock', 'PATH': '/usr/bin:/bin:/usr/sbin:/sbin', 'LANG': 'C.UTF-8'} and shell False
DEBUG util.py:610:  Child return code was: 0
DEBUG file_util.py:17:  ensuring that dir exists: /var/lib/mock/alma+epel-10-x86_64/root/sys
DEBUG util.py:636:  child environment: None
DEBUG util.py:558:  Executing command: ['/bin/mount', '-n', '-o', 'rbind', '/sys', '/var/lib/mock/alma+epel-10-x86_64/root/sys'] with env {'TERM': 'vt100', 'SHELL': '/bin/sh', 'HOME': '/builddir', 'HOSTNAME': 'mock', 'PATH': '/usr/bin:/bin:/usr/sbin:/sbin', 'LANG': 'C.UTF-8'} and shell False
DEBUG util.py:610:  Child return code was: 0
DEBUG util.py:636:  child environment: None
DEBUG util.py:558:  Executing command: ['/bin/mount', '-n', '-o', 'remount,nodev,noexec,nosuid,readonly,rprivate,rbind', '--target', '/var/lib/mock/alma+epel-10-x86_64/root/sys'] with env {'TERM': 'vt100', 'SHELL': '/bin/sh', 'HOME': '/builddir', 'HOSTNAME': 'mock', 'PATH': '/usr/bin:/bin:/usr/sbin:/sbin', 'LANG': 'C.UTF-8'} and shell False
DEBUG util.py:610:  Child return code was: 0
DEBUG file_util.py:17:  ensuring that dir exists: /var/lib/mock/alma+epel-10-x86_64/root/dev/shm
DEBUG util.py:636:  child environment: None
DEBUG util.py:558:  Executing command: ['/bin/mount', '-n', '-t', 'tmpfs', 'tmpfs', '/var/lib/mock/alma+epel-10-x86_64/root/dev/shm'] with env {'TERM': 'vt100', 'SHELL': '/bin/sh', 'HOME': '/builddir', 'HOSTNAME': 'mock', 'PATH': '/usr/bin:/bin:/usr/sbin:/sbin', 'LANG': 'C.UTF-8'} and shell False
DEBUG util.py:610:  Child return code was: 0
DEBUG file_util.py:17:  ensuring that dir exists: /var/lib/mock/alma+epel-10-x86_64/root/dev/pts
DEBUG util.py:636:  child environment: None
DEBUG util.py:558:  Executing command: ['/bin/mount', '-n', '-t', 'devpts', '-o', 'gid=5,mode=0620,ptmxmode=0666,newinstance', 'devpts', '/var/lib/mock/alma+epel-10-x86_64/root/dev/pts'] with env {'TERM': 'vt100', 'SHELL': '/bin/sh', 'HOME': '/builddir', 'HOSTNAME': 'mock', 'PATH': '/usr/bin:/bin:/usr/sbin:/sbin', 'LANG': 'C.UTF-8'} and shell False
DEBUG util.py:610:  Child return code was: 0
DEBUG file_util.py:17:  ensuring that dir exists: /var/lib/mock/alma+epel-10-x86_64-bootstrap/root/var/lib/mock/alma+epel-10-x86_64/root
DEBUG util.py:636:  child environment: None
DEBUG util.py:558:  Executing command: ['/bin/mount', '-n', '-t', 'tmpfs', '-o', 'private,mode=0755', 'tmpfs', '/var/lib/mock/alma+epel-10-x86_64-bootstrap/root/var/lib/mock/alma+epel-10-x86_64/root'] with env {'TERM': 'vt100', 'SHELL': '/bin/sh', 'HOME': '/builddir', 'HOSTNAME': 'mock', 'PATH': '/usr/bin:/bin:/usr/sbin:/sbin', 'LANG': 'C.UTF-8'} and shell False
DEBUG util.py:610:  Child return code was: 0
DEBUG file_util.py:17:  ensuring that dir exists: /var/lib/mock/alma+epel-10-x86_64-bootstrap/root/var/lib/mock/alma+epel-10-x86_64/root
DEBUG util.py:636:  child environment: None
DEBUG util.py:558:  Executing command: ['/bin/mount', '-n', '-o', 'rbind', '/var/lib/mock/alma+epel-10-x86_64/root', '/var/lib/mock/alma+epel-10-x86_64-bootstrap/root/var/lib/mock/alma+epel-10-x86_64/root'] with env {'TERM': 'vt100', 'SHELL': '/bin/sh', 'HOME': '/builddir', 'HOSTNAME': 'mock', 'PATH': '/usr/bin:/bin:/usr/sbin:/sbin', 'LANG': 'C.UTF-8'} and shell False
DEBUG util.py:610:  Child return code was: 0
DEBUG util.py:636:  child environment: None
DEBUG util.py:558:  Executing command: ['/bin/mount', '-n', '-o', 'remount,private,rbind', '--target', '/var/lib/mock/alma+epel-10-x86_64-bootstrap/root/var/lib/mock/alma+epel-10-x86_64/root'] with env {'TERM': 'vt100', 'SHELL': '/bin/sh', 'HOME': '/builddir', 'HOSTNAME': 'mock', 'PATH': '/usr/bin:/bin:/usr/sbin:/sbin', 'LANG': 'C.UTF-8'} and shell False
DEBUG util.py:610:  Child return code was: 0
DEBUG file_util.py:17:  ensuring that dir exists: /var/lib/mock/alma+epel-10-x86_64/root/installation-homedir
DEBUG package_manager.py:295:  ['/usr/bin/dnf-3', '--installroot', '/var/lib/mock/alma+epel-10-x86_64/root/', '-y', '--releasever', '10', '--setopt=deltarpm=False', '--setopt=allow_vendor_change=yes', '--allowerasing', '--disableplugin=local', '--disableplugin=spacewalk', '--disableplugin=versionlock', 'update']
DEBUG util.py:636:  child environment: None
DEBUG util.py:553:  Using nspawn with args ['--capability=cap_ipc_lock', '--bind=/tmp/mock-resolv.mbuvd83v:/etc/resolv.conf']
DEBUG util.py:558:  Executing command: ['/usr/bin/systemd-nspawn', '-q', '-M', 'cfe8b1153c574577a1682bd6f4aedc8a', '-D', '/var/lib/mock/alma+epel-10-x86_64-bootstrap/root', '-a', '--capability=cap_ipc_lock', '--bind=/tmp/mock-resolv.mbuvd83v:/etc/resolv.conf', '--console=pipe', '--setenv=TERM=vt100', '--setenv=SHELL=/bin/bash', '--setenv=HOME=/var/lib/mock/alma+epel-10-x86_64/root/installation-homedir', '--setenv=HOSTNAME=mock', '--setenv=PATH=/usr/bin:/bin:/usr/sbin:/sbin', '--setenv=PROMPT_COMMAND=printf "\\033]0;<mock-chroot>\\007"', '--setenv=PS1=<mock-chroot> \\s-\\v\\$ ', '--setenv=LANG=C.UTF-8', '--setenv=LC_MESSAGES=C.UTF-8', '--resolv-conf=off', '/usr/bin/dnf-3', '--installroot', '/var/lib/mock/alma+epel-10-x86_64/root/', '-y', '--releasever', '10', '--setopt=deltarpm=False', '--setopt=allow_vendor_change=yes', '--allowerasing', '--disableplugin=local', '--disableplugin=spacewalk', '--disableplugin=versionlock', 'update'] with env {'TERM': 'vt100', 'SHELL': '/bin/bash', 'HOME': '/var/lib/mock/alma+epel-10-x86_64/root/installation-homedir', 'HOSTNAME': 'mock', 'PATH': '/usr/bin:/bin:/usr/sbin:/sbin', 'PROMPT_COMMAND': 'printf "\\033]0;<mock-chroot>\\007"', 'PS1': '<mock-chroot> \\s-\\v\\$ ', 'LANG': 'C.UTF-8', 'LC_MESSAGES': 'C.UTF-8', 'SYSTEMD_NSPAWN_TMPFS_TMP': '0', 'SYSTEMD_SECCOMP': '0'} and shell False
DEBUG util.py:461:  No matches found for the following disable plugin patterns: local, spacewalk, versionlock
DEBUG util.py:463:  AlmaLinux 10 - BaseOS                                                                                                                                        3.2 kB/s | 3.8 kB     00:01    
DEBUG util.py:463:  AlmaLinux 10 - AppStream                                                                                                                                     3.4 kB/s | 3.8 kB     00:01    
DEBUG util.py:463:  AlmaLinux 10 - CRB                                                                                                                                           3.9 kB/s | 3.8 kB     00:00    
DEBUG util.py:463:  AlmaLinux 10 - Extras                                                                                                                                        3.5 kB/s | 3.5 kB     00:00    
DEBUG util.py:463:  Extra Packages for Enterprise Linux 10 - x86_64                                                                                                              7.0 kB/s | 9.0 kB     00:01    
DEBUG util.py:463:  mock-localrepo                                                                                                                                               1.5 MB/s | 1.5 kB     00:00    
DEBUG util.py:463:  Dependencies resolved.
DEBUG util.py:463:  Nothing to do.
DEBUG util.py:463:  Complete!
DEBUG util.py:610:  Child return code was: 0
DEBUG util.py:185:  kill orphans in chroot /var/lib/mock/alma+epel-10-x86_64/root
DEBUG util.py:185:  kill orphans in chroot /var/lib/mock/alma+epel-10-x86_64-bootstrap/root/var/lib/mock/alma+epel-10-x86_64/root
DEBUG util.py:636:  child environment: None
DEBUG util.py:558:  Executing command: ['/bin/umount', '-n', '-l', '/var/lib/mock/alma+epel-10-x86_64-bootstrap/root/var/lib/mock/alma+epel-10-x86_64/root'] with env {'TERM': 'vt100', 'SHELL': '/bin/sh', 'HOME': '/builddir', 'HOSTNAME': 'mock', 'PATH': '/usr/bin:/bin:/usr/sbin:/sbin', 'LANG': 'C.UTF-8'} and shell False
DEBUG util.py:610:  Child return code was: 0
DEBUG util.py:636:  child environment: None
DEBUG util.py:558:  Executing command: ['/bin/umount', '-n', '-l', '/var/lib/mock/alma+epel-10-x86_64-bootstrap/root/var/lib/mock/alma+epel-10-x86_64/root'] with env {'TERM': 'vt100', 'SHELL': '/bin/sh', 'HOME': '/builddir', 'HOSTNAME': 'mock', 'PATH': '/usr/bin:/bin:/usr/sbin:/sbin', 'LANG': 'C.UTF-8'} and shell False
DEBUG util.py:610:  Child return code was: 0
DEBUG util.py:636:  child environment: None
DEBUG util.py:558:  Executing command: ['/bin/umount', '-n', '-l', '/var/lib/mock/alma+epel-10-x86_64/root/dev/pts'] with env {'TERM': 'vt100', 'SHELL': '/bin/sh', 'HOME': '/builddir', 'HOSTNAME': 'mock', 'PATH': '/usr/bin:/bin:/usr/sbin:/sbin', 'LANG': 'C.UTF-8'} and shell False
DEBUG util.py:610:  Child return code was: 0
DEBUG util.py:636:  child environment: None
DEBUG util.py:558:  Executing command: ['/bin/umount', '-n', '-l', '/var/lib/mock/alma+epel-10-x86_64/root/dev/shm'] with env {'TERM': 'vt100', 'SHELL': '/bin/sh', 'HOME': '/builddir', 'HOSTNAME': 'mock', 'PATH': '/usr/bin:/bin:/usr/sbin:/sbin', 'LANG': 'C.UTF-8'} and shell False
DEBUG util.py:610:  Child return code was: 0
DEBUG util.py:636:  child environment: None
DEBUG util.py:558:  Executing command: ['/bin/umount', '-n', '-l', '/var/lib/mock/alma+epel-10-x86_64/root/sys'] with env {'TERM': 'vt100', 'SHELL': '/bin/sh', 'HOME': '/builddir', 'HOSTNAME': 'mock', 'PATH': '/usr/bin:/bin:/usr/sbin:/sbin', 'LANG': 'C.UTF-8'} and shell False
DEBUG util.py:610:  Child return code was: 0
DEBUG util.py:636:  child environment: None
DEBUG util.py:558:  Executing command: ['/bin/umount', '-n', '-l', '/var/lib/mock/alma+epel-10-x86_64/root/sys'] with env {'TERM': 'vt100', 'SHELL': '/bin/sh', 'HOME': '/builddir', 'HOSTNAME': 'mock', 'PATH': '/usr/bin:/bin:/usr/sbin:/sbin', 'LANG': 'C.UTF-8'} and shell False
DEBUG util.py:610:  Child return code was: 0
DEBUG util.py:636:  child environment: None
DEBUG util.py:558:  Executing command: ['/bin/umount', '-n', '-l', '/var/lib/mock/alma+epel-10-x86_64/root/proc'] with env {'TERM': 'vt100', 'SHELL': '/bin/sh', 'HOME': '/builddir', 'HOSTNAME': 'mock', 'PATH': '/usr/bin:/bin:/usr/sbin:/sbin', 'LANG': 'C.UTF-8'} and shell False
DEBUG util.py:610:  Child return code was: 0
DEBUG util.py:636:  child environment: None
DEBUG util.py:558:  Executing command: ['/bin/umount', '-n', '-l', '/var/lib/mock/alma+epel-10-x86_64/root/proc'] with env {'TERM': 'vt100', 'SHELL': '/bin/sh', 'HOME': '/builddir', 'HOSTNAME': 'mock', 'PATH': '/usr/bin:/bin:/usr/sbin:/sbin', 'LANG': 'C.UTF-8'} and shell False
DEBUG util.py:610:  Child return code was: 0
DEBUG file_util.py:17:  ensuring that dir exists: /var/lib/mock/alma+epel-10-x86_64-bootstrap/root/var/lib/mock/alma+epel-10-x86_64/root
DEBUG util.py:636:  child environment: None
DEBUG util.py:558:  Executing command: ['/bin/mount', '-n', '-t', 'tmpfs', '-o', 'private,mode=0755', 'tmpfs', '/var/lib/mock/alma+epel-10-x86_64-bootstrap/root/var/lib/mock/alma+epel-10-x86_64/root'] with env {'TERM': 'vt100', 'SHELL': '/bin/sh', 'HOME': '/builddir', 'HOSTNAME': 'mock', 'PATH': '/usr/bin:/bin:/usr/sbin:/sbin', 'LANG': 'C.UTF-8'} and shell False
DEBUG util.py:610:  Child return code was: 0
DEBUG file_util.py:17:  ensuring that dir exists: /var/lib/mock/alma+epel-10-x86_64-bootstrap/root/var/lib/mock/alma+epel-10-x86_64/root
DEBUG util.py:636:  child environment: None
DEBUG util.py:558:  Executing command: ['/bin/mount', '-n', '-o', 'rbind', '/var/lib/mock/alma+epel-10-x86_64/root', '/var/lib/mock/alma+epel-10-x86_64-bootstrap/root/var/lib/mock/alma+epel-10-x86_64/root'] with env {'TERM': 'vt100', 'SHELL': '/bin/sh', 'HOME': '/builddir', 'HOSTNAME': 'mock', 'PATH': '/usr/bin:/bin:/usr/sbin:/sbin', 'LANG': 'C.UTF-8'} and shell False
DEBUG util.py:610:  Child return code was: 0
DEBUG util.py:636:  child environment: None
DEBUG util.py:558:  Executing command: ['/bin/mount', '-n', '-o', 'remount,private,rbind', '--target', '/var/lib/mock/alma+epel-10-x86_64-bootstrap/root/var/lib/mock/alma+epel-10-x86_64/root'] with env {'TERM': 'vt100', 'SHELL': '/bin/sh', 'HOME': '/builddir', 'HOSTNAME': 'mock', 'PATH': '/usr/bin:/bin:/usr/sbin:/sbin', 'LANG': 'C.UTF-8'} and shell False
DEBUG util.py:610:  Child return code was: 0
DEBUG util.py:636:  child environment: None
DEBUG util.py:553:  Using nspawn with args ['--capability=cap_ipc_lock', '--bind=/tmp/mock-resolv.mbuvd83v:/etc/resolv.conf']
DEBUG util.py:558:  Executing command: ['/usr/bin/systemd-nspawn', '-q', '-M', '97fb466c197841c0b0e487d233e0493d', '-D', '/var/lib/mock/alma+epel-10-x86_64-bootstrap/root', '-a', '--capability=cap_ipc_lock', '--bind=/tmp/mock-resolv.mbuvd83v:/etc/resolv.conf', '--console=pipe', '--setenv=TERM=vt100', '--setenv=SHELL=/bin/bash', '--setenv=HOME=/builddir', '--setenv=HOSTNAME=mock', '--setenv=PATH=/usr/bin:/bin:/usr/sbin:/sbin', '--setenv=PROMPT_COMMAND=printf "\\033]0;<mock-chroot>\\007"', '--setenv=PS1=<mock-chroot> \\s-\\v\\$ ', '--setenv=LANG=C.UTF-8', '--resolv-conf=off', '/bin/rpm', '-qa', '--root', '/var/lib/mock/alma+epel-10-x86_64/root'] with env {'TERM': 'vt100', 'SHELL': '/bin/bash', 'HOME': '/builddir', 'HOSTNAME': 'mock', 'PATH': '/usr/bin:/bin:/usr/sbin:/sbin', 'PROMPT_COMMAND': 'printf "\\033]0;<mock-chroot>\\007"', 'PS1': '<mock-chroot> \\s-\\v\\$ ', 'LANG': 'C.UTF-8', 'SYSTEMD_NSPAWN_TMPFS_TMP': '0', 'SYSTEMD_SECCOMP': '0'} and shell False
DEBUG util.py:463:  gpg-pubkey-c2a1e572-668fe8ef
DEBUG util.py:463:  gpg-pubkey-e37ed158-65785fa9
DEBUG util.py:463:  libgcc-14.3.1-4.4.el10.alma.2.x86_64
DEBUG util.py:463:  ghc-srpm-macros-1.9.2-1.el10_0.noarch
DEBUG util.py:463:  fpc-srpm-macros-1.3-7.el10_1.noarch
DEBUG util.py:463:  ansible-srpm-macros-1-21.el10_2.noarch
DEBUG util.py:463:  rust-toolset-srpm-macros-1.92.0-1.el10.alma.1.noarch
DEBUG util.py:463:  qt6-srpm-macros-6.10.1-1.el10.noarch
DEBUG util.py:463:  perl-srpm-macros-1-57.el10.noarch
DEBUG util.py:463:  package-notes-srpm-macros-0.5-13.el10.noarch
DEBUG util.py:463:  openblas-srpm-macros-2-19.el10.noarch
DEBUG util.py:463:  ocaml-srpm-macros-10-4.el10.noarch
DEBUG util.py:463:  kernel-srpm-macros-1.0-27.el10.noarch
DEBUG util.py:463:  publicsuffix-list-dafsa-20240107-5.el10.noarch
DEBUG util.py:463:  pkgconf-m4-2.1.0-3.el10.noarch
DEBUG util.py:463:  pcre2-syntax-10.44-1.el10.3.noarch
DEBUG util.py:463:  ncurses-base-6.4-15.20240127.el10_1.noarch
DEBUG util.py:463:  libssh-config-0.12.0-2.el10.noarch
DEBUG util.py:463:  coreutils-common-9.5-8.el10_2.x86_64
DEBUG util.py:463:  almalinux-gpg-keys-10.2-21.el10.x86_64
DEBUG util.py:463:  almalinux-release-10.2-21.el10.x86_64
DEBUG util.py:463:  almalinux-repos-10.2-21.el10.x86_64
DEBUG util.py:463:  setup-2.14.5-7.el10.noarch
DEBUG util.py:463:  filesystem-3.18-17.el10.x86_64
DEBUG util.py:463:  basesystem-11-22.el10.noarch
DEBUG util.py:463:  glibc-gconv-extra-2.39-126.el10_2.alma.1.x86_64
DEBUG util.py:463:  ncurses-libs-6.4-15.20240127.el10_1.x86_64
DEBUG util.py:463:  glibc-2.39-126.el10_2.alma.1.x86_64
DEBUG util.py:463:  bash-5.2.26-6.el10.x86_64
DEBUG util.py:463:  glibc-common-2.39-126.el10_2.alma.1.x86_64
DEBUG util.py:463:  glibc-minimal-langpack-2.39-126.el10_2.alma.1.x86_64
DEBUG util.py:463:  zlib-ng-compat-2.2.3-3.el10_1.x86_64
DEBUG util.py:463:  bzip2-libs-1.0.8-25.el10.x86_64
DEBUG util.py:463:  xz-libs-5.6.2-4.el10_0.x86_64
DEBUG util.py:463:  libstdc++-14.3.1-4.4.el10.alma.2.x86_64
DEBUG util.py:463:  libuuid-2.40.2-18.el10.x86_64
DEBUG util.py:463:  popt-1.19-8.el10.x86_64
DEBUG util.py:463:  readline-8.2-11.el10.x86_64
DEBUG util.py:463:  libblkid-2.40.2-18.el10.x86_64
DEBUG util.py:463:  gmp-6.2.1-12.el10.x86_64
DEBUG util.py:463:  libattr-2.5.2-5.el10.x86_64
DEBUG util.py:463:  libacl-2.3.2-4.el10.x86_64
DEBUG util.py:463:  libxcrypt-4.4.36-10.el10.x86_64
DEBUG util.py:463:  libzstd-1.5.5-9.el10.x86_64
DEBUG util.py:463:  elfutils-libelf-0.194-2.el10_2.x86_64
DEBUG util.py:463:  crypto-policies-20260216-1.git0e54016.el10.alma.1.noarch
DEBUG util.py:463:  gdbm-libs-1.23-12.el10_0.x86_64
DEBUG util.py:463:  libeconf-0.6.2-4.el10.x86_64
DEBUG util.py:463:  dwz-0.16-1.el10.x86_64
DEBUG util.py:463:  mpfr-4.2.1-8.el10.x86_64
DEBUG util.py:463:  gawk-5.3.0-6.el10.x86_64
DEBUG util.py:463:  unzip-6.0-69.el10.x86_64
DEBUG util.py:463:  file-libs-5.45-9.el10.x86_64
DEBUG util.py:463:  file-5.45-9.el10.x86_64
DEBUG util.py:463:  alternatives-1.30-2.el10.x86_64
DEBUG util.py:463:  jansson-2.14-3.el10.x86_64
DEBUG util.py:463:  libcap-ng-0.8.4-6.el10.x86_64
DEBUG util.py:463:  audit-libs-4.0.3-5.el10.x86_64
DEBUG util.py:463:  pam-libs-1.6.1-9.el10.x86_64
DEBUG util.py:463:  libcap-2.69-7.el10_2.1.x86_64
DEBUG util.py:463:  systemd-libs-257-23.el10_2.2.alma.1.x86_64
DEBUG util.py:463:  libffi-3.4.4-10.el10.x86_64
DEBUG util.py:463:  libsepol-3.10-1.el10.x86_64
DEBUG util.py:463:  libsmartcols-2.40.2-18.el10.x86_64
DEBUG util.py:463:  libtasn1-4.20.0-5.el10_2.x86_64
DEBUG util.py:463:  libunistring-1.1-10.el10.x86_64
DEBUG util.py:463:  libidn2-2.3.7-3.el10.x86_64
DEBUG util.py:463:  lua-libs-5.4.6-7.el10.x86_64
DEBUG util.py:463:  lz4-libs-1.9.4-8.el10.x86_64
DEBUG util.py:463:  pcre2-10.44-1.el10.3.x86_64
DEBUG util.py:463:  libselinux-3.10-1.el10.x86_64
DEBUG util.py:463:  sed-4.9-5.el10.x86_64
DEBUG util.py:463:  findutils-4.10.0-5.el10.x86_64
DEBUG util.py:463:  grep-3.11-10.el10.x86_64
DEBUG util.py:463:  xz-5.6.2-4.el10_0.x86_64
DEBUG util.py:463:  libmount-2.40.2-18.el10.x86_64
DEBUG util.py:463:  util-linux-core-2.40.2-18.el10.x86_64
DEBUG util.py:463:  libsemanage-3.10-1.el10.x86_64
DEBUG util.py:463:  shadow-utils-4.15.0-11.el10.x86_64
DEBUG util.py:463:  libutempter-1.2.1-15.el10.x86_64
DEBUG util.py:463:  tar-1.35-11.el10.x86_64
DEBUG util.py:463:  zstd-1.5.5-9.el10.x86_64
DEBUG util.py:463:  libpsl-0.21.5-6.el10.x86_64
DEBUG util.py:463:  p11-kit-0.26.2-1.el10.x86_64
DEBUG util.py:463:  p11-kit-trust-0.26.2-1.el10.x86_64
DEBUG util.py:463:  openssl-fips-provider-3.5.5-4.el10_2.alma.1.x86_64
DEBUG util.py:463:  openssl-libs-3.5.5-4.el10_2.alma.1.x86_64
DEBUG util.py:463:  coreutils-9.5-8.el10_2.x86_64
DEBUG util.py:463:  ca-certificates-2025.2.80_v9.0.305-102.el10_1.noarch
DEBUG util.py:463:  authselect-libs-1.5.2-1.el10.x86_64
DEBUG util.py:463:  gzip-1.13-3.el10.x86_64
DEBUG util.py:463:  cracklib-2.9.11-8.el10.x86_64
DEBUG util.py:463:  cracklib-dicts-2.9.11-8.el10.x86_64
DEBUG util.py:463:  libpwquality-1.4.5-12.el10.x86_64
DEBUG util.py:463:  libevent-2.1.12-16.el10.x86_64
DEBUG util.py:463:  rpm-sequoia-1.10.1.1-2.el10.x86_64
DEBUG util.py:463:  zip-3.0-45.el10.x86_64
DEBUG util.py:463:  cyrus-sasl-lib-2.1.28-30.el10_2.x86_64
DEBUG util.py:463:  openldap-2.6.10-1.el10.x86_64
DEBUG util.py:463:  gdbm-1.23-12.el10_0.x86_64
DEBUG util.py:463:  pam-1.6.1-9.el10.x86_64
DEBUG util.py:463:  libfdisk-2.40.2-18.el10.x86_64
DEBUG util.py:463:  libxml2-2.12.5-10.el10_2.1.x86_64
DEBUG util.py:463:  libarchive-3.7.7-8.el10_1.x86_64
DEBUG util.py:463:  bzip2-1.0.8-25.el10.x86_64
DEBUG util.py:463:  sqlite-libs-3.46.1-5.el10_1.x86_64
DEBUG util.py:463:  rpm-libs-4.19.1.1-23.el10.alma.1.x86_64
DEBUG util.py:463:  ed-1.20-5.el10.x86_64
DEBUG util.py:463:  patch-2.7.6-26.el10.x86_64
DEBUG util.py:463:  elfutils-default-yama-scope-0.194-2.el10_2.noarch
DEBUG util.py:463:  cpio-2.15-3.el10.x86_64
DEBUG util.py:463:  diffutils-3.10-8.el10.x86_64
DEBUG util.py:463:  json-c-0.18-3.el10.x86_64
DEBUG util.py:463:  keyutils-libs-1.6.3-5.el10.x86_64
DEBUG util.py:463:  libbrotli-1.1.0-7.el10_1.x86_64
DEBUG util.py:463:  libcbor-0.11.0-3.el10.x86_64
DEBUG util.py:463:  libfido2-1.14.0-7.el10.x86_64
DEBUG util.py:463:  libcom_err-1.47.1-5.el10.x86_64
DEBUG util.py:463:  libgomp-14.3.1-4.4.el10.alma.2.x86_64
DEBUG util.py:463:  libnghttp2-1.68.0-3.el10_2.1.x86_64
DEBUG util.py:463:  libpkgconf-2.1.0-3.el10.x86_64
DEBUG util.py:463:  pkgconf-2.1.0-3.el10.x86_64
DEBUG util.py:463:  pkgconf-pkg-config-2.1.0-3.el10.x86_64
DEBUG util.py:463:  libverto-0.3.2-10.el10.x86_64
DEBUG util.py:463:  krb5-libs-1.21.3-10.el10_2.x86_64
DEBUG util.py:463:  libssh-0.12.0-2.el10.x86_64
DEBUG util.py:463:  libcurl-8.12.1-4.el10.x86_64
DEBUG util.py:463:  elfutils-libs-0.194-2.el10_2.x86_64
DEBUG util.py:463:  elfutils-debuginfod-client-0.194-2.el10_2.x86_64
DEBUG util.py:463:  binutils-gold-2.41-63.el10.alma.1.x86_64
DEBUG util.py:463:  binutils-2.41-63.el10.alma.1.x86_64
DEBUG util.py:463:  elfutils-0.194-2.el10_2.x86_64
DEBUG util.py:463:  gdb-minimal-16.3-3.el10.x86_64
DEBUG util.py:463:  debugedit-5.1-8.el10.x86_64
DEBUG util.py:463:  rpm-build-libs-4.19.1.1-23.el10.alma.1.x86_64
DEBUG util.py:463:  curl-8.12.1-4.el10.x86_64
DEBUG util.py:463:  rpm-4.19.1.1-23.el10.alma.1.x86_64
DEBUG util.py:463:  efi-srpm-macros-6-6.el10.alma.1.noarch
DEBUG util.py:463:  lua-srpm-macros-1-15.el10.noarch
DEBUG util.py:463:  fonts-srpm-macros-2.0.5-18.el10.noarch
DEBUG util.py:463:  forge-srpm-macros-0.4.0-6.el10.noarch
DEBUG util.py:463:  go-srpm-macros-3.8.0-1.el10.noarch
DEBUG util.py:463:  python-srpm-macros-3.12-11.el10.noarch
DEBUG util.py:463:  redhat-rpm-config-295-1.el10.alma.1.noarch
DEBUG util.py:463:  rpm-build-4.19.1.1-23.el10.alma.1.x86_64
DEBUG util.py:463:  pyproject-srpm-macros-1.18.5-1.el10.noarch
DEBUG util.py:463:  R-srpm-macros-1.3.7-1.el10_2.noarch
DEBUG util.py:463:  epel-rpm-macros-10-7.el10_2.noarch
DEBUG util.py:463:  util-linux-2.40.2-18.el10.x86_64
DEBUG util.py:463:  authselect-1.5.2-1.el10.x86_64
DEBUG util.py:463:  which-2.21-44.el10_0.x86_64
DEBUG util.py:463:  info-7.1-6.el10.x86_64
DEBUG util.py:610:  Child return code was: 0
DEBUG util.py:185:  kill orphans in chroot /var/lib/mock/alma+epel-10-x86_64/root
DEBUG util.py:185:  kill orphans in chroot /var/lib/mock/alma+epel-10-x86_64-bootstrap/root/var/lib/mock/alma+epel-10-x86_64/root
DEBUG util.py:636:  child environment: None
DEBUG util.py:558:  Executing command: ['/bin/umount', '-n', '-l', '/var/lib/mock/alma+epel-10-x86_64-bootstrap/root/var/lib/mock/alma+epel-10-x86_64/root'] with env {'TERM': 'vt100', 'SHELL': '/bin/sh', 'HOME': '/builddir', 'HOSTNAME': 'mock', 'PATH': '/usr/bin:/bin:/usr/sbin:/sbin', 'LANG': 'C.UTF-8'} and shell False
DEBUG util.py:610:  Child return code was: 0
DEBUG util.py:636:  child environment: None
DEBUG util.py:558:  Executing command: ['/bin/umount', '-n', '-l', '/var/lib/mock/alma+epel-10-x86_64-bootstrap/root/var/lib/mock/alma+epel-10-x86_64/root'] with env {'TERM': 'vt100', 'SHELL': '/bin/sh', 'HOME': '/builddir', 'HOSTNAME': 'mock', 'PATH': '/usr/bin:/bin:/usr/sbin:/sbin', 'LANG': 'C.UTF-8'} and shell False
DEBUG util.py:610:  Child return code was: 0
DEBUG file_util.py:17:  ensuring that dir exists: /var/lib/mock/alma+epel-10-x86_64/root/builddir/build
DEBUG file_util.py:17:  ensuring that dir exists: /var/lib/mock/alma+epel-10-x86_64/root/builddir/build/RPMS
DEBUG file_util.py:20:  created dir: /var/lib/mock/alma+epel-10-x86_64/root/builddir/build/RPMS
DEBUG file_util.py:17:  ensuring that dir exists: /var/lib/mock/alma+epel-10-x86_64/root/builddir/build/SPECS
DEBUG file_util.py:20:  created dir: /var/lib/mock/alma+epel-10-x86_64/root/builddir/build/SPECS
DEBUG file_util.py:17:  ensuring that dir exists: /var/lib/mock/alma+epel-10-x86_64/root/builddir/build/SRPMS
DEBUG file_util.py:20:  created dir: /var/lib/mock/alma+epel-10-x86_64/root/builddir/build/SRPMS
DEBUG file_util.py:17:  ensuring that dir exists: /var/lib/mock/alma+epel-10-x86_64/root/builddir/build/SOURCES
DEBUG file_util.py:17:  ensuring that dir exists: /var/lib/mock/alma+epel-10-x86_64/root/builddir/build/BUILD
DEBUG file_util.py:20:  created dir: /var/lib/mock/alma+epel-10-x86_64/root/builddir/build/BUILD
DEBUG file_util.py:17:  ensuring that dir exists: /var/lib/mock/alma+epel-10-x86_64/root/builddir/build/BUILDROOT
DEBUG file_util.py:20:  created dir: /var/lib/mock/alma+epel-10-x86_64/root/builddir/build/BUILDROOT
DEBUG file_util.py:17:  ensuring that dir exists: /var/lib/mock/alma+epel-10-x86_64/root/builddir/build/originals
DEBUG file_util.py:20:  created dir: /var/lib/mock/alma+epel-10-x86_64/root/builddir/build/originals
DEBUG file_util.py:17:  ensuring that dir exists: /var/lib/mock/alma+epel-10-x86_64/root/builddir
DEBUG util.py:636:  child environment: None
DEBUG util.py:558:  Executing command: ['userdel', '-f', 'mockbuild', '--prefix', '/var/lib/mock/alma+epel-10-x86_64/root'] with env {'TERM': 'vt100', 'SHELL': '/bin/sh', 'HOME': '/builddir', 'HOSTNAME': 'mock', 'PATH': '/usr/bin:/bin:/usr/sbin:/sbin', 'LANG': 'C.UTF-8'} and shell False
DEBUG util.py:610:  Child return code was: 0
DEBUG util.py:636:  child environment: None
DEBUG util.py:558:  Executing command: ['groupdel', 'mock', '--prefix', '/var/lib/mock/alma+epel-10-x86_64/root'] with env {'TERM': 'vt100', 'SHELL': '/bin/sh', 'HOME': '/builddir', 'HOSTNAME': 'mock', 'PATH': '/usr/bin:/bin:/usr/sbin:/sbin', 'LANG': 'C.UTF-8'} and shell False
DEBUG util.py:610:  Child return code was: 0
DEBUG util.py:636:  child environment: None
DEBUG util.py:558:  Executing command: ['groupadd', 'mock', '-g', '135', '--prefix', '/var/lib/mock/alma+epel-10-x86_64/root'] with env {'TERM': 'vt100', 'SHELL': '/bin/sh', 'HOME': '/builddir', 'HOSTNAME': 'mock', 'PATH': '/usr/bin:/bin:/usr/sbin:/sbin', 'LANG': 'C.UTF-8'} and shell False
DEBUG util.py:610:  Child return code was: 0
DEBUG util.py:636:  child environment: None
DEBUG util.py:558:  Executing command: ['useradd', 'mockbuild', '-o', '-u', '0', '-g', '135', '-N', '-d', '/builddir', '--prefix', '/var/lib/mock/alma+epel-10-x86_64/root'] with env {'TERM': 'vt100', 'SHELL': '/bin/sh', 'HOME': '/builddir', 'HOSTNAME': 'mock', 'PATH': '/usr/bin:/bin:/usr/sbin:/sbin', 'LANG': 'C.UTF-8'} and shell False
DEBUG util.py:461:  useradd warning: mockbuild's uid 0 outside of the UID_MIN 1000 and UID_MAX 60000 range.
DEBUG util.py:461:  useradd: warning: the home directory /builddir already exists.
DEBUG util.py:461:  useradd: Not copying any file from skel directory into it.
DEBUG util.py:461:  Creating mailbox file: File exists
DEBUG util.py:610:  Child return code was: 0
DEBUG file_util.py:29:  touching file: /var/lib/mock/alma+epel-10-x86_64/root/.initialized
DEBUG file_util.py:17:  ensuring that dir exists: /root/mock-localrepo
DEBUG file_util.py:17:  ensuring that dir exists: /var/lib/mock/alma+epel-10-x86_64/root/root/mock-localrepo
DEBUG file_util.py:20:  created dir: /var/lib/mock/alma+epel-10-x86_64/root/root/mock-localrepo
DEBUG file_util.py:17:  ensuring that dir exists: /var/lib/mock/alma+epel-10-x86_64/root/root/mock-localrepo
DEBUG util.py:636:  child environment: None
DEBUG util.py:558:  Executing command: ['/bin/mount', '-n', '-o', 'bind', '/root/mock-localrepo', '/var/lib/mock/alma+epel-10-x86_64/root/root/mock-localrepo'] with env {'TERM': 'vt100', 'SHELL': '/bin/sh', 'HOME': '/builddir', 'HOSTNAME': 'mock', 'PATH': '/usr/bin:/bin:/usr/sbin:/sbin', 'LANG': 'C.UTF-8'} and shell False
DEBUG util.py:610:  Child return code was: 0
DEBUG util.py:636:  child environment: None
DEBUG util.py:553:  Using nspawn with args ['--capability=cap_ipc_lock', '--bind=/tmp/mock-resolv.4ccbjwan:/etc/resolv.conf', '--bind=/dev/btrfs-control', '--bind=/dev/mapper/control', '--bind=/dev/fuse', '--bind=/dev/loop-control', '--bind=/dev/loop0', '--bind=/dev/loop1', '--bind=/dev/loop2', '--bind=/dev/loop3', '--bind=/dev/loop4', '--bind=/dev/loop5', '--bind=/dev/loop6', '--bind=/dev/loop7', '--bind=/dev/loop8', '--bind=/dev/loop9', '--bind=/dev/loop10', '--bind=/dev/loop11']
DEBUG util.py:558:  Executing command: ['/usr/bin/systemd-nspawn', '-q', '-M', 'f16a5776a2054b32bfa7ce3953927770', '-D', '/var/lib/mock/alma+epel-10-x86_64/root', '-a', '-u', 'mockbuild', '--capability=cap_ipc_lock', '--bind=/tmp/mock-resolv.4ccbjwan:/etc/resolv.conf', '--bind=/dev/btrfs-control', '--bind=/dev/mapper/control', '--bind=/dev/fuse', '--bind=/dev/loop-control', '--bind=/dev/loop0', '--bind=/dev/loop1', '--bind=/dev/loop2', '--bind=/dev/loop3', '--bind=/dev/loop4', '--bind=/dev/loop5', '--bind=/dev/loop6', '--bind=/dev/loop7', '--bind=/dev/loop8', '--bind=/dev/loop9', '--bind=/dev/loop10', '--bind=/dev/loop11', '--console=pipe', '--setenv=TERM=vt100', '--setenv=SHELL=/bin/bash', '--setenv=HOME=/builddir', '--setenv=HOSTNAME=mock', '--setenv=PATH=/usr/bin:/bin:/usr/sbin:/sbin', '--setenv=PROMPT_COMMAND=printf "\\033]0;<mock-chroot>\\007"', '--setenv=PS1=<mock-chroot> \\s-\\v\\$ ', '--setenv=LANG=C.UTF-8', '--resolv-conf=off', '/bin/rpm', '-Uvh', '--nodeps', '/builddir/build/originals/nginx-1.30.3-1.alma10.ngx.src.rpm'] with env {'TERM': 'vt100', 'SHELL': '/bin/bash', 'HOME': '/builddir', 'HOSTNAME': 'mock', 'PATH': '/usr/bin:/bin:/usr/sbin:/sbin', 'PROMPT_COMMAND': 'printf "\\033]0;<mock-chroot>\\007"', 'PS1': '<mock-chroot> \\s-\\v\\$ ', 'LANG': 'C.UTF-8', 'SYSTEMD_NSPAWN_TMPFS_TMP': '0', 'SYSTEMD_SECCOMP': '0'} and shell False
DEBUG util.py:463:  Updating / installing...
DEBUG util.py:463:  nginx-2:1.30.3-1.alma10.ngx           ########################################
DEBUG util.py:610:  Child return code was: 0
DEBUG util.py:636:  child environment: None
DEBUG util.py:553:  Using nspawn with args ['--capability=cap_ipc_lock', '--bind=/tmp/mock-resolv.4ccbjwan:/etc/resolv.conf', '--bind=/dev/btrfs-control', '--bind=/dev/mapper/control', '--bind=/dev/fuse', '--bind=/dev/loop-control', '--bind=/dev/loop0', '--bind=/dev/loop1', '--bind=/dev/loop2', '--bind=/dev/loop3', '--bind=/dev/loop4', '--bind=/dev/loop5', '--bind=/dev/loop6', '--bind=/dev/loop7', '--bind=/dev/loop8', '--bind=/dev/loop9', '--bind=/dev/loop10', '--bind=/dev/loop11']
DEBUG util.py:558:  Executing command: ['/usr/bin/systemd-nspawn', '-q', '-M', '6846f5a520b94329997a69444d734b0b', '-D', '/var/lib/mock/alma+epel-10-x86_64/root', '-a', '-u', 'mockbuild', '--capability=cap_ipc_lock', '--bind=/tmp/mock-resolv.4ccbjwan:/etc/resolv.conf', '--bind=/dev/btrfs-control', '--bind=/dev/mapper/control', '--bind=/dev/fuse', '--bind=/dev/loop-control', '--bind=/dev/loop0', '--bind=/dev/loop1', '--bind=/dev/loop2', '--bind=/dev/loop3', '--bind=/dev/loop4', '--bind=/dev/loop5', '--bind=/dev/loop6', '--bind=/dev/loop7', '--bind=/dev/loop8', '--bind=/dev/loop9', '--bind=/dev/loop10', '--bind=/dev/loop11', '--console=pipe', '--setenv=TERM=vt100', '--setenv=SHELL=/bin/bash', '--setenv=HOME=/builddir', '--setenv=HOSTNAME=mock', '--setenv=PATH=/usr/bin:/bin:/usr/sbin:/sbin', '--setenv=PROMPT_COMMAND=printf "\\033]0;<mock-chroot>\\007"', '--setenv=PS1=<mock-chroot> \\s-\\v\\$ ', '--setenv=LANG=C.UTF-8', '--resolv-conf=off', '/bin/rpm', '-qpl', '/builddir/build/originals/nginx-1.30.3-1.alma10.ngx.src.rpm'] with env {'TERM': 'vt100', 'SHELL': '/bin/bash', 'HOME': '/builddir', 'HOSTNAME': 'mock', 'PATH': '/usr/bin:/bin:/usr/sbin:/sbin', 'PROMPT_COMMAND': 'printf "\\033]0;<mock-chroot>\\007"', 'PS1': '<mock-chroot> \\s-\\v\\$ ', 'LANG': 'C.UTF-8', 'SYSTEMD_NSPAWN_TMPFS_TMP': '0', 'SYSTEMD_SECCOMP': '0'} and shell False
DEBUG util.py:463:  0.1.1.tar.gz
DEBUG util.py:463:  logrotate
DEBUG util.py:463:  nginx-1.30.3.tar.gz
DEBUG util.py:463:  nginx-debug.service
DEBUG util.py:463:  nginx.check-reload.sh
DEBUG util.py:463:  nginx.conf
DEBUG util.py:463:  nginx.copyright
DEBUG util.py:463:  nginx.default.conf
DEBUG util.py:463:  nginx.service
DEBUG util.py:463:  nginx.spec
DEBUG util.py:463:  nginx.suse.logrotate
DEBUG util.py:463:  nginx.upgrade.sh
DEBUG util.py:463:  openssl-3.5.7.tar.gz
DEBUG util.py:463:  v1.0.4.tar.gz
DEBUG util.py:610:  Child return code was: 0
DEBUG file_util.py:17:  ensuring that dir exists: /var/lib/mock/alma+epel-10-x86_64-bootstrap/root/var/lib/mock/alma+epel-10-x86_64/root
DEBUG util.py:636:  child environment: None
DEBUG util.py:558:  Executing command: ['/bin/mount', '-n', '-t', 'tmpfs', '-o', 'private,mode=0755', 'tmpfs', '/var/lib/mock/alma+epel-10-x86_64-bootstrap/root/var/lib/mock/alma+epel-10-x86_64/root'] with env {'TERM': 'vt100', 'SHELL': '/bin/sh', 'HOME': '/builddir', 'HOSTNAME': 'mock', 'PATH': '/usr/bin:/bin:/usr/sbin:/sbin', 'LANG': 'C.UTF-8'} and shell False
DEBUG util.py:610:  Child return code was: 0
DEBUG file_util.py:17:  ensuring that dir exists: /var/lib/mock/alma+epel-10-x86_64-bootstrap/root/var/lib/mock/alma+epel-10-x86_64/root
DEBUG util.py:636:  child environment: None
DEBUG util.py:558:  Executing command: ['/bin/mount', '-n', '-o', 'rbind', '/var/lib/mock/alma+epel-10-x86_64/root', '/var/lib/mock/alma+epel-10-x86_64-bootstrap/root/var/lib/mock/alma+epel-10-x86_64/root'] with env {'TERM': 'vt100', 'SHELL': '/bin/sh', 'HOME': '/builddir', 'HOSTNAME': 'mock', 'PATH': '/usr/bin:/bin:/usr/sbin:/sbin', 'LANG': 'C.UTF-8'} and shell False
DEBUG util.py:610:  Child return code was: 0
DEBUG util.py:636:  child environment: None
DEBUG util.py:558:  Executing command: ['/bin/mount', '-n', '-o', 'remount,private,rbind', '--target', '/var/lib/mock/alma+epel-10-x86_64-bootstrap/root/var/lib/mock/alma+epel-10-x86_64/root'] with env {'TERM': 'vt100', 'SHELL': '/bin/sh', 'HOME': '/builddir', 'HOSTNAME': 'mock', 'PATH': '/usr/bin:/bin:/usr/sbin:/sbin', 'LANG': 'C.UTF-8'} and shell False
DEBUG util.py:610:  Child return code was: 0
DEBUG util.py:636:  child environment: None
DEBUG util.py:553:  Using nspawn with args ['--capability=cap_ipc_lock', '--bind=/tmp/mock-resolv.mbuvd83v:/etc/resolv.conf']
DEBUG util.py:558:  Executing command: ['/usr/bin/systemd-nspawn', '-q', '-M', '205fb6066ac64b9c995e75ecdd556b2c', '-D', '/var/lib/mock/alma+epel-10-x86_64-bootstrap/root', '-a', '--capability=cap_ipc_lock', '--bind=/tmp/mock-resolv.mbuvd83v:/etc/resolv.conf', '--console=pipe', '--setenv=TERM=vt100', '--setenv=SHELL=/bin/bash', '--setenv=HOME=/builddir', '--setenv=HOSTNAME=mock', '--setenv=PATH=/usr/bin:/bin:/usr/sbin:/sbin', '--setenv=PROMPT_COMMAND=printf "\\033]0;<mock-chroot>\\007"', '--setenv=PS1=<mock-chroot> \\s-\\v\\$ ', '--setenv=LANG=C.UTF-8', '--resolv-conf=off', '/bin/rpm', '-qa', '--root', '/var/lib/mock/alma+epel-10-x86_64/root'] with env {'TERM': 'vt100', 'SHELL': '/bin/bash', 'HOME': '/builddir', 'HOSTNAME': 'mock', 'PATH': '/usr/bin:/bin:/usr/sbin:/sbin', 'PROMPT_COMMAND': 'printf "\\033]0;<mock-chroot>\\007"', 'PS1': '<mock-chroot> \\s-\\v\\$ ', 'LANG': 'C.UTF-8', 'SYSTEMD_NSPAWN_TMPFS_TMP': '0', 'SYSTEMD_SECCOMP': '0'} and shell False
DEBUG util.py:463:  gpg-pubkey-c2a1e572-668fe8ef
DEBUG util.py:463:  gpg-pubkey-e37ed158-65785fa9
DEBUG util.py:463:  libgcc-14.3.1-4.4.el10.alma.2.x86_64
DEBUG util.py:463:  ghc-srpm-macros-1.9.2-1.el10_0.noarch
DEBUG util.py:463:  fpc-srpm-macros-1.3-7.el10_1.noarch
DEBUG util.py:463:  ansible-srpm-macros-1-21.el10_2.noarch
DEBUG util.py:463:  rust-toolset-srpm-macros-1.92.0-1.el10.alma.1.noarch
DEBUG util.py:463:  qt6-srpm-macros-6.10.1-1.el10.noarch
DEBUG util.py:463:  perl-srpm-macros-1-57.el10.noarch
DEBUG util.py:463:  package-notes-srpm-macros-0.5-13.el10.noarch
DEBUG util.py:463:  openblas-srpm-macros-2-19.el10.noarch
DEBUG util.py:463:  ocaml-srpm-macros-10-4.el10.noarch
DEBUG util.py:463:  kernel-srpm-macros-1.0-27.el10.noarch
DEBUG util.py:463:  publicsuffix-list-dafsa-20240107-5.el10.noarch
DEBUG util.py:463:  pkgconf-m4-2.1.0-3.el10.noarch
DEBUG util.py:463:  pcre2-syntax-10.44-1.el10.3.noarch
DEBUG util.py:463:  ncurses-base-6.4-15.20240127.el10_1.noarch
DEBUG util.py:463:  libssh-config-0.12.0-2.el10.noarch
DEBUG util.py:463:  coreutils-common-9.5-8.el10_2.x86_64
DEBUG util.py:463:  almalinux-gpg-keys-10.2-21.el10.x86_64
DEBUG util.py:463:  almalinux-release-10.2-21.el10.x86_64
DEBUG util.py:463:  almalinux-repos-10.2-21.el10.x86_64
DEBUG util.py:463:  setup-2.14.5-7.el10.noarch
DEBUG util.py:463:  filesystem-3.18-17.el10.x86_64
DEBUG util.py:463:  basesystem-11-22.el10.noarch
DEBUG util.py:463:  glibc-gconv-extra-2.39-126.el10_2.alma.1.x86_64
DEBUG util.py:463:  ncurses-libs-6.4-15.20240127.el10_1.x86_64
DEBUG util.py:463:  glibc-2.39-126.el10_2.alma.1.x86_64
DEBUG util.py:463:  bash-5.2.26-6.el10.x86_64
DEBUG util.py:463:  glibc-common-2.39-126.el10_2.alma.1.x86_64
DEBUG util.py:463:  glibc-minimal-langpack-2.39-126.el10_2.alma.1.x86_64
DEBUG util.py:463:  zlib-ng-compat-2.2.3-3.el10_1.x86_64
DEBUG util.py:463:  bzip2-libs-1.0.8-25.el10.x86_64
DEBUG util.py:463:  xz-libs-5.6.2-4.el10_0.x86_64
DEBUG util.py:463:  libstdc++-14.3.1-4.4.el10.alma.2.x86_64
DEBUG util.py:463:  libuuid-2.40.2-18.el10.x86_64
DEBUG util.py:463:  popt-1.19-8.el10.x86_64
DEBUG util.py:463:  readline-8.2-11.el10.x86_64
DEBUG util.py:463:  libblkid-2.40.2-18.el10.x86_64
DEBUG util.py:463:  gmp-6.2.1-12.el10.x86_64
DEBUG util.py:463:  libattr-2.5.2-5.el10.x86_64
DEBUG util.py:463:  libacl-2.3.2-4.el10.x86_64
DEBUG util.py:463:  libxcrypt-4.4.36-10.el10.x86_64
DEBUG util.py:463:  libzstd-1.5.5-9.el10.x86_64
DEBUG util.py:463:  elfutils-libelf-0.194-2.el10_2.x86_64
DEBUG util.py:463:  crypto-policies-20260216-1.git0e54016.el10.alma.1.noarch
DEBUG util.py:463:  gdbm-libs-1.23-12.el10_0.x86_64
DEBUG util.py:463:  libeconf-0.6.2-4.el10.x86_64
DEBUG util.py:463:  dwz-0.16-1.el10.x86_64
DEBUG util.py:463:  mpfr-4.2.1-8.el10.x86_64
DEBUG util.py:463:  gawk-5.3.0-6.el10.x86_64
DEBUG util.py:463:  unzip-6.0-69.el10.x86_64
DEBUG util.py:463:  file-libs-5.45-9.el10.x86_64
DEBUG util.py:463:  file-5.45-9.el10.x86_64
DEBUG util.py:463:  alternatives-1.30-2.el10.x86_64
DEBUG util.py:463:  jansson-2.14-3.el10.x86_64
DEBUG util.py:463:  libcap-ng-0.8.4-6.el10.x86_64
DEBUG util.py:463:  audit-libs-4.0.3-5.el10.x86_64
DEBUG util.py:463:  pam-libs-1.6.1-9.el10.x86_64
DEBUG util.py:463:  libcap-2.69-7.el10_2.1.x86_64
DEBUG util.py:463:  systemd-libs-257-23.el10_2.2.alma.1.x86_64
DEBUG util.py:463:  libffi-3.4.4-10.el10.x86_64
DEBUG util.py:463:  libsepol-3.10-1.el10.x86_64
DEBUG util.py:463:  libsmartcols-2.40.2-18.el10.x86_64
DEBUG util.py:463:  libtasn1-4.20.0-5.el10_2.x86_64
DEBUG util.py:463:  libunistring-1.1-10.el10.x86_64
DEBUG util.py:463:  libidn2-2.3.7-3.el10.x86_64
DEBUG util.py:463:  lua-libs-5.4.6-7.el10.x86_64
DEBUG util.py:463:  lz4-libs-1.9.4-8.el10.x86_64
DEBUG util.py:463:  pcre2-10.44-1.el10.3.x86_64
DEBUG util.py:463:  libselinux-3.10-1.el10.x86_64
DEBUG util.py:463:  sed-4.9-5.el10.x86_64
DEBUG util.py:463:  findutils-4.10.0-5.el10.x86_64
DEBUG util.py:463:  grep-3.11-10.el10.x86_64
DEBUG util.py:463:  xz-5.6.2-4.el10_0.x86_64
DEBUG util.py:463:  libmount-2.40.2-18.el10.x86_64
DEBUG util.py:463:  util-linux-core-2.40.2-18.el10.x86_64
DEBUG util.py:463:  libsemanage-3.10-1.el10.x86_64
DEBUG util.py:463:  shadow-utils-4.15.0-11.el10.x86_64
DEBUG util.py:463:  libutempter-1.2.1-15.el10.x86_64
DEBUG util.py:463:  tar-1.35-11.el10.x86_64
DEBUG util.py:463:  zstd-1.5.5-9.el10.x86_64
DEBUG util.py:463:  libpsl-0.21.5-6.el10.x86_64
DEBUG util.py:463:  p11-kit-0.26.2-1.el10.x86_64
DEBUG util.py:463:  p11-kit-trust-0.26.2-1.el10.x86_64
DEBUG util.py:463:  openssl-fips-provider-3.5.5-4.el10_2.alma.1.x86_64
DEBUG util.py:463:  openssl-libs-3.5.5-4.el10_2.alma.1.x86_64
DEBUG util.py:463:  coreutils-9.5-8.el10_2.x86_64
DEBUG util.py:463:  ca-certificates-2025.2.80_v9.0.305-102.el10_1.noarch
DEBUG util.py:463:  authselect-libs-1.5.2-1.el10.x86_64
DEBUG util.py:463:  gzip-1.13-3.el10.x86_64
DEBUG util.py:463:  cracklib-2.9.11-8.el10.x86_64
DEBUG util.py:463:  cracklib-dicts-2.9.11-8.el10.x86_64
DEBUG util.py:463:  libpwquality-1.4.5-12.el10.x86_64
DEBUG util.py:463:  libevent-2.1.12-16.el10.x86_64
DEBUG util.py:463:  rpm-sequoia-1.10.1.1-2.el10.x86_64
DEBUG util.py:463:  zip-3.0-45.el10.x86_64
DEBUG util.py:463:  cyrus-sasl-lib-2.1.28-30.el10_2.x86_64
DEBUG util.py:463:  openldap-2.6.10-1.el10.x86_64
DEBUG util.py:463:  gdbm-1.23-12.el10_0.x86_64
DEBUG util.py:463:  pam-1.6.1-9.el10.x86_64
DEBUG util.py:463:  libfdisk-2.40.2-18.el10.x86_64
DEBUG util.py:463:  libxml2-2.12.5-10.el10_2.1.x86_64
DEBUG util.py:463:  libarchive-3.7.7-8.el10_1.x86_64
DEBUG util.py:463:  bzip2-1.0.8-25.el10.x86_64
DEBUG util.py:463:  sqlite-libs-3.46.1-5.el10_1.x86_64
DEBUG util.py:463:  rpm-libs-4.19.1.1-23.el10.alma.1.x86_64
DEBUG util.py:463:  ed-1.20-5.el10.x86_64
DEBUG util.py:463:  patch-2.7.6-26.el10.x86_64
DEBUG util.py:463:  elfutils-default-yama-scope-0.194-2.el10_2.noarch
DEBUG util.py:463:  cpio-2.15-3.el10.x86_64
DEBUG util.py:463:  diffutils-3.10-8.el10.x86_64
DEBUG util.py:463:  json-c-0.18-3.el10.x86_64
DEBUG util.py:463:  keyutils-libs-1.6.3-5.el10.x86_64
DEBUG util.py:463:  libbrotli-1.1.0-7.el10_1.x86_64
DEBUG util.py:463:  libcbor-0.11.0-3.el10.x86_64
DEBUG util.py:463:  libfido2-1.14.0-7.el10.x86_64
DEBUG util.py:463:  libcom_err-1.47.1-5.el10.x86_64
DEBUG util.py:463:  libgomp-14.3.1-4.4.el10.alma.2.x86_64
DEBUG util.py:463:  libnghttp2-1.68.0-3.el10_2.1.x86_64
DEBUG util.py:463:  libpkgconf-2.1.0-3.el10.x86_64
DEBUG util.py:463:  pkgconf-2.1.0-3.el10.x86_64
DEBUG util.py:463:  pkgconf-pkg-config-2.1.0-3.el10.x86_64
DEBUG util.py:463:  libverto-0.3.2-10.el10.x86_64
DEBUG util.py:463:  krb5-libs-1.21.3-10.el10_2.x86_64
DEBUG util.py:463:  libssh-0.12.0-2.el10.x86_64
DEBUG util.py:463:  libcurl-8.12.1-4.el10.x86_64
DEBUG util.py:463:  elfutils-libs-0.194-2.el10_2.x86_64
DEBUG util.py:463:  elfutils-debuginfod-client-0.194-2.el10_2.x86_64
DEBUG util.py:463:  binutils-gold-2.41-63.el10.alma.1.x86_64
DEBUG util.py:463:  binutils-2.41-63.el10.alma.1.x86_64
DEBUG util.py:463:  elfutils-0.194-2.el10_2.x86_64
DEBUG util.py:463:  gdb-minimal-16.3-3.el10.x86_64
DEBUG util.py:463:  debugedit-5.1-8.el10.x86_64
DEBUG util.py:463:  rpm-build-libs-4.19.1.1-23.el10.alma.1.x86_64
DEBUG util.py:463:  curl-8.12.1-4.el10.x86_64
DEBUG util.py:463:  rpm-4.19.1.1-23.el10.alma.1.x86_64
DEBUG util.py:463:  efi-srpm-macros-6-6.el10.alma.1.noarch
DEBUG util.py:463:  lua-srpm-macros-1-15.el10.noarch
DEBUG util.py:463:  fonts-srpm-macros-2.0.5-18.el10.noarch
DEBUG util.py:463:  forge-srpm-macros-0.4.0-6.el10.noarch
DEBUG util.py:463:  go-srpm-macros-3.8.0-1.el10.noarch
DEBUG util.py:463:  python-srpm-macros-3.12-11.el10.noarch
DEBUG util.py:463:  redhat-rpm-config-295-1.el10.alma.1.noarch
DEBUG util.py:463:  rpm-build-4.19.1.1-23.el10.alma.1.x86_64
DEBUG util.py:463:  pyproject-srpm-macros-1.18.5-1.el10.noarch
DEBUG util.py:463:  R-srpm-macros-1.3.7-1.el10_2.noarch
DEBUG util.py:463:  epel-rpm-macros-10-7.el10_2.noarch
DEBUG util.py:463:  util-linux-2.40.2-18.el10.x86_64
DEBUG util.py:463:  authselect-1.5.2-1.el10.x86_64
DEBUG util.py:463:  which-2.21-44.el10_0.x86_64
DEBUG util.py:463:  info-7.1-6.el10.x86_64
DEBUG util.py:610:  Child return code was: 0
DEBUG util.py:185:  kill orphans in chroot /var/lib/mock/alma+epel-10-x86_64/root
DEBUG util.py:185:  kill orphans in chroot /var/lib/mock/alma+epel-10-x86_64-bootstrap/root/var/lib/mock/alma+epel-10-x86_64/root
DEBUG util.py:636:  child environment: None
DEBUG util.py:558:  Executing command: ['/bin/umount', '-n', '-l', '/var/lib/mock/alma+epel-10-x86_64-bootstrap/root/var/lib/mock/alma+epel-10-x86_64/root'] with env {'TERM': 'vt100', 'SHELL': '/bin/sh', 'HOME': '/builddir', 'HOSTNAME': 'mock', 'PATH': '/usr/bin:/bin:/usr/sbin:/sbin', 'LANG': 'C.UTF-8'} and shell False
DEBUG util.py:610:  Child return code was: 0
DEBUG util.py:636:  child environment: None
DEBUG util.py:558:  Executing command: ['/bin/umount', '-n', '-l', '/var/lib/mock/alma+epel-10-x86_64-bootstrap/root/var/lib/mock/alma+epel-10-x86_64/root'] with env {'TERM': 'vt100', 'SHELL': '/bin/sh', 'HOME': '/builddir', 'HOSTNAME': 'mock', 'PATH': '/usr/bin:/bin:/usr/sbin:/sbin', 'LANG': 'C.UTF-8'} and shell False
DEBUG util.py:610:  Child return code was: 0
DEBUG util.py:636:  child environment: None
DEBUG util.py:553:  Using nspawn with args ['--capability=cap_ipc_lock', '--bind=/tmp/mock-resolv.4ccbjwan:/etc/resolv.conf', '--bind=/dev/btrfs-control', '--bind=/dev/mapper/control', '--bind=/dev/fuse', '--bind=/dev/loop-control', '--bind=/dev/loop0', '--bind=/dev/loop1', '--bind=/dev/loop2', '--bind=/dev/loop3', '--bind=/dev/loop4', '--bind=/dev/loop5', '--bind=/dev/loop6', '--bind=/dev/loop7', '--bind=/dev/loop8', '--bind=/dev/loop9', '--bind=/dev/loop10', '--bind=/dev/loop11']
DEBUG util.py:558:  Executing command: ['/usr/bin/systemd-nspawn', '-q', '-M', '69592734d36144d5859f637d35b99cf5', '-D', '/var/lib/mock/alma+epel-10-x86_64/root', '-a', '--capability=cap_ipc_lock', '--bind=/tmp/mock-resolv.4ccbjwan:/etc/resolv.conf', '--bind=/dev/btrfs-control', '--bind=/dev/mapper/control', '--bind=/dev/fuse', '--bind=/dev/loop-control', '--bind=/dev/loop0', '--bind=/dev/loop1', '--bind=/dev/loop2', '--bind=/dev/loop3', '--bind=/dev/loop4', '--bind=/dev/loop5', '--bind=/dev/loop6', '--bind=/dev/loop7', '--bind=/dev/loop8', '--bind=/dev/loop9', '--bind=/dev/loop10', '--bind=/dev/loop11', '--console=pipe', '--setenv=TERM=vt100', '--setenv=SHELL=/bin/bash', '--setenv=HOME=/builddir', '--setenv=HOSTNAME=mock', '--setenv=PATH=/usr/bin:/bin:/usr/sbin:/sbin', '--setenv=PROMPT_COMMAND=printf "\\033]0;<mock-chroot>\\007"', '--setenv=PS1=<mock-chroot> \\s-\\v\\$ ', '--setenv=LANG=C.UTF-8', '--resolv-conf=off', '/bin/sh', '-c', 'case $(rpmbuild --help) in *--noclean*) exit 0; esac; exit 1'] with env {'TERM': 'vt100', 'SHELL': '/bin/bash', 'HOME': '/builddir', 'HOSTNAME': 'mock', 'PATH': '/usr/bin:/bin:/usr/sbin:/sbin', 'PROMPT_COMMAND': 'printf "\\033]0;<mock-chroot>\\007"', 'PS1': '<mock-chroot> \\s-\\v\\$ ', 'LANG': 'C.UTF-8', 'SYSTEMD_NSPAWN_TMPFS_TMP': '0', 'SYSTEMD_SECCOMP': '0'} and shell False
DEBUG util.py:610:  Child return code was: 0
DEBUG util.py:636:  child environment: None
DEBUG file_util.py:17:  ensuring that dir exists: /var/lib/mock/alma+epel-10-x86_64/root/proc
DEBUG util.py:636:  child environment: None
DEBUG util.py:558:  Executing command: ['/bin/mount', '-n', '-t', 'tmpfs', '-o', 'rprivate,mode=0755', 'tmpfs', '/var/lib/mock/alma+epel-10-x86_64/root/proc'] with env {'TERM': 'vt100', 'SHELL': '/bin/sh', 'HOME': '/builddir', 'HOSTNAME': 'mock', 'PATH': '/usr/bin:/bin:/usr/sbin:/sbin', 'LANG': 'C.UTF-8'} and shell False
DEBUG util.py:610:  Child return code was: 0
DEBUG file_util.py:17:  ensuring that dir exists: /var/lib/mock/alma+epel-10-x86_64/root/proc
DEBUG util.py:636:  child environment: None
DEBUG util.py:558:  Executing command: ['/bin/mount', '-n', '-o', 'rbind', '/proc', '/var/lib/mock/alma+epel-10-x86_64/root/proc'] with env {'TERM': 'vt100', 'SHELL': '/bin/sh', 'HOME': '/builddir', 'HOSTNAME': 'mock', 'PATH': '/usr/bin:/bin:/usr/sbin:/sbin', 'LANG': 'C.UTF-8'} and shell False
DEBUG util.py:610:  Child return code was: 0
DEBUG util.py:636:  child environment: None
DEBUG util.py:558:  Executing command: ['/bin/mount', '-n', '-o', 'remount,nodev,noexec,nosuid,readonly,rprivate,rbind', '--target', '/var/lib/mock/alma+epel-10-x86_64/root/proc'] with env {'TERM': 'vt100', 'SHELL': '/bin/sh', 'HOME': '/builddir', 'HOSTNAME': 'mock', 'PATH': '/usr/bin:/bin:/usr/sbin:/sbin', 'LANG': 'C.UTF-8'} and shell False
DEBUG util.py:610:  Child return code was: 0
DEBUG file_util.py:17:  ensuring that dir exists: /var/lib/mock/alma+epel-10-x86_64/root/sys
DEBUG util.py:636:  child environment: None
DEBUG util.py:558:  Executing command: ['/bin/mount', '-n', '-t', 'tmpfs', '-o', 'rprivate,mode=0755', 'tmpfs', '/var/lib/mock/alma+epel-10-x86_64/root/sys'] with env {'TERM': 'vt100', 'SHELL': '/bin/sh', 'HOME': '/builddir', 'HOSTNAME': 'mock', 'PATH': '/usr/bin:/bin:/usr/sbin:/sbin', 'LANG': 'C.UTF-8'} and shell False
DEBUG util.py:610:  Child return code was: 0
DEBUG file_util.py:17:  ensuring that dir exists: /var/lib/mock/alma+epel-10-x86_64/root/sys
DEBUG util.py:636:  child environment: None
DEBUG util.py:558:  Executing command: ['/bin/mount', '-n', '-o', 'rbind', '/sys', '/var/lib/mock/alma+epel-10-x86_64/root/sys'] with env {'TERM': 'vt100', 'SHELL': '/bin/sh', 'HOME': '/builddir', 'HOSTNAME': 'mock', 'PATH': '/usr/bin:/bin:/usr/sbin:/sbin', 'LANG': 'C.UTF-8'} and shell False
DEBUG util.py:610:  Child return code was: 0
DEBUG util.py:636:  child environment: None
DEBUG util.py:558:  Executing command: ['/bin/mount', '-n', '-o', 'remount,nodev,noexec,nosuid,readonly,rprivate,rbind', '--target', '/var/lib/mock/alma+epel-10-x86_64/root/sys'] with env {'TERM': 'vt100', 'SHELL': '/bin/sh', 'HOME': '/builddir', 'HOSTNAME': 'mock', 'PATH': '/usr/bin:/bin:/usr/sbin:/sbin', 'LANG': 'C.UTF-8'} and shell False
DEBUG util.py:610:  Child return code was: 0
DEBUG file_util.py:17:  ensuring that dir exists: /var/lib/mock/alma+epel-10-x86_64/root/dev/shm
DEBUG util.py:636:  child environment: None
DEBUG util.py:558:  Executing command: ['/bin/mount', '-n', '-t', 'tmpfs', 'tmpfs', '/var/lib/mock/alma+epel-10-x86_64/root/dev/shm'] with env {'TERM': 'vt100', 'SHELL': '/bin/sh', 'HOME': '/builddir', 'HOSTNAME': 'mock', 'PATH': '/usr/bin:/bin:/usr/sbin:/sbin', 'LANG': 'C.UTF-8'} and shell False
DEBUG util.py:610:  Child return code was: 0
DEBUG file_util.py:17:  ensuring that dir exists: /var/lib/mock/alma+epel-10-x86_64/root/dev/pts
DEBUG util.py:636:  child environment: None
DEBUG util.py:558:  Executing command: ['/bin/mount', '-n', '-t', 'devpts', '-o', 'gid=5,mode=0620,ptmxmode=0666,newinstance', 'devpts', '/var/lib/mock/alma+epel-10-x86_64/root/dev/pts'] with env {'TERM': 'vt100', 'SHELL': '/bin/sh', 'HOME': '/builddir', 'HOSTNAME': 'mock', 'PATH': '/usr/bin:/bin:/usr/sbin:/sbin', 'LANG': 'C.UTF-8'} and shell False
DEBUG util.py:610:  Child return code was: 0
DEBUG file_util.py:17:  ensuring that dir exists: /var/lib/mock/alma+epel-10-x86_64-bootstrap/root/var/lib/mock/alma+epel-10-x86_64/root
DEBUG util.py:636:  child environment: None
DEBUG util.py:558:  Executing command: ['/bin/mount', '-n', '-t', 'tmpfs', '-o', 'private,mode=0755', 'tmpfs', '/var/lib/mock/alma+epel-10-x86_64-bootstrap/root/var/lib/mock/alma+epel-10-x86_64/root'] with env {'TERM': 'vt100', 'SHELL': '/bin/sh', 'HOME': '/builddir', 'HOSTNAME': 'mock', 'PATH': '/usr/bin:/bin:/usr/sbin:/sbin', 'LANG': 'C.UTF-8'} and shell False
DEBUG util.py:610:  Child return code was: 0
DEBUG file_util.py:17:  ensuring that dir exists: /var/lib/mock/alma+epel-10-x86_64-bootstrap/root/var/lib/mock/alma+epel-10-x86_64/root
DEBUG util.py:636:  child environment: None
DEBUG util.py:558:  Executing command: ['/bin/mount', '-n', '-o', 'rbind', '/var/lib/mock/alma+epel-10-x86_64/root', '/var/lib/mock/alma+epel-10-x86_64-bootstrap/root/var/lib/mock/alma+epel-10-x86_64/root'] with env {'TERM': 'vt100', 'SHELL': '/bin/sh', 'HOME': '/builddir', 'HOSTNAME': 'mock', 'PATH': '/usr/bin:/bin:/usr/sbin:/sbin', 'LANG': 'C.UTF-8'} and shell False
DEBUG util.py:610:  Child return code was: 0
DEBUG util.py:636:  child environment: None
DEBUG util.py:558:  Executing command: ['/bin/mount', '-n', '-o', 'remount,private,rbind', '--target', '/var/lib/mock/alma+epel-10-x86_64-bootstrap/root/var/lib/mock/alma+epel-10-x86_64/root'] with env {'TERM': 'vt100', 'SHELL': '/bin/sh', 'HOME': '/builddir', 'HOSTNAME': 'mock', 'PATH': '/usr/bin:/bin:/usr/sbin:/sbin', 'LANG': 'C.UTF-8'} and shell False
DEBUG util.py:610:  Child return code was: 0
DEBUG file_util.py:17:  ensuring that dir exists: /var/lib/mock/alma+epel-10-x86_64/root/installation-homedir
DEBUG package_manager.py:295:  ['/usr/bin/dnf-3', 'builddep', '--installroot', '/var/lib/mock/alma+epel-10-x86_64/root/', '--releasever', '10', '--setopt=deltarpm=False', '--setopt=allow_vendor_change=yes', '--allowerasing', '--disableplugin=local', '--disableplugin=spacewalk', '--disableplugin=versionlock', '/var/lib/mock/alma+epel-10-x86_64/root//builddir/build/SRPMS/nginx-1.30.3-1.alma10.ngx.src.rpm']
DEBUG util.py:636:  child environment: None
DEBUG util.py:553:  Using nspawn with args ['--capability=cap_ipc_lock', '--bind=/tmp/mock-resolv.mbuvd83v:/etc/resolv.conf']
DEBUG util.py:558:  Executing command: ['/usr/bin/systemd-nspawn', '-q', '-M', 'cf66d452f4374af5a06d1dbcfb24baad', '-D', '/var/lib/mock/alma+epel-10-x86_64-bootstrap/root', '-a', '--capability=cap_ipc_lock', '--bind=/tmp/mock-resolv.mbuvd83v:/etc/resolv.conf', '--console=pipe', '--setenv=TERM=vt100', '--setenv=SHELL=/bin/bash', '--setenv=HOME=/var/lib/mock/alma+epel-10-x86_64/root/installation-homedir', '--setenv=HOSTNAME=mock', '--setenv=PATH=/usr/bin:/bin:/usr/sbin:/sbin', '--setenv=PROMPT_COMMAND=printf "\\033]0;<mock-chroot>\\007"', '--setenv=PS1=<mock-chroot> \\s-\\v\\$ ', '--setenv=LANG=C.UTF-8', '--setenv=LC_MESSAGES=C.UTF-8', '--resolv-conf=off', '/usr/bin/dnf-3', 'builddep', '--installroot', '/var/lib/mock/alma+epel-10-x86_64/root/', '--releasever', '10', '--setopt=deltarpm=False', '--setopt=allow_vendor_change=yes', '--allowerasing', '--disableplugin=local', '--disableplugin=spacewalk', '--disableplugin=versionlock', '/var/lib/mock/alma+epel-10-x86_64/root//builddir/build/SRPMS/nginx-1.30.3-1.alma10.ngx.src.rpm'] with env {'TERM': 'vt100', 'SHELL': '/bin/bash', 'HOME': '/var/lib/mock/alma+epel-10-x86_64/root/installation-homedir', 'HOSTNAME': 'mock', 'PATH': '/usr/bin:/bin:/usr/sbin:/sbin', 'PROMPT_COMMAND': 'printf "\\033]0;<mock-chroot>\\007"', 'PS1': '<mock-chroot> \\s-\\v\\$ ', 'LANG': 'C.UTF-8', 'LC_MESSAGES': 'C.UTF-8', 'SYSTEMD_NSPAWN_TMPFS_TMP': '0', 'SYSTEMD_SECCOMP': '0'} and shell False
DEBUG util.py:461:  No matches found for the following disable plugin patterns: local, spacewalk, versionlock
DEBUG util.py:463:  AlmaLinux 10 - BaseOS                                                                                                                                        3.3 kB/s | 3.8 kB     00:01    
DEBUG util.py:463:  AlmaLinux 10 - AppStream                                                                                                                                     3.0 kB/s | 3.8 kB     00:01    
DEBUG util.py:463:  AlmaLinux 10 - CRB                                                                                                                                           3.4 kB/s | 3.8 kB     00:01    
DEBUG util.py:463:  AlmaLinux 10 - Extras                                                                                                                                        3.2 kB/s | 3.5 kB     00:01    
DEBUG util.py:463:  Extra Packages for Enterprise Linux 10 - x86_64                                                                                                              8.4 kB/s | 9.0 kB     00:01    
DEBUG util.py:463:  mock-localrepo                                                                                                                                               1.5 MB/s | 1.5 kB     00:00    
DEBUG util.py:463:  Package pkgconf-pkg-config-2.1.0-3.el10.x86_64 is already installed.
DEBUG util.py:463:  Dependencies resolved.
DEBUG util.py:463:  =============================================================================================================================================================================================
DEBUG util.py:463:   Package                                                Architecture                     Version                                              Repository                                Size
DEBUG util.py:463:  =============================================================================================================================================================================================
DEBUG util.py:463:  Installing:
DEBUG util.py:463:   libzstd-devel                                          x86_64                           1.5.5-9.el10                                         appstream                                 51 k
DEBUG util.py:463:   modsecurity                                            x86_64                           3.0.16-1.el10                                        mock-localrepo                           573 k
DEBUG util.py:463:   openssl-devel                                          x86_64                           1:3.5.5-4.el10_2.alma.1                              appstream                                2.9 M
DEBUG util.py:463:   pcre2-devel                                            x86_64                           10.44-1.el10.3                                       appstream                                535 k
DEBUG util.py:463:   perl                                                   x86_64                           4:5.40.2-512.2.el10_0                                appstream                                 13 k
DEBUG util.py:463:   systemd                                                x86_64                           257-23.el10_2.2.alma.1                               baseos                                   5.5 M
DEBUG util.py:463:   zlib-ng-compat-devel                                   x86_64                           2.2.3-3.el10_1                                       appstream                                 36 k
DEBUG util.py:463:  Installing dependencies:
DEBUG util.py:463:   annobin-docs                                           noarch                           13.02-2.el10                                         appstream                                 87 k
DEBUG util.py:463:   annobin-plugin-gcc                                     x86_64                           13.02-2.el10                                         appstream                                994 k
DEBUG util.py:463:   cmake-filesystem                                       x86_64                           3.31.8-1.el10                                        appstream                                 13 k
DEBUG util.py:463:   cpp                                                    x86_64                           14.3.1-4.4.el10.alma.2                               appstream                                 13 M
DEBUG util.py:463:   dbus                                                   x86_64                           1:1.14.10-5.el10                                     baseos                                   7.4 k
DEBUG util.py:463:   dbus-broker                                            x86_64                           36-4.el10                                            baseos                                   172 k
DEBUG util.py:463:   dbus-common                                            noarch                           1:1.14.10-5.el10                                     baseos                                    14 k
DEBUG util.py:463:   expat                                                  x86_64                           2.7.3-1.el10_2.1                                     baseos                                   119 k
DEBUG util.py:463:   gcc                                                    x86_64                           14.3.1-4.4.el10.alma.2                               appstream                                 38 M
DEBUG util.py:463:   gcc-c++                                                x86_64                           14.3.1-4.4.el10.alma.2                               appstream                                 15 M
DEBUG util.py:463:   gcc-plugin-annobin                                     x86_64                           14.3.1-4.4.el10.alma.2                               appstream                                 62 k
DEBUG util.py:463:   glibc-devel                                            x86_64                           2.39-126.el10_2.alma.1                               appstream                                472 k
DEBUG util.py:463:   gnupg2                                                 x86_64                           2.4.5-4.el10_1                                       baseos                                   2.7 M
DEBUG util.py:463:   gnutls                                                 x86_64                           3.8.10-4.el10_2                                      baseos                                   1.5 M
DEBUG util.py:463:   groff-base                                             x86_64                           1.23.0-10.el10                                       baseos                                   1.1 M
DEBUG util.py:463:   kernel-headers                                         x86_64                           6.12.0-211.29.1.el10_2                               appstream                                1.7 M
DEBUG util.py:463:   libassuan                                              x86_64                           2.5.6-6.el10                                         baseos                                    67 k
DEBUG util.py:463:   libgcrypt                                              x86_64                           1.11.0-5.el10                                        baseos                                   587 k
DEBUG util.py:463:   libgpg-error                                           x86_64                           1.50-2.el10                                          baseos                                   239 k
DEBUG util.py:463:   libksba                                                x86_64                           1.6.7-2.el10                                         baseos                                   162 k
DEBUG util.py:463:   libmpc                                                 x86_64                           1.3.1-7.el10                                         appstream                                 71 k
DEBUG util.py:463:   libseccomp                                             x86_64                           2.5.6-1.el10                                         baseos                                    70 k
DEBUG util.py:463:   libstdc++-devel                                        x86_64                           14.3.1-4.4.el10.alma.2                               appstream                                2.6 M
DEBUG util.py:463:   libxcrypt-devel                                        x86_64                           4.4.36-10.el10                                       appstream                                 33 k
DEBUG util.py:463:   lmdb-libs                                              x86_64                           0.9.32-4.el10                                        baseos                                    62 k
DEBUG util.py:463:   make                                                   x86_64                           1:4.4.1-9.el10                                       baseos                                   589 k
DEBUG util.py:463:   mpdecimal                                              x86_64                           2.5.1-12.el10                                        baseos                                    89 k
DEBUG util.py:463:   ncurses                                                x86_64                           6.4-15.20240127.el10_1                               baseos                                   413 k
DEBUG util.py:463:   npth                                                   x86_64                           1.6-21.el10                                          baseos                                    25 k
DEBUG util.py:463:   pcre2-utf16                                            x86_64                           10.44-1.el10.3                                       appstream                                224 k
DEBUG util.py:463:   pcre2-utf32                                            x86_64                           10.44-1.el10.3                                       appstream                                212 k
DEBUG util.py:463:   perl-Algorithm-Diff                                    noarch                           1.2010-14.el10                                       appstream                                 46 k
DEBUG util.py:463:   perl-Archive-Tar                                       noarch                           3.02-512.el10_2.1                                    appstream                                 70 k
DEBUG util.py:463:   perl-Archive-Zip                                       noarch                           1.68-17.el10                                         appstream                                114 k
DEBUG util.py:463:   perl-Attribute-Handlers                                noarch                           1.03-512.2.el10_0                                    appstream                                 28 k
DEBUG util.py:463:   perl-AutoLoader                                        noarch                           5.74-512.2.el10_0                                    appstream                                 21 k
DEBUG util.py:463:   perl-AutoSplit                                         noarch                           5.74-512.2.el10_0                                    appstream                                 21 k
DEBUG util.py:463:   perl-B                                                 x86_64                           1.89-512.2.el10_0                                    appstream                                176 k
DEBUG util.py:463:   perl-Benchmark                                         noarch                           1.25-512.2.el10_0                                    appstream                                 26 k
DEBUG util.py:463:   perl-CPAN                                              noarch                           2.36-514.el10_0                                      appstream                                570 k
DEBUG util.py:463:   perl-CPAN-Meta                                         noarch                           2.150010-511.el10                                    appstream                                198 k
DEBUG util.py:463:   perl-CPAN-Meta-Requirements                            noarch                           2.143-11.el10                                        appstream                                 35 k
DEBUG util.py:463:   perl-CPAN-Meta-YAML                                    noarch                           0.018-512.el10                                       appstream                                 26 k
DEBUG util.py:463:   perl-Carp                                              noarch                           1.54-511.el10                                        appstream                                 29 k
DEBUG util.py:463:   perl-Class-Struct                                      noarch                           0.68-512.2.el10_0                                    appstream                                 22 k
DEBUG util.py:463:   perl-Compress-Bzip2                                    x86_64                           2.28-21.el10                                         appstream                                 67 k
DEBUG util.py:463:   perl-Compress-Raw-Bzip2                                x86_64                           2.212-512.el10                                       appstream                                 35 k
DEBUG util.py:463:   perl-Compress-Raw-Lzma                                 x86_64                           2.212-3.el10                                         appstream                                 51 k
DEBUG util.py:463:   perl-Compress-Raw-Zlib                                 x86_64                           2.212-513.el10                                       appstream                                 64 k
DEBUG util.py:463:   perl-Config-Extensions                                 noarch                           0.03-512.2.el10_0                                    appstream                                 12 k
DEBUG util.py:463:   perl-Config-Perl-V                                     noarch                           0.36-512.el10                                        appstream                                 21 k
DEBUG util.py:463:   perl-DBM_Filter                                        noarch                           0.06-512.2.el10_0                                    appstream                                 27 k
DEBUG util.py:463:   perl-Data-Dumper                                       x86_64                           2.189-512.el10                                       appstream                                 56 k
DEBUG util.py:463:   perl-Data-OptList                                      noarch                           0.114-7.el10                                         appstream                                 27 k
DEBUG util.py:463:   perl-Data-Section                                      noarch                           0.200008-8.el10                                      appstream                                 25 k
DEBUG util.py:463:   perl-Devel-PPPort                                      x86_64                           3.72-512.el10                                        appstream                                219 k
DEBUG util.py:463:   perl-Devel-Peek                                        x86_64                           1.34-512.2.el10_0                                    appstream                                 32 k
DEBUG util.py:463:   perl-Devel-SelfStubber                                 noarch                           1.06-512.2.el10_0                                    appstream                                 14 k
DEBUG util.py:463:   perl-Devel-Size                                        x86_64                           0.84-3.el10                                          appstream                                 30 k
DEBUG util.py:463:   perl-Digest                                            noarch                           1.20-511.el10                                        appstream                                 25 k
DEBUG util.py:463:   perl-Digest-MD5                                        x86_64                           2.59-6.el10                                          appstream                                 36 k
DEBUG util.py:463:   perl-Digest-SHA                                        x86_64                           1:6.04-512.el10                                      appstream                                 62 k
DEBUG util.py:463:   perl-DirHandle                                         noarch                           1.05-512.2.el10_0                                    appstream                                 12 k
DEBUG util.py:463:   perl-Dumpvalue                                         noarch                           2.27-512.2.el10_0                                    appstream                                 18 k
DEBUG util.py:463:   perl-DynaLoader                                        x86_64                           1.56-512.2.el10_0                                    appstream                                 26 k
DEBUG util.py:463:   perl-Encode                                            x86_64                           4:3.21-511.el10                                      appstream                                1.1 M
DEBUG util.py:463:   perl-Encode-devel                                      x86_64                           4:3.21-511.el10                                      appstream                                 41 k
DEBUG util.py:463:   perl-English                                           noarch                           1.11-512.2.el10_0                                    appstream                                 13 k
DEBUG util.py:463:   perl-Env                                               noarch                           1.06-511.el10                                        appstream                                 19 k
DEBUG util.py:463:   perl-Errno                                             x86_64                           1.38-512.2.el10_0                                    appstream                                 15 k
DEBUG util.py:463:   perl-Exporter                                          noarch                           5.78-511.el10                                        appstream                                 31 k
DEBUG util.py:463:   perl-ExtUtils-CBuilder                                 noarch                           1:0.280240-511.el10                                  appstream                                 52 k
DEBUG util.py:463:   perl-ExtUtils-Command                                  noarch                           2:7.70-513.el10                                      appstream                                 14 k
DEBUG util.py:463:   perl-ExtUtils-Constant                                 noarch                           0.25-512.2.el10_0                                    appstream                                 43 k
DEBUG util.py:463:   perl-ExtUtils-Embed                                    noarch                           1.35-512.2.el10_0                                    appstream                                 17 k
DEBUG util.py:463:   perl-ExtUtils-Install                                  noarch                           2.22-511.el10                                        appstream                                 43 k
DEBUG util.py:463:   perl-ExtUtils-MM-Utils                                 noarch                           2:7.70-513.el10                                      appstream                                 11 k
DEBUG util.py:463:   perl-ExtUtils-MakeMaker                                noarch                           2:7.70-513.el10                                      appstream                                296 k
DEBUG util.py:463:   perl-ExtUtils-Manifest                                 noarch                           1:1.75-511.el10                                      appstream                                 34 k
DEBUG util.py:463:   perl-ExtUtils-Miniperl                                 noarch                           1.14-512.2.el10_0                                    appstream                                 15 k
DEBUG util.py:463:   perl-ExtUtils-ParseXS                                  noarch                           1:3.51-512.el10                                      appstream                                189 k
DEBUG util.py:463:   perl-Fcntl                                             x86_64                           1.18-512.2.el10_0                                    appstream                                 29 k
DEBUG util.py:463:   perl-File-Basename                                     noarch                           2.86-512.2.el10_0                                    appstream                                 17 k
DEBUG util.py:463:   perl-File-Compare                                      noarch                           1.100.800-512.2.el10_0                               appstream                                 13 k
DEBUG util.py:463:   perl-File-Copy                                         noarch                           2.41-512.2.el10_0                                    appstream                                 20 k
DEBUG util.py:463:   perl-File-DosGlob                                      x86_64                           1.12-512.2.el10_0                                    appstream                                 19 k
DEBUG util.py:463:   perl-File-Fetch                                        noarch                           1.04-511.el10                                        appstream                                 30 k
DEBUG util.py:463:   perl-File-Find                                         noarch                           1.44-512.2.el10_0                                    appstream                                 25 k
DEBUG util.py:463:   perl-File-HomeDir                                      noarch                           1.006-15.el10                                        appstream                                 61 k
DEBUG util.py:463:   perl-File-Path                                         noarch                           2.18-512.el10                                        appstream                                 35 k
DEBUG util.py:463:   perl-File-Temp                                         noarch                           1:0.231.100-512.el10                                 appstream                                 59 k
DEBUG util.py:463:   perl-File-Which                                        noarch                           1.27-14.el10                                         appstream                                 22 k
DEBUG util.py:463:   perl-File-stat                                         noarch                           1.14-512.2.el10_0                                    appstream                                 17 k
DEBUG util.py:463:   perl-FileCache                                         noarch                           1.10-512.2.el10_0                                    appstream                                 14 k
DEBUG util.py:463:   perl-FileHandle                                        noarch                           2.05-512.2.el10_0                                    appstream                                 15 k
DEBUG util.py:463:   perl-Filter                                            x86_64                           2:1.64-512.el10                                      appstream                                 88 k
DEBUG util.py:463:   perl-Filter-Simple                                     noarch                           0.96-511.el10                                        appstream                                 27 k
DEBUG util.py:463:   perl-FindBin                                           noarch                           1.54-512.2.el10_0                                    appstream                                 14 k
DEBUG util.py:463:   perl-GDBM_File                                         x86_64                           1:1.24-512.2.el10_0                                  appstream                                 42 k
DEBUG util.py:463:   perl-Getopt-Long                                       noarch                           1:2.58-3.el10                                        appstream                                 67 k
DEBUG util.py:463:   perl-Getopt-Std                                        noarch                           1.14-512.2.el10_0                                    appstream                                 15 k
DEBUG util.py:463:   perl-HTTP-Tiny                                         noarch                           0.088-512.el10                                       appstream                                 56 k
DEBUG util.py:463:   perl-Hash-Util                                         x86_64                           0.32-512.2.el10_0                                    appstream                                 34 k
DEBUG util.py:463:   perl-Hash-Util-FieldHash                               x86_64                           1.27-512.2.el10_0                                    appstream                                 38 k
DEBUG util.py:463:   perl-I18N-Collate                                      noarch                           1.02-512.2.el10_0                                    appstream                                 14 k
DEBUG util.py:463:   perl-I18N-LangTags                                     noarch                           0.45-512.2.el10_0                                    appstream                                 52 k
DEBUG util.py:463:   perl-I18N-Langinfo                                     x86_64                           0.24-512.2.el10_0                                    appstream                                 25 k
DEBUG util.py:463:   perl-IO                                                x86_64                           1.55-512.2.el10_0                                    appstream                                 77 k
DEBUG util.py:463:   perl-IO-Compress                                       noarch                           2.212-512.el10_2.1                                   appstream                                291 k
DEBUG util.py:463:   perl-IO-Compress-Lzma                                  noarch                           2.206-8.el10                                         appstream                                 73 k
DEBUG util.py:463:   perl-IO-Socket-IP                                      noarch                           0.42-512.el10                                        appstream                                 42 k
DEBUG util.py:463:   perl-IO-Socket-SSL                                     noarch                           2.085-3.el10                                         appstream                                229 k
DEBUG util.py:463:   perl-IO-Zlib                                           noarch                           1:1.15-511.el10                                      appstream                                 20 k
DEBUG util.py:463:   perl-IPC-Cmd                                           noarch                           2:1.04-512.el10                                      appstream                                 39 k
DEBUG util.py:463:   perl-IPC-Open3                                         noarch                           1.22-512.2.el10_0                                    appstream                                 21 k
DEBUG util.py:463:   perl-IPC-SysV                                          x86_64                           2.09-512.el10                                        appstream                                 41 k
DEBUG util.py:463:   perl-IPC-System-Simple                                 noarch                           1.30-16.el10                                         appstream                                 39 k
DEBUG util.py:463:   perl-JSON-PP                                           noarch                           1:4.16-513.el10                                      appstream                                 65 k
DEBUG util.py:463:   perl-Locale-Maketext                                   noarch                           1.33-512.el10                                        appstream                                 97 k
DEBUG util.py:463:   perl-Locale-Maketext-Simple                            noarch                           1:0.21-512.2.el10_0                                  appstream                                 17 k
DEBUG util.py:463:   perl-MIME-Base64                                       x86_64                           3.16-511.el10                                        appstream                                 30 k
DEBUG util.py:463:   perl-MRO-Compat                                        noarch                           0.15-12.el10                                         appstream                                 25 k
DEBUG util.py:463:   perl-Math-BigInt                                       noarch                           1:2.0030.03-3.el10                                   appstream                                231 k
DEBUG util.py:463:   perl-Math-BigInt-FastCalc                              x86_64                           0.501.800-511.el10                                   appstream                                 28 k
DEBUG util.py:463:   perl-Math-Complex                                      noarch                           1.62-512.2.el10_0                                    appstream                                 46 k
DEBUG util.py:463:   perl-Memoize                                           noarch                           1.16-512.2.el10_0                                    appstream                                 46 k
DEBUG util.py:463:   perl-Module-Build                                      noarch                           2:0.42.34-7.el10                                     appstream                                254 k
DEBUG util.py:463:   perl-Module-CoreList                                   noarch                           1:5.20260119-1.el10                                  appstream                                 92 k
DEBUG util.py:463:   perl-Module-CoreList-tools                             noarch                           1:5.20260119-1.el10                                  appstream                                 16 k
DEBUG util.py:463:   perl-Module-Load                                       noarch                           1:0.36-511.el10                                      appstream                                 17 k
DEBUG util.py:463:   perl-Module-Load-Conditional                           noarch                           0.74-511.el10                                        appstream                                 22 k
DEBUG util.py:463:   perl-Module-Loaded                                     noarch                           1:0.08-512.2.el10_0                                  appstream                                 13 k
DEBUG util.py:463:   perl-Module-Metadata                                   noarch                           1.000038-512.el10                                    appstream                                 35 k
DEBUG util.py:463:   perl-Module-Signature                                  noarch                           0.88-12.el10                                         appstream                                 82 k
DEBUG util.py:463:   perl-Mozilla-CA                                        noarch                           20231213-5.el10                                      appstream                                 14 k
DEBUG util.py:463:   perl-NDBM_File                                         x86_64                           1.17-512.2.el10_0                                    appstream                                 22 k
DEBUG util.py:463:   perl-NEXT                                              noarch                           0.69-512.2.el10_0                                    appstream                                 21 k
DEBUG util.py:463:   perl-Net                                               noarch                           1.04-512.2.el10_0                                    appstream                                 22 k
DEBUG util.py:463:   perl-Net-Ping                                          noarch                           2.76-511.el10                                        appstream                                 50 k
DEBUG util.py:463:   perl-Net-SSLeay                                        x86_64                           1.94-8.el10                                          appstream                                356 k
DEBUG util.py:463:   perl-ODBM_File                                         x86_64                           1.18-512.2.el10_0                                    appstream                                 22 k
DEBUG util.py:463:   perl-Opcode                                            x86_64                           1.65-512.2.el10_0                                    appstream                                 36 k
DEBUG util.py:463:   perl-POSIX                                             x86_64                           2.20-512.2.el10_0                                    appstream                                 96 k
DEBUG util.py:463:   perl-Package-Generator                                 noarch                           1.106-34.el10                                        appstream                                 22 k
DEBUG util.py:463:   perl-Params-Check                                      noarch                           1:0.38-511.el10                                      appstream                                 22 k
DEBUG util.py:463:   perl-Params-Util                                       x86_64                           1.102-19.el10                                        appstream                                 33 k
DEBUG util.py:463:   perl-PathTools                                         x86_64                           3.91-512.el10                                        appstream                                 88 k
DEBUG util.py:463:   perl-Perl-OSType                                       noarch                           1.010-512.el10                                       appstream                                 23 k
DEBUG util.py:463:   perl-PerlIO-via-QuotedPrint                            noarch                           0.10-511.el10                                        appstream                                 21 k
DEBUG util.py:463:   perl-Pod-Checker                                       noarch                           4:1.77-511.el10                                      appstream                                 31 k
DEBUG util.py:463:   perl-Pod-Escapes                                       noarch                           1:1.07-511.el10                                      appstream                                 20 k
DEBUG util.py:463:   perl-Pod-Functions                                     noarch                           1.14-512.2.el10_0                                    appstream                                 14 k
DEBUG util.py:463:   perl-Pod-Html                                          noarch                           1.35-512.2.el10_0                                    appstream                                 29 k
DEBUG util.py:463:   perl-Pod-Perldoc                                       noarch                           3.28.01-512.el10                                     appstream                                 88 k
DEBUG util.py:463:   perl-Pod-Simple                                        noarch                           1:3.45-511.el10                                      appstream                                222 k
DEBUG util.py:463:   perl-Pod-Usage                                         noarch                           4:2.03-511.el10                                      appstream                                 40 k
DEBUG util.py:463:   perl-Safe                                              noarch                           2.46-512.2.el10_0                                    appstream                                 24 k
DEBUG util.py:463:   perl-Scalar-List-Utils                                 x86_64                           5:1.63-511.el10                                      appstream                                 72 k
DEBUG util.py:463:   perl-Search-Dict                                       noarch                           1.07-512.2.el10_0                                    appstream                                 13 k
DEBUG util.py:463:   perl-SelectSaver                                       noarch                           1.02-512.2.el10_0                                    appstream                                 11 k
DEBUG util.py:463:   perl-SelfLoader                                        noarch                           1.27-512.2.el10_0                                    appstream                                 21 k
DEBUG util.py:463:   perl-Socket                                            x86_64                           4:2.038-511.el10                                     appstream                                 54 k
DEBUG util.py:463:   perl-Software-License                                  noarch                           0.104006-4.el10                                      appstream                                154 k
DEBUG util.py:463:   perl-Storable                                          x86_64                           1:3.32-511.el10                                      appstream                                 98 k
DEBUG util.py:463:   perl-Sub-Exporter                                      noarch                           0.991-7.el10                                         appstream                                 80 k
DEBUG util.py:463:   perl-Sub-Install                                       noarch                           0.929-8.el10                                         appstream                                 23 k
DEBUG util.py:463:   perl-Symbol                                            noarch                           1.09-512.2.el10_0                                    appstream                                 14 k
DEBUG util.py:463:   perl-Sys-Hostname                                      x86_64                           1.25-512.2.el10_0                                    appstream                                 17 k
DEBUG util.py:463:   perl-Sys-Syslog                                        x86_64                           0.36-512.el10                                        appstream                                 46 k
DEBUG util.py:463:   perl-Term-ANSIColor                                    noarch                           5.01-512.el10                                        appstream                                 48 k
DEBUG util.py:463:   perl-Term-Cap                                          noarch                           1.18-511.el10                                        appstream                                 22 k
DEBUG util.py:463:   perl-Term-Complete                                     noarch                           1.403-512.2.el10_0                                   appstream                                 13 k
DEBUG util.py:463:   perl-Term-ReadLine                                     noarch                           1.17-512.2.el10_0                                    appstream                                 19 k
DEBUG util.py:463:   perl-Term-Table                                        noarch                           0.018-513.el10                                       appstream                                 48 k
DEBUG util.py:463:   perl-Test                                              noarch                           1.31-512.2.el10_0                                    appstream                                 28 k
DEBUG util.py:463:   perl-Test-Harness                                      noarch                           1:3.48-512.el10                                      appstream                                283 k
DEBUG util.py:463:   perl-Test-Simple                                       noarch                           3:1.302199-513.el10                                  appstream                                603 k
DEBUG util.py:463:   perl-Test2-Suite                                       noarch                           0.000163-4.el10                                      appstream                                485 k
DEBUG util.py:463:   perl-Text-Abbrev                                       noarch                           1.02-512.2.el10_0                                    appstream                                 12 k
DEBUG util.py:463:   perl-Text-Balanced                                     noarch                           2.06-511.el10                                        appstream                                 49 k
DEBUG util.py:463:   perl-Text-Diff                                         noarch                           1.45-25.el10                                         appstream                                 40 k
DEBUG util.py:463:   perl-Text-Glob                                         noarch                           0.11-26.el10                                         appstream                                 13 k
DEBUG util.py:463:   perl-Text-ParseWords                                   noarch                           3.31-511.el10                                        appstream                                 16 k
DEBUG util.py:463:   perl-Text-Tabs+Wrap                                    noarch                           2024.001-511.el10                                    appstream                                 22 k
DEBUG util.py:463:   perl-Text-Template                                     noarch                           1.61-8.el10                                          appstream                                 59 k
DEBUG util.py:463:   perl-Thread                                            noarch                           3.05-512.2.el10_0                                    appstream                                 18 k
DEBUG util.py:463:   perl-Thread-Queue                                      noarch                           3.14-511.el10                                        appstream                                 21 k
DEBUG util.py:463:   perl-Thread-Semaphore                                  noarch                           2.13-512.2.el10_0                                    appstream                                 15 k
DEBUG util.py:463:   perl-Tie                                               noarch                           4.6-512.2.el10_0                                     appstream                                 27 k
DEBUG util.py:463:   perl-Tie-File                                          noarch                           1.09-512.2.el10_0                                    appstream                                 43 k
DEBUG util.py:463:   perl-Tie-Memoize                                       noarch                           1.1-512.2.el10_0                                     appstream                                 14 k
DEBUG util.py:463:   perl-Tie-RefHash                                       noarch                           1.40-511.el10                                        appstream                                 23 k
DEBUG util.py:463:   perl-Time                                              noarch                           1.04-512.2.el10_0                                    appstream                                 16 k
DEBUG util.py:463:   perl-Time-HiRes                                        x86_64                           4:1.9777-511.el10                                    appstream                                 57 k
DEBUG util.py:463:   perl-Time-Local                                        noarch                           2:1.350-511.el10                                     appstream                                 34 k
DEBUG util.py:463:   perl-Time-Piece                                        x86_64                           1.3401-512.2.el10_0                                  appstream                                 40 k
DEBUG util.py:463:   perl-URI                                               noarch                           5.27-3.el10                                          appstream                                137 k
DEBUG util.py:463:   perl-Unicode-Collate                                   x86_64                           1.31-511.el10                                        appstream                                660 k
DEBUG util.py:463:   perl-Unicode-Normalize                                 x86_64                           1.32-511.el10                                        appstream                                 74 k
DEBUG util.py:463:   perl-Unicode-UCD                                       noarch                           0.78-512.2.el10_0                                    appstream                                 78 k
DEBUG util.py:463:   perl-User-pwent                                        noarch                           1.05-512.2.el10_0                                    appstream                                 19 k
DEBUG util.py:463:   perl-autodie                                           noarch                           2.37-512.el10                                        appstream                                 98 k
DEBUG util.py:463:   perl-autouse                                           noarch                           1.11-512.2.el10_0                                    appstream                                 13 k
DEBUG util.py:463:   perl-base                                              noarch                           2.27-512.2.el10_0                                    appstream                                 16 k
DEBUG util.py:463:   perl-bignum                                            noarch                           0.67-512.el10                                        appstream                                 53 k
DEBUG util.py:463:   perl-blib                                              noarch                           1.07-512.2.el10_0                                    appstream                                 12 k
DEBUG util.py:463:   perl-constant                                          noarch                           1.33-512.el10                                        appstream                                 23 k
DEBUG util.py:463:   perl-debugger                                          noarch                           1.60-512.2.el10_0                                    appstream                                133 k
DEBUG util.py:463:   perl-deprecate                                         noarch                           0.04-512.2.el10_0                                    appstream                                 14 k
DEBUG util.py:463:   perl-devel                                             x86_64                           4:5.40.2-512.2.el10_0                                appstream                                749 k
DEBUG util.py:463:   perl-diagnostics                                       noarch                           1.40-512.2.el10_0                                    appstream                                217 k
DEBUG util.py:463:   perl-doc                                               noarch                           5.40.2-512.2.el10_0                                  appstream                                4.8 M
DEBUG util.py:463:   perl-encoding                                          x86_64                           4:3.00-511.el10                                      appstream                                 63 k
DEBUG util.py:463:   perl-encoding-warnings                                 noarch                           0.14-512.2.el10_0                                    appstream                                 16 k
DEBUG util.py:463:   perl-experimental                                      noarch                           0.032-511.el10                                       appstream                                 26 k
DEBUG util.py:463:   perl-fields                                            noarch                           2.27-512.2.el10_0                                    appstream                                 16 k
DEBUG util.py:463:   perl-filetest                                          noarch                           1.03-512.2.el10_0                                    appstream                                 14 k
DEBUG util.py:463:   perl-if                                                noarch                           0.61.000-512.2.el10_0                                appstream                                 14 k
DEBUG util.py:463:   perl-inc-latest                                        noarch                           2:0.500-30.el10                                      appstream                                 23 k
DEBUG util.py:463:   perl-interpreter                                       x86_64                           4:5.40.2-512.2.el10_0                                appstream                                 72 k
DEBUG util.py:463:   perl-less                                              noarch                           0.03-512.2.el10_0                                    appstream                                 13 k
DEBUG util.py:463:   perl-lib                                               x86_64                           0.65-512.2.el10_0                                    appstream                                 15 k
DEBUG util.py:463:   perl-libnet                                            noarch                           3.15-512.el10                                        appstream                                130 k
DEBUG util.py:463:   perl-libnetcfg                                         noarch                           4:5.40.2-512.2.el10_0                                appstream                                 16 k
DEBUG util.py:463:   perl-libs                                              x86_64                           4:5.40.2-512.2.el10_0                                appstream                                2.2 M
DEBUG util.py:463:   perl-local-lib                                         noarch                           2.000029-9.el10                                      appstream                                 66 k
DEBUG util.py:463:   perl-locale                                            noarch                           1.12-512.2.el10_0                                    appstream                                 13 k
DEBUG util.py:463:   perl-macros                                            noarch                           4:5.40.2-512.2.el10_0                                appstream                                 12 k
DEBUG util.py:463:   perl-meta-notation                                     noarch                           5.40.2-512.2.el10_0                                  appstream                                 10 k
DEBUG util.py:463:   perl-mro                                               x86_64                           1.29-512.2.el10_0                                    appstream                                 30 k
DEBUG util.py:463:   perl-open                                              noarch                           1.13-512.2.el10_0                                    appstream                                 16 k
DEBUG util.py:463:   perl-overload                                          noarch                           1.37-512.2.el10_0                                    appstream                                 45 k
DEBUG util.py:463:   perl-overloading                                       noarch                           0.02-512.2.el10_0                                    appstream                                 13 k
DEBUG util.py:463:   perl-parent                                            noarch                           1:0.241-512.el10                                     appstream                                 15 k
DEBUG util.py:463:   perl-perlfaq                                           noarch                           5.20240218-511.el10                                  appstream                                379 k
DEBUG util.py:463:   perl-ph                                                x86_64                           5.40.2-512.2.el10_0                                  appstream                                 43 k
DEBUG util.py:463:   perl-podlators                                         noarch                           1:5.01-511.el10                                      appstream                                127 k
DEBUG util.py:463:   perl-sigtrap                                           noarch                           1.10-512.2.el10_0                                    appstream                                 15 k
DEBUG util.py:463:   perl-sort                                              noarch                           2.05-512.2.el10_0                                    appstream                                 13 k
DEBUG util.py:463:   perl-subs                                              noarch                           1.04-512.2.el10_0                                    appstream                                 11 k
DEBUG util.py:463:   perl-threads                                           x86_64                           1:2.40-511.el10                                      appstream                                 58 k
DEBUG util.py:463:   perl-threads-shared                                    x86_64                           1.69-511.el10                                        appstream                                 44 k
DEBUG util.py:463:   perl-utils                                             noarch                           5.40.2-512.2.el10_0                                  appstream                                 52 k
DEBUG util.py:463:   perl-vars                                              noarch                           1.05-512.2.el10_0                                    appstream                                 13 k
DEBUG util.py:463:   perl-version                                           x86_64                           8:0.99.32-4.el10                                     appstream                                 63 k
DEBUG util.py:463:   perl-vmsish                                            noarch                           1.04-512.2.el10_0                                    appstream                                 14 k
DEBUG util.py:463:   python3                                                x86_64                           3.12.13-2.el10_2                                     baseos                                    28 k
DEBUG util.py:463:   python3-libs                                           x86_64                           3.12.13-2.el10_2                                     baseos                                   8.9 M
DEBUG util.py:463:   python3-pip-wheel                                      noarch                           23.3.2-11.el10_2                                     baseos                                   1.5 M
DEBUG util.py:463:   python3-pyparsing                                      noarch                           3.1.1-7.el10                                         baseos                                   271 k
DEBUG util.py:463:   systemd-pam                                            x86_64                           257-23.el10_2.2.alma.1                               baseos                                   320 k
DEBUG util.py:463:   systemd-rpm-macros                                     noarch                           257-23.el10_2.2.alma.1                               baseos                                    41 k
DEBUG util.py:463:   systemtap-sdt-devel                                    x86_64                           5.4-3.el10                                           appstream                                 70 k
DEBUG util.py:463:   systemtap-sdt-dtrace                                   x86_64                           5.4-3.el10                                           appstream                                 70 k
DEBUG util.py:463:   tpm2-tss                                               x86_64                           4.1.3-6.el10                                         baseos                                   408 k
DEBUG util.py:463:   tzdata                                                 noarch                           2026b-1.el10.alma.1                                  baseos                                   497 k
DEBUG util.py:463:   yajl                                                   x86_64                           2.1.0-25.el10                                        mock-localrepo                            37 k
DEBUG util.py:463:  Transaction Summary
DEBUG util.py:463:  =============================================================================================================================================================================================
DEBUG util.py:463:  Install  264 Packages
DEBUG util.py:463:  Total size: 123 M
DEBUG util.py:463:  Installed size: 381 M
DEBUG util.py:463:  Downloading Packages:
DEBUG util.py:463:  [SKIPPED] dbus-1.14.10-5.el10.x86_64.rpm: Already downloaded                                                                                                                                
DEBUG util.py:463:  [SKIPPED] dbus-broker-36-4.el10.x86_64.rpm: Already downloaded                                                                                                                              
DEBUG util.py:463:  [SKIPPED] dbus-common-1.14.10-5.el10.noarch.rpm: Already downloaded                                                                                                                         
DEBUG util.py:463:  [SKIPPED] expat-2.7.3-1.el10_2.1.x86_64.rpm: Already downloaded                                                                                                                             
DEBUG util.py:463:  [SKIPPED] gnupg2-2.4.5-4.el10_1.x86_64.rpm: Already downloaded                                                                                                                              
DEBUG util.py:463:  [SKIPPED] gnutls-3.8.10-4.el10_2.x86_64.rpm: Already downloaded                                                                                                                             
DEBUG util.py:463:  [SKIPPED] groff-base-1.23.0-10.el10.x86_64.rpm: Already downloaded                                                                                                                          
DEBUG util.py:463:  [SKIPPED] libassuan-2.5.6-6.el10.x86_64.rpm: Already downloaded                                                                                                                             
DEBUG util.py:463:  [SKIPPED] libgcrypt-1.11.0-5.el10.x86_64.rpm: Already downloaded                                                                                                                            
DEBUG util.py:463:  [SKIPPED] libgpg-error-1.50-2.el10.x86_64.rpm: Already downloaded                                                                                                                           
DEBUG util.py:463:  [SKIPPED] libksba-1.6.7-2.el10.x86_64.rpm: Already downloaded                                                                                                                               
DEBUG util.py:463:  [SKIPPED] libseccomp-2.5.6-1.el10.x86_64.rpm: Already downloaded                                                                                                                            
DEBUG util.py:463:  [SKIPPED] lmdb-libs-0.9.32-4.el10.x86_64.rpm: Already downloaded                                                                                                                            
DEBUG util.py:463:  [SKIPPED] make-4.4.1-9.el10.x86_64.rpm: Already downloaded                                                                                                                                  
DEBUG util.py:463:  [SKIPPED] mpdecimal-2.5.1-12.el10.x86_64.rpm: Already downloaded                                                                                                                            
DEBUG util.py:463:  [SKIPPED] ncurses-6.4-15.20240127.el10_1.x86_64.rpm: Already downloaded                                                                                                                     
DEBUG util.py:463:  [SKIPPED] npth-1.6-21.el10.x86_64.rpm: Already downloaded                                                                                                                                   
DEBUG util.py:463:  [SKIPPED] python3-3.12.13-2.el10_2.x86_64.rpm: Already downloaded                                                                                                                           
DEBUG util.py:463:  [SKIPPED] python3-libs-3.12.13-2.el10_2.x86_64.rpm: Already downloaded                                                                                                                      
DEBUG util.py:463:  [SKIPPED] python3-pip-wheel-23.3.2-11.el10_2.noarch.rpm: Already downloaded                                                                                                                 
DEBUG util.py:463:  [SKIPPED] python3-pyparsing-3.1.1-7.el10.noarch.rpm: Already downloaded                                                                                                                     
DEBUG util.py:463:  [SKIPPED] systemd-257-23.el10_2.2.alma.1.x86_64.rpm: Already downloaded                                                                                                                     
DEBUG util.py:463:  [SKIPPED] systemd-pam-257-23.el10_2.2.alma.1.x86_64.rpm: Already downloaded                                                                                                                 
DEBUG util.py:463:  [SKIPPED] systemd-rpm-macros-257-23.el10_2.2.alma.1.noarch.rpm: Already downloaded                                                                                                          
DEBUG util.py:463:  [SKIPPED] tpm2-tss-4.1.3-6.el10.x86_64.rpm: Already downloaded                                                                                                                              
DEBUG util.py:463:  [SKIPPED] tzdata-2026b-1.el10.alma.1.noarch.rpm: Already downloaded                                                                                                                         
DEBUG util.py:463:  [SKIPPED] annobin-docs-13.02-2.el10.noarch.rpm: Already downloaded                                                                                                                          
DEBUG util.py:463:  [SKIPPED] annobin-plugin-gcc-13.02-2.el10.x86_64.rpm: Already downloaded                                                                                                                    
DEBUG util.py:463:  [SKIPPED] cmake-filesystem-3.31.8-1.el10.x86_64.rpm: Already downloaded                                                                                                                     
DEBUG util.py:463:  [SKIPPED] cpp-14.3.1-4.4.el10.alma.2.x86_64.rpm: Already downloaded                                                                                                                         
DEBUG util.py:463:  [SKIPPED] gcc-14.3.1-4.4.el10.alma.2.x86_64.rpm: Already downloaded                                                                                                                         
DEBUG util.py:463:  [SKIPPED] gcc-c++-14.3.1-4.4.el10.alma.2.x86_64.rpm: Already downloaded                                                                                                                     
DEBUG util.py:463:  [SKIPPED] gcc-plugin-annobin-14.3.1-4.4.el10.alma.2.x86_64.rpm: Already downloaded                                                                                                          
DEBUG util.py:463:  [SKIPPED] glibc-devel-2.39-126.el10_2.alma.1.x86_64.rpm: Already downloaded                                                                                                                 
DEBUG util.py:463:  [SKIPPED] kernel-headers-6.12.0-211.29.1.el10_2.x86_64.rpm: Already downloaded                                                                                                              
DEBUG util.py:463:  [SKIPPED] libmpc-1.3.1-7.el10.x86_64.rpm: Already downloaded                                                                                                                                
DEBUG util.py:463:  [SKIPPED] libstdc++-devel-14.3.1-4.4.el10.alma.2.x86_64.rpm: Already downloaded                                                                                                             
DEBUG util.py:463:  [SKIPPED] libxcrypt-devel-4.4.36-10.el10.x86_64.rpm: Already downloaded                                                                                                                     
DEBUG util.py:463:  [SKIPPED] libzstd-devel-1.5.5-9.el10.x86_64.rpm: Already downloaded                                                                                                                         
DEBUG util.py:463:  [SKIPPED] openssl-devel-3.5.5-4.el10_2.alma.1.x86_64.rpm: Already downloaded                                                                                                                
DEBUG util.py:463:  [SKIPPED] pcre2-devel-10.44-1.el10.3.x86_64.rpm: Already downloaded                                                                                                                         
DEBUG util.py:463:  [SKIPPED] pcre2-utf16-10.44-1.el10.3.x86_64.rpm: Already downloaded                                                                                                                         
DEBUG util.py:463:  [SKIPPED] pcre2-utf32-10.44-1.el10.3.x86_64.rpm: Already downloaded                                                                                                                         
DEBUG util.py:463:  [SKIPPED] perl-5.40.2-512.2.el10_0.x86_64.rpm: Already downloaded                                                                                                                           
DEBUG util.py:463:  [SKIPPED] perl-Algorithm-Diff-1.2010-14.el10.noarch.rpm: Already downloaded                                                                                                                 
DEBUG util.py:463:  [SKIPPED] perl-Archive-Tar-3.02-512.el10_2.1.noarch.rpm: Already downloaded                                                                                                                 
DEBUG util.py:463:  [SKIPPED] perl-Archive-Zip-1.68-17.el10.noarch.rpm: Already downloaded                                                                                                                      
DEBUG util.py:463:  [SKIPPED] perl-Attribute-Handlers-1.03-512.2.el10_0.noarch.rpm: Already downloaded                                                                                                          
DEBUG util.py:463:  [SKIPPED] perl-AutoLoader-5.74-512.2.el10_0.noarch.rpm: Already downloaded                                                                                                                  
DEBUG util.py:463:  [SKIPPED] perl-AutoSplit-5.74-512.2.el10_0.noarch.rpm: Already downloaded                                                                                                                   
DEBUG util.py:463:  [SKIPPED] perl-B-1.89-512.2.el10_0.x86_64.rpm: Already downloaded                                                                                                                           
DEBUG util.py:463:  [SKIPPED] perl-Benchmark-1.25-512.2.el10_0.noarch.rpm: Already downloaded                                                                                                                   
DEBUG util.py:463:  [SKIPPED] perl-CPAN-2.36-514.el10_0.noarch.rpm: Already downloaded                                                                                                                          
DEBUG util.py:463:  [SKIPPED] perl-CPAN-Meta-2.150010-511.el10.noarch.rpm: Already downloaded                                                                                                                   
DEBUG util.py:463:  [SKIPPED] perl-CPAN-Meta-Requirements-2.143-11.el10.noarch.rpm: Already downloaded                                                                                                          
DEBUG util.py:463:  [SKIPPED] perl-CPAN-Meta-YAML-0.018-512.el10.noarch.rpm: Already downloaded                                                                                                                 
DEBUG util.py:463:  [SKIPPED] perl-Carp-1.54-511.el10.noarch.rpm: Already downloaded                                                                                                                            
DEBUG util.py:463:  [SKIPPED] perl-Class-Struct-0.68-512.2.el10_0.noarch.rpm: Already downloaded                                                                                                                
DEBUG util.py:463:  [SKIPPED] perl-Compress-Bzip2-2.28-21.el10.x86_64.rpm: Already downloaded                                                                                                                   
DEBUG util.py:463:  [SKIPPED] perl-Compress-Raw-Bzip2-2.212-512.el10.x86_64.rpm: Already downloaded                                                                                                             
DEBUG util.py:463:  [SKIPPED] perl-Compress-Raw-Lzma-2.212-3.el10.x86_64.rpm: Already downloaded                                                                                                                
DEBUG util.py:463:  [SKIPPED] perl-Compress-Raw-Zlib-2.212-513.el10.x86_64.rpm: Already downloaded                                                                                                              
DEBUG util.py:463:  [SKIPPED] perl-Config-Extensions-0.03-512.2.el10_0.noarch.rpm: Already downloaded                                                                                                           
DEBUG util.py:463:  [SKIPPED] perl-Config-Perl-V-0.36-512.el10.noarch.rpm: Already downloaded                                                                                                                   
DEBUG util.py:463:  [SKIPPED] perl-DBM_Filter-0.06-512.2.el10_0.noarch.rpm: Already downloaded                                                                                                                  
DEBUG util.py:463:  [SKIPPED] perl-Data-Dumper-2.189-512.el10.x86_64.rpm: Already downloaded                                                                                                                    
DEBUG util.py:463:  [SKIPPED] perl-Data-OptList-0.114-7.el10.noarch.rpm: Already downloaded                                                                                                                     
DEBUG util.py:463:  [SKIPPED] perl-Data-Section-0.200008-8.el10.noarch.rpm: Already downloaded                                                                                                                  
DEBUG util.py:463:  [SKIPPED] perl-Devel-PPPort-3.72-512.el10.x86_64.rpm: Already downloaded                                                                                                                    
DEBUG util.py:463:  [SKIPPED] perl-Devel-Peek-1.34-512.2.el10_0.x86_64.rpm: Already downloaded                                                                                                                  
DEBUG util.py:463:  [SKIPPED] perl-Devel-SelfStubber-1.06-512.2.el10_0.noarch.rpm: Already downloaded                                                                                                           
DEBUG util.py:463:  [SKIPPED] perl-Devel-Size-0.84-3.el10.x86_64.rpm: Already downloaded                                                                                                                        
DEBUG util.py:463:  [SKIPPED] perl-Digest-1.20-511.el10.noarch.rpm: Already downloaded                                                                                                                          
DEBUG util.py:463:  [SKIPPED] perl-Digest-MD5-2.59-6.el10.x86_64.rpm: Already downloaded                                                                                                                        
DEBUG util.py:463:  [SKIPPED] perl-Digest-SHA-6.04-512.el10.x86_64.rpm: Already downloaded                                                                                                                      
DEBUG util.py:463:  [SKIPPED] perl-DirHandle-1.05-512.2.el10_0.noarch.rpm: Already downloaded                                                                                                                   
DEBUG util.py:463:  [SKIPPED] perl-Dumpvalue-2.27-512.2.el10_0.noarch.rpm: Already downloaded                                                                                                                   
DEBUG util.py:463:  [SKIPPED] perl-DynaLoader-1.56-512.2.el10_0.x86_64.rpm: Already downloaded                                                                                                                  
DEBUG util.py:463:  [SKIPPED] perl-Encode-3.21-511.el10.x86_64.rpm: Already downloaded                                                                                                                          
DEBUG util.py:463:  [SKIPPED] perl-Encode-devel-3.21-511.el10.x86_64.rpm: Already downloaded                                                                                                                    
DEBUG util.py:463:  [SKIPPED] perl-English-1.11-512.2.el10_0.noarch.rpm: Already downloaded                                                                                                                     
DEBUG util.py:463:  [SKIPPED] perl-Env-1.06-511.el10.noarch.rpm: Already downloaded                                                                                                                             
DEBUG util.py:463:  [SKIPPED] perl-Errno-1.38-512.2.el10_0.x86_64.rpm: Already downloaded                                                                                                                       
DEBUG util.py:463:  [SKIPPED] perl-Exporter-5.78-511.el10.noarch.rpm: Already downloaded                                                                                                                        
DEBUG util.py:463:  [SKIPPED] perl-ExtUtils-CBuilder-0.280240-511.el10.noarch.rpm: Already downloaded                                                                                                           
DEBUG util.py:463:  [SKIPPED] perl-ExtUtils-Command-7.70-513.el10.noarch.rpm: Already downloaded                                                                                                                
DEBUG util.py:463:  [SKIPPED] perl-ExtUtils-Constant-0.25-512.2.el10_0.noarch.rpm: Already downloaded                                                                                                           
DEBUG util.py:463:  [SKIPPED] perl-ExtUtils-Embed-1.35-512.2.el10_0.noarch.rpm: Already downloaded                                                                                                              
DEBUG util.py:463:  [SKIPPED] perl-ExtUtils-Install-2.22-511.el10.noarch.rpm: Already downloaded                                                                                                                
DEBUG util.py:463:  [SKIPPED] perl-ExtUtils-MM-Utils-7.70-513.el10.noarch.rpm: Already downloaded                                                                                                               
DEBUG util.py:463:  [SKIPPED] perl-ExtUtils-MakeMaker-7.70-513.el10.noarch.rpm: Already downloaded                                                                                                              
DEBUG util.py:463:  [SKIPPED] perl-ExtUtils-Manifest-1.75-511.el10.noarch.rpm: Already downloaded                                                                                                               
DEBUG util.py:463:  [SKIPPED] perl-ExtUtils-Miniperl-1.14-512.2.el10_0.noarch.rpm: Already downloaded                                                                                                           
DEBUG util.py:463:  [SKIPPED] perl-ExtUtils-ParseXS-3.51-512.el10.noarch.rpm: Already downloaded                                                                                                                
DEBUG util.py:463:  [SKIPPED] perl-Fcntl-1.18-512.2.el10_0.x86_64.rpm: Already downloaded                                                                                                                       
DEBUG util.py:463:  [SKIPPED] perl-File-Basename-2.86-512.2.el10_0.noarch.rpm: Already downloaded                                                                                                               
DEBUG util.py:463:  [SKIPPED] perl-File-Compare-1.100.800-512.2.el10_0.noarch.rpm: Already downloaded                                                                                                           
DEBUG util.py:463:  [SKIPPED] perl-File-Copy-2.41-512.2.el10_0.noarch.rpm: Already downloaded                                                                                                                   
DEBUG util.py:463:  [SKIPPED] perl-File-DosGlob-1.12-512.2.el10_0.x86_64.rpm: Already downloaded                                                                                                                
DEBUG util.py:463:  [SKIPPED] perl-File-Fetch-1.04-511.el10.noarch.rpm: Already downloaded                                                                                                                      
DEBUG util.py:463:  [SKIPPED] perl-File-Find-1.44-512.2.el10_0.noarch.rpm: Already downloaded                                                                                                                   
DEBUG util.py:463:  [SKIPPED] perl-File-HomeDir-1.006-15.el10.noarch.rpm: Already downloaded                                                                                                                    
DEBUG util.py:463:  [SKIPPED] perl-File-Path-2.18-512.el10.noarch.rpm: Already downloaded                                                                                                                       
DEBUG util.py:463:  [SKIPPED] perl-File-Temp-0.231.100-512.el10.noarch.rpm: Already downloaded                                                                                                                  
DEBUG util.py:463:  [SKIPPED] perl-File-Which-1.27-14.el10.noarch.rpm: Already downloaded                                                                                                                       
DEBUG util.py:463:  [SKIPPED] perl-File-stat-1.14-512.2.el10_0.noarch.rpm: Already downloaded                                                                                                                   
DEBUG util.py:463:  [SKIPPED] perl-FileCache-1.10-512.2.el10_0.noarch.rpm: Already downloaded                                                                                                                   
DEBUG util.py:463:  [SKIPPED] perl-FileHandle-2.05-512.2.el10_0.noarch.rpm: Already downloaded                                                                                                                  
DEBUG util.py:463:  [SKIPPED] perl-Filter-1.64-512.el10.x86_64.rpm: Already downloaded                                                                                                                          
DEBUG util.py:463:  [SKIPPED] perl-Filter-Simple-0.96-511.el10.noarch.rpm: Already downloaded                                                                                                                   
DEBUG util.py:463:  [SKIPPED] perl-FindBin-1.54-512.2.el10_0.noarch.rpm: Already downloaded                                                                                                                     
DEBUG util.py:463:  [SKIPPED] perl-GDBM_File-1.24-512.2.el10_0.x86_64.rpm: Already downloaded                                                                                                                   
DEBUG util.py:463:  [SKIPPED] perl-Getopt-Long-2.58-3.el10.noarch.rpm: Already downloaded                                                                                                                       
DEBUG util.py:463:  [SKIPPED] perl-Getopt-Std-1.14-512.2.el10_0.noarch.rpm: Already downloaded                                                                                                                  
DEBUG util.py:463:  [SKIPPED] perl-HTTP-Tiny-0.088-512.el10.noarch.rpm: Already downloaded                                                                                                                      
DEBUG util.py:463:  [SKIPPED] perl-Hash-Util-0.32-512.2.el10_0.x86_64.rpm: Already downloaded                                                                                                                   
DEBUG util.py:463:  [SKIPPED] perl-Hash-Util-FieldHash-1.27-512.2.el10_0.x86_64.rpm: Already downloaded                                                                                                         
DEBUG util.py:463:  [SKIPPED] perl-I18N-Collate-1.02-512.2.el10_0.noarch.rpm: Already downloaded                                                                                                                
DEBUG util.py:463:  [SKIPPED] perl-I18N-LangTags-0.45-512.2.el10_0.noarch.rpm: Already downloaded                                                                                                               
DEBUG util.py:463:  [SKIPPED] perl-I18N-Langinfo-0.24-512.2.el10_0.x86_64.rpm: Already downloaded                                                                                                               
DEBUG util.py:463:  [SKIPPED] perl-IO-1.55-512.2.el10_0.x86_64.rpm: Already downloaded                                                                                                                          
DEBUG util.py:463:  [SKIPPED] perl-IO-Compress-2.212-512.el10_2.1.noarch.rpm: Already downloaded                                                                                                                
DEBUG util.py:463:  [SKIPPED] perl-IO-Compress-Lzma-2.206-8.el10.noarch.rpm: Already downloaded                                                                                                                 
DEBUG util.py:463:  [SKIPPED] perl-IO-Socket-IP-0.42-512.el10.noarch.rpm: Already downloaded                                                                                                                    
DEBUG util.py:463:  [SKIPPED] perl-IO-Socket-SSL-2.085-3.el10.noarch.rpm: Already downloaded                                                                                                                    
DEBUG util.py:463:  [SKIPPED] perl-IO-Zlib-1.15-511.el10.noarch.rpm: Already downloaded                                                                                                                         
DEBUG util.py:463:  [SKIPPED] perl-IPC-Cmd-1.04-512.el10.noarch.rpm: Already downloaded                                                                                                                         
DEBUG util.py:463:  [SKIPPED] perl-IPC-Open3-1.22-512.2.el10_0.noarch.rpm: Already downloaded                                                                                                                   
DEBUG util.py:463:  [SKIPPED] perl-IPC-SysV-2.09-512.el10.x86_64.rpm: Already downloaded                                                                                                                        
DEBUG util.py:463:  [SKIPPED] perl-IPC-System-Simple-1.30-16.el10.noarch.rpm: Already downloaded                                                                                                                
DEBUG util.py:463:  [SKIPPED] perl-JSON-PP-4.16-513.el10.noarch.rpm: Already downloaded                                                                                                                         
DEBUG util.py:463:  [SKIPPED] perl-Locale-Maketext-1.33-512.el10.noarch.rpm: Already downloaded                                                                                                                 
DEBUG util.py:463:  [SKIPPED] perl-Locale-Maketext-Simple-0.21-512.2.el10_0.noarch.rpm: Already downloaded                                                                                                      
DEBUG util.py:463:  [SKIPPED] perl-MIME-Base64-3.16-511.el10.x86_64.rpm: Already downloaded                                                                                                                     
DEBUG util.py:463:  [SKIPPED] perl-MRO-Compat-0.15-12.el10.noarch.rpm: Already downloaded                                                                                                                       
DEBUG util.py:463:  [SKIPPED] perl-Math-BigInt-2.0030.03-3.el10.noarch.rpm: Already downloaded                                                                                                                  
DEBUG util.py:463:  [SKIPPED] perl-Math-BigInt-FastCalc-0.501.800-511.el10.x86_64.rpm: Already downloaded                                                                                                       
DEBUG util.py:463:  [SKIPPED] perl-Math-Complex-1.62-512.2.el10_0.noarch.rpm: Already downloaded                                                                                                                
DEBUG util.py:463:  [SKIPPED] perl-Memoize-1.16-512.2.el10_0.noarch.rpm: Already downloaded                                                                                                                     
DEBUG util.py:463:  [SKIPPED] perl-Module-Build-0.42.34-7.el10.noarch.rpm: Already downloaded                                                                                                                   
DEBUG util.py:463:  [SKIPPED] perl-Module-CoreList-5.20260119-1.el10.noarch.rpm: Already downloaded                                                                                                             
DEBUG util.py:463:  [SKIPPED] perl-Module-CoreList-tools-5.20260119-1.el10.noarch.rpm: Already downloaded                                                                                                       
DEBUG util.py:463:  [SKIPPED] perl-Module-Load-0.36-511.el10.noarch.rpm: Already downloaded                                                                                                                     
DEBUG util.py:463:  [SKIPPED] perl-Module-Load-Conditional-0.74-511.el10.noarch.rpm: Already downloaded                                                                                                         
DEBUG util.py:463:  [SKIPPED] perl-Module-Loaded-0.08-512.2.el10_0.noarch.rpm: Already downloaded                                                                                                               
DEBUG util.py:463:  [SKIPPED] perl-Module-Metadata-1.000038-512.el10.noarch.rpm: Already downloaded                                                                                                             
DEBUG util.py:463:  [SKIPPED] perl-Module-Signature-0.88-12.el10.noarch.rpm: Already downloaded                                                                                                                 
DEBUG util.py:463:  [SKIPPED] perl-Mozilla-CA-20231213-5.el10.noarch.rpm: Already downloaded                                                                                                                    
DEBUG util.py:463:  [SKIPPED] perl-NDBM_File-1.17-512.2.el10_0.x86_64.rpm: Already downloaded                                                                                                                   
DEBUG util.py:463:  [SKIPPED] perl-NEXT-0.69-512.2.el10_0.noarch.rpm: Already downloaded                                                                                                                        
DEBUG util.py:463:  [SKIPPED] perl-Net-1.04-512.2.el10_0.noarch.rpm: Already downloaded                                                                                                                         
DEBUG util.py:463:  [SKIPPED] perl-Net-Ping-2.76-511.el10.noarch.rpm: Already downloaded                                                                                                                        
DEBUG util.py:463:  [SKIPPED] perl-Net-SSLeay-1.94-8.el10.x86_64.rpm: Already downloaded                                                                                                                        
DEBUG util.py:463:  [SKIPPED] perl-ODBM_File-1.18-512.2.el10_0.x86_64.rpm: Already downloaded                                                                                                                   
DEBUG util.py:463:  [SKIPPED] perl-Opcode-1.65-512.2.el10_0.x86_64.rpm: Already downloaded                                                                                                                      
DEBUG util.py:463:  [SKIPPED] perl-POSIX-2.20-512.2.el10_0.x86_64.rpm: Already downloaded                                                                                                                       
DEBUG util.py:463:  [SKIPPED] perl-Package-Generator-1.106-34.el10.noarch.rpm: Already downloaded                                                                                                               
DEBUG util.py:463:  [SKIPPED] perl-Params-Check-0.38-511.el10.noarch.rpm: Already downloaded                                                                                                                    
DEBUG util.py:463:  [SKIPPED] perl-Params-Util-1.102-19.el10.x86_64.rpm: Already downloaded                                                                                                                     
DEBUG util.py:463:  [SKIPPED] perl-PathTools-3.91-512.el10.x86_64.rpm: Already downloaded                                                                                                                       
DEBUG util.py:463:  [SKIPPED] perl-Perl-OSType-1.010-512.el10.noarch.rpm: Already downloaded                                                                                                                    
DEBUG util.py:463:  [SKIPPED] perl-PerlIO-via-QuotedPrint-0.10-511.el10.noarch.rpm: Already downloaded                                                                                                          
DEBUG util.py:463:  [SKIPPED] perl-Pod-Checker-1.77-511.el10.noarch.rpm: Already downloaded                                                                                                                     
DEBUG util.py:463:  [SKIPPED] perl-Pod-Escapes-1.07-511.el10.noarch.rpm: Already downloaded                                                                                                                     
DEBUG util.py:463:  [SKIPPED] perl-Pod-Functions-1.14-512.2.el10_0.noarch.rpm: Already downloaded                                                                                                               
DEBUG util.py:463:  [SKIPPED] perl-Pod-Html-1.35-512.2.el10_0.noarch.rpm: Already downloaded                                                                                                                    
DEBUG util.py:463:  [SKIPPED] perl-Pod-Perldoc-3.28.01-512.el10.noarch.rpm: Already downloaded                                                                                                                  
DEBUG util.py:463:  [SKIPPED] perl-Pod-Simple-3.45-511.el10.noarch.rpm: Already downloaded                                                                                                                      
DEBUG util.py:463:  [SKIPPED] perl-Pod-Usage-2.03-511.el10.noarch.rpm: Already downloaded                                                                                                                       
DEBUG util.py:463:  [SKIPPED] perl-Safe-2.46-512.2.el10_0.noarch.rpm: Already downloaded                                                                                                                        
DEBUG util.py:463:  [SKIPPED] perl-Scalar-List-Utils-1.63-511.el10.x86_64.rpm: Already downloaded                                                                                                               
DEBUG util.py:463:  [SKIPPED] perl-Search-Dict-1.07-512.2.el10_0.noarch.rpm: Already downloaded                                                                                                                 
DEBUG util.py:463:  [SKIPPED] perl-SelectSaver-1.02-512.2.el10_0.noarch.rpm: Already downloaded                                                                                                                 
DEBUG util.py:463:  [SKIPPED] perl-SelfLoader-1.27-512.2.el10_0.noarch.rpm: Already downloaded                                                                                                                  
DEBUG util.py:463:  [SKIPPED] perl-Socket-2.038-511.el10.x86_64.rpm: Already downloaded                                                                                                                         
DEBUG util.py:463:  [SKIPPED] perl-Software-License-0.104006-4.el10.noarch.rpm: Already downloaded                                                                                                              
DEBUG util.py:463:  [SKIPPED] perl-Storable-3.32-511.el10.x86_64.rpm: Already downloaded                                                                                                                        
DEBUG util.py:463:  [SKIPPED] perl-Sub-Exporter-0.991-7.el10.noarch.rpm: Already downloaded                                                                                                                     
DEBUG util.py:463:  [SKIPPED] perl-Sub-Install-0.929-8.el10.noarch.rpm: Already downloaded                                                                                                                      
DEBUG util.py:463:  [SKIPPED] perl-Symbol-1.09-512.2.el10_0.noarch.rpm: Already downloaded                                                                                                                      
DEBUG util.py:463:  [SKIPPED] perl-Sys-Hostname-1.25-512.2.el10_0.x86_64.rpm: Already downloaded                                                                                                                
DEBUG util.py:463:  [SKIPPED] perl-Sys-Syslog-0.36-512.el10.x86_64.rpm: Already downloaded                                                                                                                      
DEBUG util.py:463:  [SKIPPED] perl-Term-ANSIColor-5.01-512.el10.noarch.rpm: Already downloaded                                                                                                                  
DEBUG util.py:463:  [SKIPPED] perl-Term-Cap-1.18-511.el10.noarch.rpm: Already downloaded                                                                                                                        
DEBUG util.py:463:  [SKIPPED] perl-Term-Complete-1.403-512.2.el10_0.noarch.rpm: Already downloaded                                                                                                              
DEBUG util.py:463:  [SKIPPED] perl-Term-ReadLine-1.17-512.2.el10_0.noarch.rpm: Already downloaded                                                                                                               
DEBUG util.py:463:  [SKIPPED] perl-Term-Table-0.018-513.el10.noarch.rpm: Already downloaded                                                                                                                     
DEBUG util.py:463:  [SKIPPED] perl-Test-1.31-512.2.el10_0.noarch.rpm: Already downloaded                                                                                                                        
DEBUG util.py:463:  [SKIPPED] perl-Test-Harness-3.48-512.el10.noarch.rpm: Already downloaded                                                                                                                    
DEBUG util.py:463:  [SKIPPED] perl-Test-Simple-1.302199-513.el10.noarch.rpm: Already downloaded                                                                                                                 
DEBUG util.py:463:  [SKIPPED] perl-Test2-Suite-0.000163-4.el10.noarch.rpm: Already downloaded                                                                                                                   
DEBUG util.py:463:  [SKIPPED] perl-Text-Abbrev-1.02-512.2.el10_0.noarch.rpm: Already downloaded                                                                                                                 
DEBUG util.py:463:  [SKIPPED] perl-Text-Balanced-2.06-511.el10.noarch.rpm: Already downloaded                                                                                                                   
DEBUG util.py:463:  [SKIPPED] perl-Text-Diff-1.45-25.el10.noarch.rpm: Already downloaded                                                                                                                        
DEBUG util.py:463:  [SKIPPED] perl-Text-Glob-0.11-26.el10.noarch.rpm: Already downloaded                                                                                                                        
DEBUG util.py:463:  [SKIPPED] perl-Text-ParseWords-3.31-511.el10.noarch.rpm: Already downloaded                                                                                                                 
DEBUG util.py:463:  [SKIPPED] perl-Text-Tabs+Wrap-2024.001-511.el10.noarch.rpm: Already downloaded                                                                                                              
DEBUG util.py:463:  [SKIPPED] perl-Text-Template-1.61-8.el10.noarch.rpm: Already downloaded                                                                                                                     
DEBUG util.py:463:  [SKIPPED] perl-Thread-3.05-512.2.el10_0.noarch.rpm: Already downloaded                                                                                                                      
DEBUG util.py:463:  [SKIPPED] perl-Thread-Queue-3.14-511.el10.noarch.rpm: Already downloaded                                                                                                                    
DEBUG util.py:463:  [SKIPPED] perl-Thread-Semaphore-2.13-512.2.el10_0.noarch.rpm: Already downloaded                                                                                                            
DEBUG util.py:463:  [SKIPPED] perl-Tie-4.6-512.2.el10_0.noarch.rpm: Already downloaded                                                                                                                          
DEBUG util.py:463:  [SKIPPED] perl-Tie-File-1.09-512.2.el10_0.noarch.rpm: Already downloaded                                                                                                                    
DEBUG util.py:463:  [SKIPPED] perl-Tie-Memoize-1.1-512.2.el10_0.noarch.rpm: Already downloaded                                                                                                                  
DEBUG util.py:463:  [SKIPPED] perl-Tie-RefHash-1.40-511.el10.noarch.rpm: Already downloaded                                                                                                                     
DEBUG util.py:463:  [SKIPPED] perl-Time-1.04-512.2.el10_0.noarch.rpm: Already downloaded                                                                                                                        
DEBUG util.py:463:  [SKIPPED] perl-Time-HiRes-1.9777-511.el10.x86_64.rpm: Already downloaded                                                                                                                    
DEBUG util.py:463:  [SKIPPED] perl-Time-Local-1.350-511.el10.noarch.rpm: Already downloaded                                                                                                                     
DEBUG util.py:463:  [SKIPPED] perl-Time-Piece-1.3401-512.2.el10_0.x86_64.rpm: Already downloaded                                                                                                                
DEBUG util.py:463:  [SKIPPED] perl-URI-5.27-3.el10.noarch.rpm: Already downloaded                                                                                                                               
DEBUG util.py:463:  [SKIPPED] perl-Unicode-Collate-1.31-511.el10.x86_64.rpm: Already downloaded                                                                                                                 
DEBUG util.py:463:  [SKIPPED] perl-Unicode-Normalize-1.32-511.el10.x86_64.rpm: Already downloaded                                                                                                               
DEBUG util.py:463:  [SKIPPED] perl-Unicode-UCD-0.78-512.2.el10_0.noarch.rpm: Already downloaded                                                                                                                 
DEBUG util.py:463:  [SKIPPED] perl-User-pwent-1.05-512.2.el10_0.noarch.rpm: Already downloaded                                                                                                                  
DEBUG util.py:463:  [SKIPPED] perl-autodie-2.37-512.el10.noarch.rpm: Already downloaded                                                                                                                         
DEBUG util.py:463:  [SKIPPED] perl-autouse-1.11-512.2.el10_0.noarch.rpm: Already downloaded                                                                                                                     
DEBUG util.py:463:  [SKIPPED] perl-base-2.27-512.2.el10_0.noarch.rpm: Already downloaded                                                                                                                        
DEBUG util.py:463:  [SKIPPED] perl-bignum-0.67-512.el10.noarch.rpm: Already downloaded                                                                                                                          
DEBUG util.py:463:  [SKIPPED] perl-blib-1.07-512.2.el10_0.noarch.rpm: Already downloaded                                                                                                                        
DEBUG util.py:463:  [SKIPPED] perl-constant-1.33-512.el10.noarch.rpm: Already downloaded                                                                                                                        
DEBUG util.py:463:  [SKIPPED] perl-debugger-1.60-512.2.el10_0.noarch.rpm: Already downloaded                                                                                                                    
DEBUG util.py:463:  [SKIPPED] perl-deprecate-0.04-512.2.el10_0.noarch.rpm: Already downloaded                                                                                                                   
DEBUG util.py:463:  [SKIPPED] perl-devel-5.40.2-512.2.el10_0.x86_64.rpm: Already downloaded                                                                                                                     
DEBUG util.py:463:  [SKIPPED] perl-diagnostics-1.40-512.2.el10_0.noarch.rpm: Already downloaded                                                                                                                 
DEBUG util.py:463:  [SKIPPED] perl-doc-5.40.2-512.2.el10_0.noarch.rpm: Already downloaded                                                                                                                       
DEBUG util.py:463:  [SKIPPED] perl-encoding-3.00-511.el10.x86_64.rpm: Already downloaded                                                                                                                        
DEBUG util.py:463:  [SKIPPED] perl-encoding-warnings-0.14-512.2.el10_0.noarch.rpm: Already downloaded                                                                                                           
DEBUG util.py:463:  [SKIPPED] perl-experimental-0.032-511.el10.noarch.rpm: Already downloaded                                                                                                                   
DEBUG util.py:463:  [SKIPPED] perl-fields-2.27-512.2.el10_0.noarch.rpm: Already downloaded                                                                                                                      
DEBUG util.py:463:  [SKIPPED] perl-filetest-1.03-512.2.el10_0.noarch.rpm: Already downloaded                                                                                                                    
DEBUG util.py:463:  [SKIPPED] perl-if-0.61.000-512.2.el10_0.noarch.rpm: Already downloaded                                                                                                                      
DEBUG util.py:463:  [SKIPPED] perl-inc-latest-0.500-30.el10.noarch.rpm: Already downloaded                                                                                                                      
DEBUG util.py:463:  [SKIPPED] perl-interpreter-5.40.2-512.2.el10_0.x86_64.rpm: Already downloaded                                                                                                               
DEBUG util.py:463:  [SKIPPED] perl-less-0.03-512.2.el10_0.noarch.rpm: Already downloaded                                                                                                                        
DEBUG util.py:463:  [SKIPPED] perl-lib-0.65-512.2.el10_0.x86_64.rpm: Already downloaded                                                                                                                         
DEBUG util.py:463:  [SKIPPED] perl-libnet-3.15-512.el10.noarch.rpm: Already downloaded                                                                                                                          
DEBUG util.py:463:  [SKIPPED] perl-libnetcfg-5.40.2-512.2.el10_0.noarch.rpm: Already downloaded                                                                                                                 
DEBUG util.py:463:  [SKIPPED] perl-libs-5.40.2-512.2.el10_0.x86_64.rpm: Already downloaded                                                                                                                      
DEBUG util.py:463:  [SKIPPED] perl-local-lib-2.000029-9.el10.noarch.rpm: Already downloaded                                                                                                                     
DEBUG util.py:463:  [SKIPPED] perl-locale-1.12-512.2.el10_0.noarch.rpm: Already downloaded                                                                                                                      
DEBUG util.py:463:  [SKIPPED] perl-macros-5.40.2-512.2.el10_0.noarch.rpm: Already downloaded                                                                                                                    
DEBUG util.py:463:  [SKIPPED] perl-meta-notation-5.40.2-512.2.el10_0.noarch.rpm: Already downloaded                                                                                                             
DEBUG util.py:463:  [SKIPPED] perl-mro-1.29-512.2.el10_0.x86_64.rpm: Already downloaded                                                                                                                         
DEBUG util.py:463:  [SKIPPED] perl-open-1.13-512.2.el10_0.noarch.rpm: Already downloaded                                                                                                                        
DEBUG util.py:463:  [SKIPPED] perl-overload-1.37-512.2.el10_0.noarch.rpm: Already downloaded                                                                                                                    
DEBUG util.py:463:  [SKIPPED] perl-overloading-0.02-512.2.el10_0.noarch.rpm: Already downloaded                                                                                                                 
DEBUG util.py:463:  [SKIPPED] perl-parent-0.241-512.el10.noarch.rpm: Already downloaded                                                                                                                         
DEBUG util.py:463:  [SKIPPED] perl-perlfaq-5.20240218-511.el10.noarch.rpm: Already downloaded                                                                                                                   
DEBUG util.py:463:  [SKIPPED] perl-ph-5.40.2-512.2.el10_0.x86_64.rpm: Already downloaded                                                                                                                        
DEBUG util.py:463:  [SKIPPED] perl-podlators-5.01-511.el10.noarch.rpm: Already downloaded                                                                                                                       
DEBUG util.py:463:  [SKIPPED] perl-sigtrap-1.10-512.2.el10_0.noarch.rpm: Already downloaded                                                                                                                     
DEBUG util.py:463:  [SKIPPED] perl-sort-2.05-512.2.el10_0.noarch.rpm: Already downloaded                                                                                                                        
DEBUG util.py:463:  [SKIPPED] perl-subs-1.04-512.2.el10_0.noarch.rpm: Already downloaded                                                                                                                        
DEBUG util.py:463:  [SKIPPED] perl-threads-2.40-511.el10.x86_64.rpm: Already downloaded                                                                                                                         
DEBUG util.py:463:  [SKIPPED] perl-threads-shared-1.69-511.el10.x86_64.rpm: Already downloaded                                                                                                                  
DEBUG util.py:463:  [SKIPPED] perl-utils-5.40.2-512.2.el10_0.noarch.rpm: Already downloaded                                                                                                                     
DEBUG util.py:463:  [SKIPPED] perl-vars-1.05-512.2.el10_0.noarch.rpm: Already downloaded                                                                                                                        
DEBUG util.py:463:  [SKIPPED] perl-version-0.99.32-4.el10.x86_64.rpm: Already downloaded                                                                                                                        
DEBUG util.py:463:  [SKIPPED] perl-vmsish-1.04-512.2.el10_0.noarch.rpm: Already downloaded                                                                                                                      
DEBUG util.py:463:  [SKIPPED] systemtap-sdt-devel-5.4-3.el10.x86_64.rpm: Already downloaded                                                                                                                     
DEBUG util.py:463:  [SKIPPED] systemtap-sdt-dtrace-5.4-3.el10.x86_64.rpm: Already downloaded                                                                                                                    
DEBUG util.py:463:  [SKIPPED] zlib-ng-compat-devel-2.2.3-3.el10_1.x86_64.rpm: Already downloaded                                                                                                                
DEBUG util.py:463:  Running transaction check
DEBUG util.py:463:  Transaction check succeeded.
DEBUG util.py:463:  Running transaction test
DEBUG util.py:463:  Transaction test succeeded.
DEBUG util.py:463:  Running transaction
DEBUG util.py:463:    Preparing        :                                                                                                                                                                     1/1 
DEBUG util.py:463:    Installing       : libgpg-error-1.50-2.el10.x86_64                                                                                                                                   1/264 
DEBUG util.py:463:    Installing       : libmpc-1.3.1-7.el10.x86_64                                                                                                                                        2/264 
DEBUG util.py:463:    Installing       : make-1:4.4.1-9.el10.x86_64                                                                                                                                        3/264 
DEBUG util.py:463:    Installing       : expat-2.7.3-1.el10_2.1.x86_64                                                                                                                                     4/264 
DEBUG util.py:463:    Installing       : cpp-14.3.1-4.4.el10.alma.2.x86_64                                                                                                                                 5/264 
DEBUG util.py:463:    Installing       : libassuan-2.5.6-6.el10.x86_64                                                                                                                                     6/264 
DEBUG util.py:463:    Installing       : libgcrypt-1.11.0-5.el10.x86_64                                                                                                                                    7/264 
DEBUG util.py:463:    Installing       : libksba-1.6.7-2.el10.x86_64                                                                                                                                       8/264 
DEBUG util.py:463:    Installing       : yajl-2.1.0-25.el10.x86_64                                                                                                                                         9/264 
DEBUG util.py:463:    Installing       : pcre2-utf32-10.44-1.el10.3.x86_64                                                                                                                                10/264 
DEBUG util.py:463:    Installing       : pcre2-utf16-10.44-1.el10.3.x86_64                                                                                                                                11/264 
DEBUG util.py:463:    Installing       : libstdc++-devel-14.3.1-4.4.el10.alma.2.x86_64                                                                                                                    12/264 
DEBUG util.py:463:    Installing       : kernel-headers-6.12.0-211.29.1.el10_2.x86_64                                                                                                                     13/264 
DEBUG util.py:463:    Installing       : libxcrypt-devel-4.4.36-10.el10.x86_64                                                                                                                            14/264 
DEBUG util.py:463:    Installing       : glibc-devel-2.39-126.el10_2.alma.1.x86_64                                                                                                                        15/264 
DEBUG util.py:463:    Installing       : gcc-14.3.1-4.4.el10.alma.2.x86_64                                                                                                                                16/264 
DEBUG util.py:463:    Running scriptlet: gcc-14.3.1-4.4.el10.alma.2.x86_64                                                                                                                                16/264 
DEBUG util.py:463:    Installing       : gcc-c++-14.3.1-4.4.el10.alma.2.x86_64                                                                                                                            17/264 
DEBUG util.py:463:    Installing       : cmake-filesystem-3.31.8-1.el10.x86_64                                                                                                                            18/264 
DEBUG util.py:463:    Installing       : annobin-docs-13.02-2.el10.noarch                                                                                                                                 19/264 
DEBUG util.py:463:    Installing       : tzdata-2026b-1.el10.alma.1.noarch                                                                                                                                20/264 
DEBUG util.py:463:    Running scriptlet: tpm2-tss-4.1.3-6.el10.x86_64                                                                                                                                     21/264 
DEBUG util.py:463:    Installing       : tpm2-tss-4.1.3-6.el10.x86_64                                                                                                                                     21/264 
DEBUG util.py:463:    Installing       : python3-pip-wheel-23.3.2-11.el10_2.noarch                                                                                                                        22/264 
DEBUG util.py:463:    Installing       : npth-1.6-21.el10.x86_64                                                                                                                                          23/264 
DEBUG util.py:463:    Installing       : ncurses-6.4-15.20240127.el10_1.x86_64                                                                                                                            24/264 
DEBUG util.py:463:    Installing       : mpdecimal-2.5.1-12.el10.x86_64                                                                                                                                   25/264 
DEBUG util.py:463:    Installing       : python3-3.12.13-2.el10_2.x86_64                                                                                                                                  26/264 
DEBUG util.py:463:    Installing       : python3-libs-3.12.13-2.el10_2.x86_64                                                                                                                             27/264 
DEBUG util.py:463:    Installing       : python3-pyparsing-3.1.1-7.el10.noarch                                                                                                                            28/264 
DEBUG util.py:463:    Installing       : systemtap-sdt-dtrace-5.4-3.el10.x86_64                                                                                                                           29/264 
DEBUG util.py:463:    Installing       : systemtap-sdt-devel-5.4-3.el10.x86_64                                                                                                                            30/264 
DEBUG util.py:463:    Installing       : lmdb-libs-0.9.32-4.el10.x86_64                                                                                                                                   31/264 
DEBUG util.py:463:    Installing       : libseccomp-2.5.6-1.el10.x86_64                                                                                                                                   32/264 
DEBUG util.py:463:    Running scriptlet: groff-base-1.23.0-10.el10.x86_64                                                                                                                                 33/264 
DEBUG util.py:463:    Installing       : groff-base-1.23.0-10.el10.x86_64                                                                                                                                 33/264 
DEBUG util.py:463:    Running scriptlet: groff-base-1.23.0-10.el10.x86_64                                                                                                                                 33/264 
DEBUG util.py:463:    Installing       : perl-Digest-1.20-511.el10.noarch                                                                                                                                 34/264 
DEBUG util.py:463:    Installing       : perl-Digest-MD5-2.59-6.el10.x86_64                                                                                                                               35/264 
DEBUG util.py:463:    Installing       : perl-B-1.89-512.2.el10_0.x86_64                                                                                                                                  36/264 
DEBUG util.py:463:    Installing       : perl-FileHandle-2.05-512.2.el10_0.noarch                                                                                                                         37/264 
DEBUG util.py:463:    Installing       : perl-Data-Dumper-2.189-512.el10.x86_64                                                                                                                           38/264 
DEBUG util.py:463:    Installing       : perl-libnet-3.15-512.el10.noarch                                                                                                                                 39/264 
DEBUG util.py:463:    Installing       : perl-AutoLoader-5.74-512.2.el10_0.noarch                                                                                                                         40/264 
DEBUG util.py:463:    Installing       : perl-Class-Struct-0.68-512.2.el10_0.noarch                                                                                                                       41/264 
DEBUG util.py:463:    Installing       : perl-locale-1.12-512.2.el10_0.noarch                                                                                                                             42/264 
DEBUG util.py:463:    Installing       : perl-URI-5.27-3.el10.noarch                                                                                                                                      43/264 
DEBUG util.py:463:    Installing       : perl-Socket-4:2.038-511.el10.x86_64                                                                                                                              44/264 
DEBUG util.py:463:    Installing       : perl-SelectSaver-1.02-512.2.el10_0.noarch                                                                                                                        45/264 
DEBUG util.py:463:    Installing       : perl-Term-ANSIColor-5.01-512.el10.noarch                                                                                                                         46/264 
DEBUG util.py:463:    Installing       : perl-Text-Tabs+Wrap-2024.001-511.el10.noarch                                                                                                                     47/264 
DEBUG util.py:463:    Installing       : perl-base-2.27-512.2.el10_0.noarch                                                                                                                               48/264 
DEBUG util.py:463:    Installing       : perl-Mozilla-CA-20231213-5.el10.noarch                                                                                                                           49/264 
DEBUG util.py:463:    Installing       : perl-if-0.61.000-512.2.el10_0.noarch                                                                                                                             50/264 
DEBUG util.py:463:    Installing       : perl-POSIX-2.20-512.2.el10_0.x86_64                                                                                                                              51/264 
DEBUG util.py:463:    Installing       : perl-mro-1.29-512.2.el10_0.x86_64                                                                                                                                52/264 
DEBUG util.py:463:    Installing       : perl-IO-Socket-IP-0.42-512.el10.noarch                                                                                                                           53/264 
DEBUG util.py:463:    Installing       : perl-File-stat-1.14-512.2.el10_0.noarch                                                                                                                          54/264 
DEBUG util.py:463:    Installing       : perl-overloading-0.02-512.2.el10_0.noarch                                                                                                                        55/264 
DEBUG util.py:463:    Installing       : perl-Time-Local-2:1.350-511.el10.noarch                                                                                                                          56/264 
DEBUG util.py:463:    Installing       : perl-File-Path-2.18-512.el10.noarch                                                                                                                              57/264 
DEBUG util.py:463:    Installing       : perl-IO-Socket-SSL-2.085-3.el10.noarch                                                                                                                           58/264 
DEBUG util.py:463:    Installing       : perl-Net-SSLeay-1.94-8.el10.x86_64                                                                                                                               59/264 
DEBUG util.py:463:    Installing       : perl-Pod-Escapes-1:1.07-511.el10.noarch                                                                                                                          60/264 
DEBUG util.py:463:    Installing       : perl-Term-Cap-1.18-511.el10.noarch                                                                                                                               61/264 
DEBUG util.py:463:    Installing       : perl-Pod-Usage-4:2.03-511.el10.noarch                                                                                                                            62/264 
DEBUG util.py:463:    Installing       : perl-Errno-1.38-512.2.el10_0.x86_64                                                                                                                              63/264 
DEBUG util.py:463:    Installing       : perl-Fcntl-1.18-512.2.el10_0.x86_64                                                                                                                              64/264 
DEBUG util.py:463:    Installing       : perl-File-Basename-2.86-512.2.el10_0.noarch                                                                                                                      65/264 
DEBUG util.py:463:    Installing       : perl-Getopt-Std-1.14-512.2.el10_0.noarch                                                                                                                         66/264 
DEBUG util.py:463:    Installing       : perl-MIME-Base64-3.16-511.el10.x86_64                                                                                                                            67/264 
DEBUG util.py:463:    Installing       : perl-Scalar-List-Utils-5:1.63-511.el10.x86_64                                                                                                                    68/264 
DEBUG util.py:463:    Installing       : perl-Symbol-1.09-512.2.el10_0.noarch                                                                                                                             69/264 
DEBUG util.py:463:    Installing       : perl-Text-ParseWords-3.31-511.el10.noarch                                                                                                                        70/264 
DEBUG util.py:463:    Installing       : perl-constant-1.33-512.el10.noarch                                                                                                                               71/264 
DEBUG util.py:463:    Installing       : perl-IPC-Open3-1.22-512.2.el10_0.noarch                                                                                                                          72/264 
DEBUG util.py:463:    Installing       : perl-Storable-1:3.32-511.el10.x86_64                                                                                                                             73/264 
DEBUG util.py:463:    Installing       : perl-IO-1.55-512.2.el10_0.x86_64                                                                                                                                 74/264 
DEBUG util.py:463:    Installing       : perl-overload-1.37-512.2.el10_0.noarch                                                                                                                           75/264 
DEBUG util.py:463:    Installing       : perl-parent-1:0.241-512.el10.noarch                                                                                                                              76/264 
DEBUG util.py:463:    Installing       : perl-File-Temp-1:0.231.100-512.el10.noarch                                                                                                                       77/264 
DEBUG util.py:463:    Installing       : perl-HTTP-Tiny-0.088-512.el10.noarch                                                                                                                             78/264 
DEBUG util.py:463:    Installing       : perl-vars-1.05-512.2.el10_0.noarch                                                                                                                               79/264 
DEBUG util.py:463:    Installing       : perl-Pod-Simple-1:3.45-511.el10.noarch                                                                                                                           80/264 
DEBUG util.py:463:    Installing       : perl-Getopt-Long-1:2.58-3.el10.noarch                                                                                                                            81/264 
DEBUG util.py:463:    Installing       : perl-podlators-1:5.01-511.el10.noarch                                                                                                                            82/264 
DEBUG util.py:463:    Installing       : perl-Carp-1.54-511.el10.noarch                                                                                                                                   83/264 
DEBUG util.py:463:    Installing       : perl-Exporter-5.78-511.el10.noarch                                                                                                                               84/264 
DEBUG util.py:463:    Installing       : perl-GDBM_File-1:1.24-512.2.el10_0.x86_64                                                                                                                        85/264 
DEBUG util.py:463:    Installing       : perl-NDBM_File-1.17-512.2.el10_0.x86_64                                                                                                                          86/264 
DEBUG util.py:463:    Installing       : perl-ODBM_File-1.18-512.2.el10_0.x86_64                                                                                                                          87/264 
DEBUG util.py:463:    Installing       : perl-PathTools-3.91-512.el10.x86_64                                                                                                                              88/264 
DEBUG util.py:463:    Installing       : perl-DynaLoader-1.56-512.2.el10_0.x86_64                                                                                                                         89/264 
DEBUG util.py:463:    Installing       : perl-Encode-4:3.21-511.el10.x86_64                                                                                                                               90/264 
DEBUG util.py:463:    Installing       : perl-libs-4:5.40.2-512.2.el10_0.x86_64                                                                                                                           91/264 
DEBUG util.py:463:    Installing       : perl-Pod-Perldoc-3.28.01-512.el10.noarch                                                                                                                         92/264 
DEBUG util.py:463:    Installing       : perl-doc-5.40.2-512.2.el10_0.noarch                                                                                                                              93/264 
DEBUG util.py:463:    Installing       : perl-interpreter-4:5.40.2-512.2.el10_0.x86_64                                                                                                                    94/264 
DEBUG util.py:463:    Installing       : perl-File-Find-1.44-512.2.el10_0.noarch                                                                                                                          95/264 
DEBUG util.py:463:    Installing       : perl-version-8:0.99.32-4.el10.x86_64                                                                                                                             96/264 
DEBUG util.py:463:    Installing       : perl-File-Copy-2.41-512.2.el10_0.noarch                                                                                                                          97/264 
DEBUG util.py:463:    Installing       : perl-Time-HiRes-4:1.9777-511.el10.x86_64                                                                                                                         98/264 
DEBUG util.py:463:    Installing       : perl-ExtUtils-Manifest-1:1.75-511.el10.noarch                                                                                                                    99/264 
DEBUG util.py:463:    Installing       : perl-threads-1:2.40-511.el10.x86_64                                                                                                                             100/264 
DEBUG util.py:463:    Installing       : perl-threads-shared-1.69-511.el10.x86_64                                                                                                                        101/264 
DEBUG util.py:463:    Installing       : perl-CPAN-Meta-Requirements-2.143-11.el10.noarch                                                                                                                102/264 
DEBUG util.py:463:    Installing       : perl-ExtUtils-ParseXS-1:3.51-512.el10.noarch                                                                                                                    103/264 
DEBUG util.py:463:    Installing       : perl-Compress-Raw-Zlib-2.212-513.el10.x86_64                                                                                                                    104/264 
DEBUG util.py:463:    Installing       : perl-File-Compare-1.100.800-512.2.el10_0.noarch                                                                                                                 105/264 
DEBUG util.py:463:    Installing       : perl-lib-0.65-512.2.el10_0.x86_64                                                                                                                               106/264 
DEBUG util.py:463:    Installing       : perl-Module-CoreList-1:5.20260119-1.el10.noarch                                                                                                                 107/264 
DEBUG util.py:463:    Installing       : perl-Module-Metadata-1.000038-512.el10.noarch                                                                                                                   108/264 
DEBUG util.py:463:    Installing       : perl-Digest-SHA-1:6.04-512.el10.x86_64                                                                                                                          109/264 
DEBUG util.py:463:    Installing       : perl-Devel-Peek-1.34-512.2.el10_0.x86_64                                                                                                                        110/264 
DEBUG util.py:463:    Installing       : perl-Filter-2:1.64-512.el10.x86_64                                                                                                                              111/264 
DEBUG util.py:463:    Installing       : perl-Module-Load-1:0.36-511.el10.noarch                                                                                                                         112/264 
DEBUG util.py:463:    Installing       : perl-Perl-OSType-1.010-512.el10.noarch                                                                                                                          113/264 
DEBUG util.py:463:    Installing       : perl-Term-ReadLine-1.17-512.2.el10_0.noarch                                                                                                                     114/264 
DEBUG util.py:463:    Installing       : perl-Term-Table-0.018-513.el10.noarch                                                                                                                           115/264 
DEBUG util.py:463:    Installing       : perl-Tie-4.6-512.2.el10_0.noarch                                                                                                                                116/264 
DEBUG util.py:463:    Installing       : perl-Unicode-Normalize-1.32-511.el10.x86_64                                                                                                                     117/264 
DEBUG util.py:463:    Installing       : perl-meta-notation-5.40.2-512.2.el10_0.noarch                                                                                                                   118/264 
DEBUG util.py:463:    Installing       : perl-encoding-4:3.00-511.el10.x86_64                                                                                                                            119/264 
DEBUG util.py:463:    Installing       : perl-Dumpvalue-2.27-512.2.el10_0.noarch                                                                                                                         120/264 
DEBUG util.py:463:    Installing       : perl-Net-Ping-2.76-511.el10.noarch                                                                                                                              121/264 
DEBUG util.py:463:    Installing       : perl-ExtUtils-Command-2:7.70-513.el10.noarch                                                                                                                    122/264 
DEBUG util.py:463:    Installing       : perl-Pod-Html-1.35-512.2.el10_0.noarch                                                                                                                          123/264 
DEBUG util.py:463:    Installing       : perl-AutoSplit-5.74-512.2.el10_0.noarch                                                                                                                         124/264 
DEBUG util.py:463:    Installing       : perl-Benchmark-1.25-512.2.el10_0.noarch                                                                                                                         125/264 
DEBUG util.py:463:    Installing       : perl-Test-Harness-1:3.48-512.el10.noarch                                                                                                                        126/264 
DEBUG util.py:463:    Installing       : perl-CPAN-Meta-YAML-0.018-512.el10.noarch                                                                                                                       127/264 
DEBUG util.py:463:    Installing       : perl-Compress-Raw-Bzip2-2.212-512.el10.x86_64                                                                                                                   128/264 
DEBUG util.py:463:    Installing       : perl-IO-Compress-2.212-512.el10_2.1.noarch                                                                                                                      129/264 
DEBUG util.py:463:    Installing       : perl-IO-Zlib-1:1.15-511.el10.noarch                                                                                                                             130/264 
DEBUG util.py:463:    Installing       : perl-Devel-PPPort-3.72-512.el10.x86_64                                                                                                                          131/264 
DEBUG util.py:463:    Installing       : perl-DirHandle-1.05-512.2.el10_0.noarch                                                                                                                         132/264 
DEBUG util.py:463:    Installing       : perl-ExtUtils-Constant-0.25-512.2.el10_0.noarch                                                                                                                 133/264 
DEBUG util.py:463:    Installing       : perl-ExtUtils-MM-Utils-2:7.70-513.el10.noarch                                                                                                                   134/264 
DEBUG util.py:463:    Installing       : perl-Hash-Util-FieldHash-1.27-512.2.el10_0.x86_64                                                                                                               135/264 
DEBUG util.py:463:    Installing       : perl-Hash-Util-0.32-512.2.el10_0.x86_64                                                                                                                         136/264 
DEBUG util.py:463:    Installing       : perl-I18N-LangTags-0.45-512.2.el10_0.noarch                                                                                                                     137/264 
DEBUG util.py:463:    Installing       : perl-Locale-Maketext-1.33-512.el10.noarch                                                                                                                       138/264 
DEBUG util.py:463:    Installing       : perl-Locale-Maketext-Simple-1:0.21-512.2.el10_0.noarch                                                                                                          139/264 
DEBUG util.py:463:    Installing       : perl-Params-Check-1:0.38-511.el10.noarch                                                                                                                        140/264 
DEBUG util.py:463:    Installing       : perl-Module-Load-Conditional-0.74-511.el10.noarch                                                                                                               141/264 
DEBUG util.py:463:    Installing       : perl-IPC-Cmd-2:1.04-512.el10.noarch                                                                                                                             142/264 
DEBUG util.py:463:    Installing       : perl-Math-Complex-1.62-512.2.el10_0.noarch                                                                                                                      143/264 
DEBUG util.py:463:    Installing       : perl-Math-BigInt-1:2.0030.03-3.el10.noarch                                                                                                                      144/264 
DEBUG util.py:463:    Installing       : perl-JSON-PP-1:4.16-513.el10.noarch                                                                                                                             145/264 
DEBUG util.py:463:    Installing       : perl-CPAN-Meta-2.150010-511.el10.noarch                                                                                                                         146/264 
DEBUG util.py:463:    Installing       : perl-ExtUtils-Install-2.22-511.el10.noarch                                                                                                                      147/264 
DEBUG util.py:463:    Installing       : perl-devel-4:5.40.2-512.2.el10_0.x86_64                                                                                                                         148/264 
DEBUG util.py:463:    Installing       : perl-ExtUtils-MakeMaker-2:7.70-513.el10.noarch                                                                                                                  149/264 
DEBUG util.py:463:    Installing       : perl-ExtUtils-CBuilder-1:0.280240-511.el10.noarch                                                                                                               150/264 
DEBUG util.py:463:    Installing       : perl-ExtUtils-Embed-1.35-512.2.el10_0.noarch                                                                                                                    151/264 
DEBUG util.py:463:    Installing       : perl-Test-Simple-3:1.302199-513.el10.noarch                                                                                                                     152/264 
DEBUG util.py:463:    Installing       : perl-Params-Util-1.102-19.el10.x86_64                                                                                                                           153/264 
DEBUG util.py:463:    Installing       : perl-SelfLoader-1.27-512.2.el10_0.noarch                                                                                                                        154/264 
DEBUG util.py:463:    Installing       : perl-Sub-Install-0.929-8.el10.noarch                                                                                                                            155/264 
DEBUG util.py:463:    Installing       : perl-Sys-Hostname-1.25-512.2.el10_0.x86_64                                                                                                                      156/264 
DEBUG util.py:463:    Installing       : perl-Text-Balanced-2.06-511.el10.noarch                                                                                                                         157/264 
DEBUG util.py:463:    Installing       : perl-Tie-RefHash-1.40-511.el10.noarch                                                                                                                           158/264 
DEBUG util.py:463:    Installing       : perl-User-pwent-1.05-512.2.el10_0.noarch                                                                                                                        159/264 
DEBUG util.py:463:    Installing       : perl-autouse-1.11-512.2.el10_0.noarch                                                                                                                           160/264 
DEBUG util.py:463:    Installing       : perl-subs-1.04-512.2.el10_0.noarch                                                                                                                              161/264 
DEBUG util.py:463:    Installing       : perl-Opcode-1.65-512.2.el10_0.x86_64                                                                                                                            162/264 
DEBUG util.py:463:    Installing       : perl-Safe-2.46-512.2.el10_0.noarch                                                                                                                              163/264 
DEBUG util.py:463:    Installing       : perl-Filter-Simple-0.96-511.el10.noarch                                                                                                                         164/264 
DEBUG util.py:463:    Installing       : perl-Data-OptList-0.114-7.el10.noarch                                                                                                                           165/264 
DEBUG util.py:463:    Installing       : perl-Devel-SelfStubber-1.06-512.2.el10_0.noarch                                                                                                                 166/264 
DEBUG util.py:463:    Installing       : perl-Test2-Suite-0.000163-4.el10.noarch                                                                                                                         167/264 
DEBUG util.py:463:    Installing       : perl-ExtUtils-Miniperl-1.14-512.2.el10_0.noarch                                                                                                                 168/264 
DEBUG util.py:463:    Installing       : perl-libnetcfg-4:5.40.2-512.2.el10_0.noarch                                                                                                                     169/264 
DEBUG util.py:463:    Installing       : perl-Encode-devel-4:3.21-511.el10.x86_64                                                                                                                        170/264 
DEBUG util.py:463:    Installing       : perl-inc-latest-2:0.500-30.el10.noarch                                                                                                                          171/264 
DEBUG util.py:463:    Installing       : perl-Math-BigInt-FastCalc-0.501.800-511.el10.x86_64                                                                                                             172/264 
DEBUG util.py:463:    Installing       : perl-bignum-0.67-512.el10.noarch                                                                                                                                173/264 
DEBUG util.py:463:    Installing       : perl-File-Fetch-1.04-511.el10.noarch                                                                                                                            174/264 
DEBUG util.py:463:    Installing       : perl-fields-2.27-512.2.el10_0.noarch                                                                                                                            175/264 
DEBUG util.py:463:    Installing       : perl-DBM_Filter-0.06-512.2.el10_0.noarch                                                                                                                        176/264 
DEBUG util.py:463:    Installing       : perl-open-1.13-512.2.el10_0.noarch                                                                                                                              177/264 
DEBUG util.py:463:    Installing       : perl-debugger-1.60-512.2.el10_0.noarch                                                                                                                          178/264 
DEBUG util.py:463:    Installing       : perl-sigtrap-1.10-512.2.el10_0.noarch                                                                                                                           179/264 
DEBUG util.py:463:    Installing       : perl-Unicode-Collate-1.31-511.el10.x86_64                                                                                                                       180/264 
DEBUG util.py:463:    Installing       : perl-Unicode-UCD-0.78-512.2.el10_0.noarch                                                                                                                       181/264 
DEBUG util.py:463:    Installing       : perl-Env-1.06-511.el10.noarch                                                                                                                                   182/264 
DEBUG util.py:463:    Installing       : perl-Module-CoreList-tools-1:5.20260119-1.el10.noarch                                                                                                           183/264 
DEBUG util.py:463:    Installing       : perl-Archive-Zip-1.68-17.el10.noarch                                                                                                                            184/264 
DEBUG util.py:463:    Installing       : perl-Thread-3.05-512.2.el10_0.noarch                                                                                                                            185/264 
DEBUG util.py:463:    Installing       : perl-Thread-Queue-3.14-511.el10.noarch                                                                                                                          186/264 
DEBUG util.py:463:    Installing       : perl-Thread-Semaphore-2.13-512.2.el10_0.noarch                                                                                                                  187/264 
DEBUG util.py:463:    Installing       : perl-experimental-0.032-511.el10.noarch                                                                                                                         188/264 
DEBUG util.py:463:    Installing       : perl-Pod-Checker-4:1.77-511.el10.noarch                                                                                                                         189/264 
DEBUG util.py:463:    Installing       : perl-diagnostics-1.40-512.2.el10_0.noarch                                                                                                                       190/264 
DEBUG util.py:463:    Installing       : perl-macros-4:5.40.2-512.2.el10_0.noarch                                                                                                                        191/264 
DEBUG util.py:463:    Installing       : perl-utils-5.40.2-512.2.el10_0.noarch                                                                                                                           192/264 
DEBUG util.py:463:    Installing       : perl-Algorithm-Diff-1.2010-14.el10.noarch                                                                                                                       193/264 
DEBUG util.py:463:    Installing       : perl-Text-Diff-1.45-25.el10.noarch                                                                                                                              194/264 
DEBUG util.py:463:    Installing       : perl-Attribute-Handlers-1.03-512.2.el10_0.noarch                                                                                                                195/264 
DEBUG util.py:463:    Installing       : perl-Compress-Bzip2-2.28-21.el10.x86_64                                                                                                                         196/264 
DEBUG util.py:463:    Installing       : perl-Compress-Raw-Lzma-2.212-3.el10.x86_64                                                                                                                      197/264 
DEBUG util.py:463:    Installing       : perl-IO-Compress-Lzma-2.206-8.el10.noarch                                                                                                                       198/264 
DEBUG util.py:463:    Installing       : perl-Archive-Tar-3.02-512.el10_2.1.noarch                                                                                                                       199/264 
DEBUG util.py:463:    Installing       : perl-Config-Extensions-0.03-512.2.el10_0.noarch                                                                                                                 200/264 
DEBUG util.py:463:    Installing       : perl-Config-Perl-V-0.36-512.el10.noarch                                                                                                                         201/264 
DEBUG util.py:463:    Installing       : perl-Devel-Size-0.84-3.el10.x86_64                                                                                                                              202/264 
DEBUG util.py:463:    Installing       : perl-English-1.11-512.2.el10_0.noarch                                                                                                                           203/264 
DEBUG util.py:463:    Installing       : perl-File-DosGlob-1.12-512.2.el10_0.x86_64                                                                                                                      204/264 
DEBUG util.py:463:    Installing       : perl-File-Which-1.27-14.el10.noarch                                                                                                                             205/264 
DEBUG util.py:463:    Installing       : perl-File-HomeDir-1.006-15.el10.noarch                                                                                                                          206/264 
DEBUG util.py:463:    Installing       : perl-FileCache-1.10-512.2.el10_0.noarch                                                                                                                         207/264 
DEBUG util.py:463:    Installing       : perl-FindBin-1.54-512.2.el10_0.noarch                                                                                                                           208/264 
DEBUG util.py:463:    Installing       : perl-I18N-Collate-1.02-512.2.el10_0.noarch                                                                                                                      209/264 
DEBUG util.py:463:    Installing       : perl-I18N-Langinfo-0.24-512.2.el10_0.x86_64                                                                                                                     210/264 
DEBUG util.py:463:    Installing       : perl-IPC-SysV-2.09-512.el10.x86_64                                                                                                                              211/264 
DEBUG util.py:463:    Installing       : perl-IPC-System-Simple-1.30-16.el10.noarch                                                                                                                      212/264 
DEBUG util.py:463:    Installing       : perl-autodie-2.37-512.el10.noarch                                                                                                                               213/264 
DEBUG util.py:463:    Installing       : perl-MRO-Compat-0.15-12.el10.noarch                                                                                                                             214/264 
DEBUG util.py:463:    Installing       : perl-Memoize-1.16-512.2.el10_0.noarch                                                                                                                           215/264 
DEBUG util.py:463:    Installing       : perl-Module-Loaded-1:0.08-512.2.el10_0.noarch                                                                                                                   216/264 
DEBUG util.py:463:    Installing       : perl-NEXT-0.69-512.2.el10_0.noarch                                                                                                                              217/264 
DEBUG util.py:463:    Installing       : perl-Net-1.04-512.2.el10_0.noarch                                                                                                                               218/264 
DEBUG util.py:463:    Installing       : perl-Package-Generator-1.106-34.el10.noarch                                                                                                                     219/264 
DEBUG util.py:463:    Installing       : perl-Sub-Exporter-0.991-7.el10.noarch                                                                                                                           220/264 
DEBUG util.py:463:    Installing       : perl-Data-Section-0.200008-8.el10.noarch                                                                                                                        221/264 
DEBUG util.py:463:    Installing       : perl-PerlIO-via-QuotedPrint-0.10-511.el10.noarch                                                                                                                222/264 
DEBUG util.py:463:    Installing       : perl-Pod-Functions-1.14-512.2.el10_0.noarch                                                                                                                     223/264 
DEBUG util.py:463:    Installing       : perl-Search-Dict-1.07-512.2.el10_0.noarch                                                                                                                       224/264 
DEBUG util.py:463:    Installing       : perl-Sys-Syslog-0.36-512.el10.x86_64                                                                                                                            225/264 
DEBUG util.py:463:    Installing       : perl-Term-Complete-1.403-512.2.el10_0.noarch                                                                                                                    226/264 
DEBUG util.py:463:    Installing       : perl-Test-1.31-512.2.el10_0.noarch                                                                                                                              227/264 
DEBUG util.py:463:    Installing       : perl-Text-Abbrev-1.02-512.2.el10_0.noarch                                                                                                                       228/264 
DEBUG util.py:463:    Installing       : perl-Text-Glob-0.11-26.el10.noarch                                                                                                                              229/264 
DEBUG util.py:463:    Installing       : perl-Text-Template-1.61-8.el10.noarch                                                                                                                           230/264 
DEBUG util.py:463:    Installing       : perl-Software-License-0.104006-4.el10.noarch                                                                                                                    231/264 
DEBUG util.py:463:    Installing       : perl-Module-Build-2:0.42.34-7.el10.noarch                                                                                                                       232/264 
DEBUG util.py:463:    Installing       : perl-Tie-File-1.09-512.2.el10_0.noarch                                                                                                                          233/264 
DEBUG util.py:463:    Installing       : perl-Tie-Memoize-1.1-512.2.el10_0.noarch                                                                                                                        234/264 
DEBUG util.py:463:    Installing       : perl-Time-1.04-512.2.el10_0.noarch                                                                                                                              235/264 
DEBUG util.py:463:    Installing       : perl-Time-Piece-1.3401-512.2.el10_0.x86_64                                                                                                                      236/264 
DEBUG util.py:463:    Installing       : perl-blib-1.07-512.2.el10_0.noarch                                                                                                                              237/264 
DEBUG util.py:463:    Installing       : perl-deprecate-0.04-512.2.el10_0.noarch                                                                                                                         238/264 
DEBUG util.py:463:    Installing       : perl-encoding-warnings-0.14-512.2.el10_0.noarch                                                                                                                 239/264 
DEBUG util.py:463:    Installing       : perl-filetest-1.03-512.2.el10_0.noarch                                                                                                                          240/264 
DEBUG util.py:463:    Installing       : perl-less-0.03-512.2.el10_0.noarch                                                                                                                              241/264 
DEBUG util.py:463:    Installing       : perl-local-lib-2.000029-9.el10.noarch                                                                                                                           242/264 
DEBUG util.py:463:    Installing       : perl-perlfaq-5.20240218-511.el10.noarch                                                                                                                         243/264 
DEBUG util.py:463:    Installing       : perl-ph-5.40.2-512.2.el10_0.x86_64                                                                                                                              244/264 
DEBUG util.py:463:    Installing       : perl-sort-2.05-512.2.el10_0.noarch                                                                                                                              245/264 
DEBUG util.py:463:    Installing       : perl-vmsish-1.04-512.2.el10_0.noarch                                                                                                                            246/264 
DEBUG util.py:463:    Installing       : gnutls-3.8.10-4.el10_2.x86_64                                                                                                                                   247/264 
DEBUG util.py:463:    Installing       : gnupg2-2.4.5-4.el10_1.x86_64                                                                                                                                    248/264 
DEBUG util.py:463:    Installing       : perl-Module-Signature-0.88-12.el10.noarch                                                                                                                       249/264 
DEBUG util.py:463:    Installing       : perl-CPAN-2.36-514.el10_0.noarch                                                                                                                                250/264 
DEBUG util.py:463:    Installing       : perl-4:5.40.2-512.2.el10_0.x86_64                                                                                                                               251/264 
DEBUG util.py:463:    Installing       : dbus-common-1:1.14.10-5.el10.noarch                                                                                                                             252/264 
DEBUG util.py:463:    Running scriptlet: dbus-common-1:1.14.10-5.el10.noarch                                                                                                                             252/264 
DEBUG util.py:463:    Installing       : dbus-broker-36-4.el10.x86_64                                                                                                                                    253/264 
DEBUG util.py:463:    Running scriptlet: dbus-broker-36-4.el10.x86_64                                                                                                                                    253/264 
DEBUG util.py:463:    Installing       : dbus-1:1.14.10-5.el10.x86_64                                                                                                                                    254/264 
DEBUG util.py:463:    Installing       : systemd-pam-257-23.el10_2.2.alma.1.x86_64                                                                                                                       255/264 
DEBUG util.py:463:    Running scriptlet: systemd-257-23.el10_2.2.alma.1.x86_64                                                                                                                           256/264 
DEBUG util.py:463:    Installing       : systemd-257-23.el10_2.2.alma.1.x86_64                                                                                                                           256/264 
DEBUG util.py:463:    Running scriptlet: systemd-257-23.el10_2.2.alma.1.x86_64                                                                                                                           256/264 
DEBUG util.py:463:  Creating group 'input' with GID 104.
DEBUG util.py:463:  Creating group 'kvm' with GID 36.
DEBUG util.py:463:  Creating group 'render' with GID 105.
DEBUG util.py:463:  Creating group 'sgx' with GID 106.
DEBUG util.py:463:  Creating group 'systemd-journal' with GID 190.
DEBUG util.py:463:  Creating group 'dbus' with GID 81.
DEBUG util.py:463:  Creating user 'dbus' (System Message Bus) with UID 81 and GID 81.
DEBUG util.py:463:    Installing       : modsecurity-3.0.16-1.el10.x86_64                                                                                                                                257/264 
DEBUG util.py:463:    Running scriptlet: modsecurity-3.0.16-1.el10.x86_64                                                                                                                                257/264 
DEBUG util.py:463:    Installing       : annobin-plugin-gcc-13.02-2.el10.x86_64                                                                                                                          258/264 
DEBUG util.py:463:    Running scriptlet: annobin-plugin-gcc-13.02-2.el10.x86_64                                                                                                                          258/264 
DEBUG util.py:463:    Installing       : zlib-ng-compat-devel-2.2.3-3.el10_1.x86_64                                                                                                                      259/264 
DEBUG util.py:463:    Installing       : gcc-plugin-annobin-14.3.1-4.4.el10.alma.2.x86_64                                                                                                                260/264 
DEBUG util.py:463:    Running scriptlet: gcc-plugin-annobin-14.3.1-4.4.el10.alma.2.x86_64                                                                                                                260/264 
DEBUG util.py:463:    Installing       : pcre2-devel-10.44-1.el10.3.x86_64                                                                                                                               261/264 
DEBUG util.py:463:    Installing       : openssl-devel-1:3.5.5-4.el10_2.alma.1.x86_64                                                                                                                    262/264 
DEBUG util.py:463:    Installing       : libzstd-devel-1.5.5-9.el10.x86_64                                                                                                                               263/264 
DEBUG util.py:463:    Installing       : systemd-rpm-macros-257-23.el10_2.2.alma.1.noarch                                                                                                                264/264 
DEBUG util.py:463:    Running scriptlet: systemd-rpm-macros-257-23.el10_2.2.alma.1.noarch                                                                                                                264/264 
DEBUG util.py:463:  Installed:
DEBUG util.py:463:    annobin-docs-13.02-2.el10.noarch                            annobin-plugin-gcc-13.02-2.el10.x86_64                           cmake-filesystem-3.31.8-1.el10.x86_64                        
DEBUG util.py:463:    cpp-14.3.1-4.4.el10.alma.2.x86_64                           dbus-1:1.14.10-5.el10.x86_64                                     dbus-broker-36-4.el10.x86_64                                 
DEBUG util.py:463:    dbus-common-1:1.14.10-5.el10.noarch                         expat-2.7.3-1.el10_2.1.x86_64                                    gcc-14.3.1-4.4.el10.alma.2.x86_64                            
DEBUG util.py:463:    gcc-c++-14.3.1-4.4.el10.alma.2.x86_64                       gcc-plugin-annobin-14.3.1-4.4.el10.alma.2.x86_64                 glibc-devel-2.39-126.el10_2.alma.1.x86_64                    
DEBUG util.py:463:    gnupg2-2.4.5-4.el10_1.x86_64                                gnutls-3.8.10-4.el10_2.x86_64                                    groff-base-1.23.0-10.el10.x86_64                             
DEBUG util.py:463:    kernel-headers-6.12.0-211.29.1.el10_2.x86_64                libassuan-2.5.6-6.el10.x86_64                                    libgcrypt-1.11.0-5.el10.x86_64                               
DEBUG util.py:463:    libgpg-error-1.50-2.el10.x86_64                             libksba-1.6.7-2.el10.x86_64                                      libmpc-1.3.1-7.el10.x86_64                                   
DEBUG util.py:463:    libseccomp-2.5.6-1.el10.x86_64                              libstdc++-devel-14.3.1-4.4.el10.alma.2.x86_64                    libxcrypt-devel-4.4.36-10.el10.x86_64                        
DEBUG util.py:463:    libzstd-devel-1.5.5-9.el10.x86_64                           lmdb-libs-0.9.32-4.el10.x86_64                                   make-1:4.4.1-9.el10.x86_64                                   
DEBUG util.py:463:    modsecurity-3.0.16-1.el10.x86_64                            mpdecimal-2.5.1-12.el10.x86_64                                   ncurses-6.4-15.20240127.el10_1.x86_64                        
DEBUG util.py:463:    npth-1.6-21.el10.x86_64                                     openssl-devel-1:3.5.5-4.el10_2.alma.1.x86_64                     pcre2-devel-10.44-1.el10.3.x86_64                            
DEBUG util.py:463:    pcre2-utf16-10.44-1.el10.3.x86_64                           pcre2-utf32-10.44-1.el10.3.x86_64                                perl-4:5.40.2-512.2.el10_0.x86_64                            
DEBUG util.py:463:    perl-Algorithm-Diff-1.2010-14.el10.noarch                   perl-Archive-Tar-3.02-512.el10_2.1.noarch                        perl-Archive-Zip-1.68-17.el10.noarch                         
DEBUG util.py:463:    perl-Attribute-Handlers-1.03-512.2.el10_0.noarch            perl-AutoLoader-5.74-512.2.el10_0.noarch                         perl-AutoSplit-5.74-512.2.el10_0.noarch                      
DEBUG util.py:463:    perl-B-1.89-512.2.el10_0.x86_64                             perl-Benchmark-1.25-512.2.el10_0.noarch                          perl-CPAN-2.36-514.el10_0.noarch                             
DEBUG util.py:463:    perl-CPAN-Meta-2.150010-511.el10.noarch                     perl-CPAN-Meta-Requirements-2.143-11.el10.noarch                 perl-CPAN-Meta-YAML-0.018-512.el10.noarch                    
DEBUG util.py:463:    perl-Carp-1.54-511.el10.noarch                              perl-Class-Struct-0.68-512.2.el10_0.noarch                       perl-Compress-Bzip2-2.28-21.el10.x86_64                      
DEBUG util.py:463:    perl-Compress-Raw-Bzip2-2.212-512.el10.x86_64               perl-Compress-Raw-Lzma-2.212-3.el10.x86_64                       perl-Compress-Raw-Zlib-2.212-513.el10.x86_64                 
DEBUG util.py:463:    perl-Config-Extensions-0.03-512.2.el10_0.noarch             perl-Config-Perl-V-0.36-512.el10.noarch                          perl-DBM_Filter-0.06-512.2.el10_0.noarch                     
DEBUG util.py:463:    perl-Data-Dumper-2.189-512.el10.x86_64                      perl-Data-OptList-0.114-7.el10.noarch                            perl-Data-Section-0.200008-8.el10.noarch                     
DEBUG util.py:463:    perl-Devel-PPPort-3.72-512.el10.x86_64                      perl-Devel-Peek-1.34-512.2.el10_0.x86_64                         perl-Devel-SelfStubber-1.06-512.2.el10_0.noarch              
DEBUG util.py:463:    perl-Devel-Size-0.84-3.el10.x86_64                          perl-Digest-1.20-511.el10.noarch                                 perl-Digest-MD5-2.59-6.el10.x86_64                           
DEBUG util.py:463:    perl-Digest-SHA-1:6.04-512.el10.x86_64                      perl-DirHandle-1.05-512.2.el10_0.noarch                          perl-Dumpvalue-2.27-512.2.el10_0.noarch                      
DEBUG util.py:463:    perl-DynaLoader-1.56-512.2.el10_0.x86_64                    perl-Encode-4:3.21-511.el10.x86_64                               perl-Encode-devel-4:3.21-511.el10.x86_64                     
DEBUG util.py:463:    perl-English-1.11-512.2.el10_0.noarch                       perl-Env-1.06-511.el10.noarch                                    perl-Errno-1.38-512.2.el10_0.x86_64                          
DEBUG util.py:463:    perl-Exporter-5.78-511.el10.noarch                          perl-ExtUtils-CBuilder-1:0.280240-511.el10.noarch                perl-ExtUtils-Command-2:7.70-513.el10.noarch                 
DEBUG util.py:463:    perl-ExtUtils-Constant-0.25-512.2.el10_0.noarch             perl-ExtUtils-Embed-1.35-512.2.el10_0.noarch                     perl-ExtUtils-Install-2.22-511.el10.noarch                   
DEBUG util.py:463:    perl-ExtUtils-MM-Utils-2:7.70-513.el10.noarch               perl-ExtUtils-MakeMaker-2:7.70-513.el10.noarch                   perl-ExtUtils-Manifest-1:1.75-511.el10.noarch                
DEBUG util.py:463:    perl-ExtUtils-Miniperl-1.14-512.2.el10_0.noarch             perl-ExtUtils-ParseXS-1:3.51-512.el10.noarch                     perl-Fcntl-1.18-512.2.el10_0.x86_64                          
DEBUG util.py:463:    perl-File-Basename-2.86-512.2.el10_0.noarch                 perl-File-Compare-1.100.800-512.2.el10_0.noarch                  perl-File-Copy-2.41-512.2.el10_0.noarch                      
DEBUG util.py:463:    perl-File-DosGlob-1.12-512.2.el10_0.x86_64                  perl-File-Fetch-1.04-511.el10.noarch                             perl-File-Find-1.44-512.2.el10_0.noarch                      
DEBUG util.py:463:    perl-File-HomeDir-1.006-15.el10.noarch                      perl-File-Path-2.18-512.el10.noarch                              perl-File-Temp-1:0.231.100-512.el10.noarch                   
DEBUG util.py:463:    perl-File-Which-1.27-14.el10.noarch                         perl-File-stat-1.14-512.2.el10_0.noarch                          perl-FileCache-1.10-512.2.el10_0.noarch                      
DEBUG util.py:463:    perl-FileHandle-2.05-512.2.el10_0.noarch                    perl-Filter-2:1.64-512.el10.x86_64                               perl-Filter-Simple-0.96-511.el10.noarch                      
DEBUG util.py:463:    perl-FindBin-1.54-512.2.el10_0.noarch                       perl-GDBM_File-1:1.24-512.2.el10_0.x86_64                        perl-Getopt-Long-1:2.58-3.el10.noarch                        
DEBUG util.py:463:    perl-Getopt-Std-1.14-512.2.el10_0.noarch                    perl-HTTP-Tiny-0.088-512.el10.noarch                             perl-Hash-Util-0.32-512.2.el10_0.x86_64                      
DEBUG util.py:463:    perl-Hash-Util-FieldHash-1.27-512.2.el10_0.x86_64           perl-I18N-Collate-1.02-512.2.el10_0.noarch                       perl-I18N-LangTags-0.45-512.2.el10_0.noarch                  
DEBUG util.py:463:    perl-I18N-Langinfo-0.24-512.2.el10_0.x86_64                 perl-IO-1.55-512.2.el10_0.x86_64                                 perl-IO-Compress-2.212-512.el10_2.1.noarch                   
DEBUG util.py:463:    perl-IO-Compress-Lzma-2.206-8.el10.noarch                   perl-IO-Socket-IP-0.42-512.el10.noarch                           perl-IO-Socket-SSL-2.085-3.el10.noarch                       
DEBUG util.py:463:    perl-IO-Zlib-1:1.15-511.el10.noarch                         perl-IPC-Cmd-2:1.04-512.el10.noarch                              perl-IPC-Open3-1.22-512.2.el10_0.noarch                      
DEBUG util.py:463:    perl-IPC-SysV-2.09-512.el10.x86_64                          perl-IPC-System-Simple-1.30-16.el10.noarch                       perl-JSON-PP-1:4.16-513.el10.noarch                          
DEBUG util.py:463:    perl-Locale-Maketext-1.33-512.el10.noarch                   perl-Locale-Maketext-Simple-1:0.21-512.2.el10_0.noarch           perl-MIME-Base64-3.16-511.el10.x86_64                        
DEBUG util.py:463:    perl-MRO-Compat-0.15-12.el10.noarch                         perl-Math-BigInt-1:2.0030.03-3.el10.noarch                       perl-Math-BigInt-FastCalc-0.501.800-511.el10.x86_64          
DEBUG util.py:463:    perl-Math-Complex-1.62-512.2.el10_0.noarch                  perl-Memoize-1.16-512.2.el10_0.noarch                            perl-Module-Build-2:0.42.34-7.el10.noarch                    
DEBUG util.py:463:    perl-Module-CoreList-1:5.20260119-1.el10.noarch             perl-Module-CoreList-tools-1:5.20260119-1.el10.noarch            perl-Module-Load-1:0.36-511.el10.noarch                      
DEBUG util.py:463:    perl-Module-Load-Conditional-0.74-511.el10.noarch           perl-Module-Loaded-1:0.08-512.2.el10_0.noarch                    perl-Module-Metadata-1.000038-512.el10.noarch                
DEBUG util.py:463:    perl-Module-Signature-0.88-12.el10.noarch                   perl-Mozilla-CA-20231213-5.el10.noarch                           perl-NDBM_File-1.17-512.2.el10_0.x86_64                      
DEBUG util.py:463:    perl-NEXT-0.69-512.2.el10_0.noarch                          perl-Net-1.04-512.2.el10_0.noarch                                perl-Net-Ping-2.76-511.el10.noarch                           
DEBUG util.py:463:    perl-Net-SSLeay-1.94-8.el10.x86_64                          perl-ODBM_File-1.18-512.2.el10_0.x86_64                          perl-Opcode-1.65-512.2.el10_0.x86_64                         
DEBUG util.py:463:    perl-POSIX-2.20-512.2.el10_0.x86_64                         perl-Package-Generator-1.106-34.el10.noarch                      perl-Params-Check-1:0.38-511.el10.noarch                     
DEBUG util.py:463:    perl-Params-Util-1.102-19.el10.x86_64                       perl-PathTools-3.91-512.el10.x86_64                              perl-Perl-OSType-1.010-512.el10.noarch                       
DEBUG util.py:463:    perl-PerlIO-via-QuotedPrint-0.10-511.el10.noarch            perl-Pod-Checker-4:1.77-511.el10.noarch                          perl-Pod-Escapes-1:1.07-511.el10.noarch                      
DEBUG util.py:463:    perl-Pod-Functions-1.14-512.2.el10_0.noarch                 perl-Pod-Html-1.35-512.2.el10_0.noarch                           perl-Pod-Perldoc-3.28.01-512.el10.noarch                     
DEBUG util.py:463:    perl-Pod-Simple-1:3.45-511.el10.noarch                      perl-Pod-Usage-4:2.03-511.el10.noarch                            perl-Safe-2.46-512.2.el10_0.noarch                           
DEBUG util.py:463:    perl-Scalar-List-Utils-5:1.63-511.el10.x86_64               perl-Search-Dict-1.07-512.2.el10_0.noarch                        perl-SelectSaver-1.02-512.2.el10_0.noarch                    
DEBUG util.py:463:    perl-SelfLoader-1.27-512.2.el10_0.noarch                    perl-Socket-4:2.038-511.el10.x86_64                              perl-Software-License-0.104006-4.el10.noarch                 
DEBUG util.py:463:    perl-Storable-1:3.32-511.el10.x86_64                        perl-Sub-Exporter-0.991-7.el10.noarch                            perl-Sub-Install-0.929-8.el10.noarch                         
DEBUG util.py:463:    perl-Symbol-1.09-512.2.el10_0.noarch                        perl-Sys-Hostname-1.25-512.2.el10_0.x86_64                       perl-Sys-Syslog-0.36-512.el10.x86_64                         
DEBUG util.py:463:    perl-Term-ANSIColor-5.01-512.el10.noarch                    perl-Term-Cap-1.18-511.el10.noarch                               perl-Term-Complete-1.403-512.2.el10_0.noarch                 
DEBUG util.py:463:    perl-Term-ReadLine-1.17-512.2.el10_0.noarch                 perl-Term-Table-0.018-513.el10.noarch                            perl-Test-1.31-512.2.el10_0.noarch                           
DEBUG util.py:463:    perl-Test-Harness-1:3.48-512.el10.noarch                    perl-Test-Simple-3:1.302199-513.el10.noarch                      perl-Test2-Suite-0.000163-4.el10.noarch                      
DEBUG util.py:463:    perl-Text-Abbrev-1.02-512.2.el10_0.noarch                   perl-Text-Balanced-2.06-511.el10.noarch                          perl-Text-Diff-1.45-25.el10.noarch                           
DEBUG util.py:463:    perl-Text-Glob-0.11-26.el10.noarch                          perl-Text-ParseWords-3.31-511.el10.noarch                        perl-Text-Tabs+Wrap-2024.001-511.el10.noarch                 
DEBUG util.py:463:    perl-Text-Template-1.61-8.el10.noarch                       perl-Thread-3.05-512.2.el10_0.noarch                             perl-Thread-Queue-3.14-511.el10.noarch                       
DEBUG util.py:463:    perl-Thread-Semaphore-2.13-512.2.el10_0.noarch              perl-Tie-4.6-512.2.el10_0.noarch                                 perl-Tie-File-1.09-512.2.el10_0.noarch                       
DEBUG util.py:463:    perl-Tie-Memoize-1.1-512.2.el10_0.noarch                    perl-Tie-RefHash-1.40-511.el10.noarch                            perl-Time-1.04-512.2.el10_0.noarch                           
DEBUG util.py:463:    perl-Time-HiRes-4:1.9777-511.el10.x86_64                    perl-Time-Local-2:1.350-511.el10.noarch                          perl-Time-Piece-1.3401-512.2.el10_0.x86_64                   
DEBUG util.py:463:    perl-URI-5.27-3.el10.noarch                                 perl-Unicode-Collate-1.31-511.el10.x86_64                        perl-Unicode-Normalize-1.32-511.el10.x86_64                  
DEBUG util.py:463:    perl-Unicode-UCD-0.78-512.2.el10_0.noarch                   perl-User-pwent-1.05-512.2.el10_0.noarch                         perl-autodie-2.37-512.el10.noarch                            
DEBUG util.py:463:    perl-autouse-1.11-512.2.el10_0.noarch                       perl-base-2.27-512.2.el10_0.noarch                               perl-bignum-0.67-512.el10.noarch                             
DEBUG util.py:463:    perl-blib-1.07-512.2.el10_0.noarch                          perl-constant-1.33-512.el10.noarch                               perl-debugger-1.60-512.2.el10_0.noarch                       
DEBUG util.py:463:    perl-deprecate-0.04-512.2.el10_0.noarch                     perl-devel-4:5.40.2-512.2.el10_0.x86_64                          perl-diagnostics-1.40-512.2.el10_0.noarch                    
DEBUG util.py:463:    perl-doc-5.40.2-512.2.el10_0.noarch                         perl-encoding-4:3.00-511.el10.x86_64                             perl-encoding-warnings-0.14-512.2.el10_0.noarch              
DEBUG util.py:463:    perl-experimental-0.032-511.el10.noarch                     perl-fields-2.27-512.2.el10_0.noarch                             perl-filetest-1.03-512.2.el10_0.noarch                       
DEBUG util.py:463:    perl-if-0.61.000-512.2.el10_0.noarch                        perl-inc-latest-2:0.500-30.el10.noarch                           perl-interpreter-4:5.40.2-512.2.el10_0.x86_64                
DEBUG util.py:463:    perl-less-0.03-512.2.el10_0.noarch                          perl-lib-0.65-512.2.el10_0.x86_64                                perl-libnet-3.15-512.el10.noarch                             
DEBUG util.py:463:    perl-libnetcfg-4:5.40.2-512.2.el10_0.noarch                 perl-libs-4:5.40.2-512.2.el10_0.x86_64                           perl-local-lib-2.000029-9.el10.noarch                        
DEBUG util.py:463:    perl-locale-1.12-512.2.el10_0.noarch                        perl-macros-4:5.40.2-512.2.el10_0.noarch                         perl-meta-notation-5.40.2-512.2.el10_0.noarch                
DEBUG util.py:463:    perl-mro-1.29-512.2.el10_0.x86_64                           perl-open-1.13-512.2.el10_0.noarch                               perl-overload-1.37-512.2.el10_0.noarch                       
DEBUG util.py:463:    perl-overloading-0.02-512.2.el10_0.noarch                   perl-parent-1:0.241-512.el10.noarch                              perl-perlfaq-5.20240218-511.el10.noarch                      
DEBUG util.py:463:    perl-ph-5.40.2-512.2.el10_0.x86_64                          perl-podlators-1:5.01-511.el10.noarch                            perl-sigtrap-1.10-512.2.el10_0.noarch                        
DEBUG util.py:463:    perl-sort-2.05-512.2.el10_0.noarch                          perl-subs-1.04-512.2.el10_0.noarch                               perl-threads-1:2.40-511.el10.x86_64                          
DEBUG util.py:463:    perl-threads-shared-1.69-511.el10.x86_64                    perl-utils-5.40.2-512.2.el10_0.noarch                            perl-vars-1.05-512.2.el10_0.noarch                           
DEBUG util.py:463:    perl-version-8:0.99.32-4.el10.x86_64                        perl-vmsish-1.04-512.2.el10_0.noarch                             python3-3.12.13-2.el10_2.x86_64                              
DEBUG util.py:463:    python3-libs-3.12.13-2.el10_2.x86_64                        python3-pip-wheel-23.3.2-11.el10_2.noarch                        python3-pyparsing-3.1.1-7.el10.noarch                        
DEBUG util.py:463:    systemd-257-23.el10_2.2.alma.1.x86_64                       systemd-pam-257-23.el10_2.2.alma.1.x86_64                        systemd-rpm-macros-257-23.el10_2.2.alma.1.noarch             
DEBUG util.py:463:    systemtap-sdt-devel-5.4-3.el10.x86_64                       systemtap-sdt-dtrace-5.4-3.el10.x86_64                           tpm2-tss-4.1.3-6.el10.x86_64                                 
DEBUG util.py:463:    tzdata-2026b-1.el10.alma.1.noarch                           yajl-2.1.0-25.el10.x86_64                                        zlib-ng-compat-devel-2.2.3-3.el10_1.x86_64                   
DEBUG util.py:463:  Complete!
DEBUG util.py:610:  Child return code was: 0
DEBUG util.py:185:  kill orphans in chroot /var/lib/mock/alma+epel-10-x86_64/root
DEBUG util.py:185:  kill orphans in chroot /var/lib/mock/alma+epel-10-x86_64-bootstrap/root/var/lib/mock/alma+epel-10-x86_64/root
DEBUG util.py:636:  child environment: None
DEBUG util.py:558:  Executing command: ['/bin/umount', '-n', '-l', '/var/lib/mock/alma+epel-10-x86_64-bootstrap/root/var/lib/mock/alma+epel-10-x86_64/root'] with env {'TERM': 'vt100', 'SHELL': '/bin/sh', 'HOME': '/builddir', 'HOSTNAME': 'mock', 'PATH': '/usr/bin:/bin:/usr/sbin:/sbin', 'LANG': 'C.UTF-8'} and shell False
DEBUG util.py:610:  Child return code was: 0
DEBUG util.py:636:  child environment: None
DEBUG util.py:558:  Executing command: ['/bin/umount', '-n', '-l', '/var/lib/mock/alma+epel-10-x86_64-bootstrap/root/var/lib/mock/alma+epel-10-x86_64/root'] with env {'TERM': 'vt100', 'SHELL': '/bin/sh', 'HOME': '/builddir', 'HOSTNAME': 'mock', 'PATH': '/usr/bin:/bin:/usr/sbin:/sbin', 'LANG': 'C.UTF-8'} and shell False
DEBUG util.py:610:  Child return code was: 0
DEBUG util.py:636:  child environment: None
DEBUG util.py:558:  Executing command: ['/bin/umount', '-n', '-l', '/var/lib/mock/alma+epel-10-x86_64/root/dev/pts'] with env {'TERM': 'vt100', 'SHELL': '/bin/sh', 'HOME': '/builddir', 'HOSTNAME': 'mock', 'PATH': '/usr/bin:/bin:/usr/sbin:/sbin', 'LANG': 'C.UTF-8'} and shell False
DEBUG util.py:610:  Child return code was: 0
DEBUG util.py:636:  child environment: None
DEBUG util.py:558:  Executing command: ['/bin/umount', '-n', '-l', '/var/lib/mock/alma+epel-10-x86_64/root/dev/shm'] with env {'TERM': 'vt100', 'SHELL': '/bin/sh', 'HOME': '/builddir', 'HOSTNAME': 'mock', 'PATH': '/usr/bin:/bin:/usr/sbin:/sbin', 'LANG': 'C.UTF-8'} and shell False
DEBUG util.py:610:  Child return code was: 0
DEBUG util.py:636:  child environment: None
DEBUG util.py:558:  Executing command: ['/bin/umount', '-n', '-l', '/var/lib/mock/alma+epel-10-x86_64/root/sys'] with env {'TERM': 'vt100', 'SHELL': '/bin/sh', 'HOME': '/builddir', 'HOSTNAME': 'mock', 'PATH': '/usr/bin:/bin:/usr/sbin:/sbin', 'LANG': 'C.UTF-8'} and shell False
DEBUG util.py:610:  Child return code was: 0
DEBUG util.py:636:  child environment: None
DEBUG util.py:558:  Executing command: ['/bin/umount', '-n', '-l', '/var/lib/mock/alma+epel-10-x86_64/root/sys'] with env {'TERM': 'vt100', 'SHELL': '/bin/sh', 'HOME': '/builddir', 'HOSTNAME': 'mock', 'PATH': '/usr/bin:/bin:/usr/sbin:/sbin', 'LANG': 'C.UTF-8'} and shell False
DEBUG util.py:610:  Child return code was: 0
DEBUG util.py:636:  child environment: None
DEBUG util.py:558:  Executing command: ['/bin/umount', '-n', '-l', '/var/lib/mock/alma+epel-10-x86_64/root/proc'] with env {'TERM': 'vt100', 'SHELL': '/bin/sh', 'HOME': '/builddir', 'HOSTNAME': 'mock', 'PATH': '/usr/bin:/bin:/usr/sbin:/sbin', 'LANG': 'C.UTF-8'} and shell False
DEBUG util.py:610:  Child return code was: 0
DEBUG util.py:636:  child environment: None
DEBUG util.py:558:  Executing command: ['/bin/umount', '-n', '-l', '/var/lib/mock/alma+epel-10-x86_64/root/proc'] with env {'TERM': 'vt100', 'SHELL': '/bin/sh', 'HOME': '/builddir', 'HOSTNAME': 'mock', 'PATH': '/usr/bin:/bin:/usr/sbin:/sbin', 'LANG': 'C.UTF-8'} and shell False
DEBUG util.py:610:  Child return code was: 0
DEBUG file_util.py:17:  ensuring that dir exists: /var/lib/mock/alma+epel-10-x86_64-bootstrap/root/var/lib/mock/alma+epel-10-x86_64/root
DEBUG util.py:636:  child environment: None
DEBUG util.py:558:  Executing command: ['/bin/mount', '-n', '-t', 'tmpfs', '-o', 'private,mode=0755', 'tmpfs', '/var/lib/mock/alma+epel-10-x86_64-bootstrap/root/var/lib/mock/alma+epel-10-x86_64/root'] with env {'TERM': 'vt100', 'SHELL': '/bin/sh', 'HOME': '/builddir', 'HOSTNAME': 'mock', 'PATH': '/usr/bin:/bin:/usr/sbin:/sbin', 'LANG': 'C.UTF-8'} and shell False
DEBUG util.py:610:  Child return code was: 0
DEBUG file_util.py:17:  ensuring that dir exists: /var/lib/mock/alma+epel-10-x86_64-bootstrap/root/var/lib/mock/alma+epel-10-x86_64/root
DEBUG util.py:636:  child environment: None
DEBUG util.py:558:  Executing command: ['/bin/mount', '-n', '-o', 'rbind', '/var/lib/mock/alma+epel-10-x86_64/root', '/var/lib/mock/alma+epel-10-x86_64-bootstrap/root/var/lib/mock/alma+epel-10-x86_64/root'] with env {'TERM': 'vt100', 'SHELL': '/bin/sh', 'HOME': '/builddir', 'HOSTNAME': 'mock', 'PATH': '/usr/bin:/bin:/usr/sbin:/sbin', 'LANG': 'C.UTF-8'} and shell False
DEBUG util.py:610:  Child return code was: 0
DEBUG util.py:636:  child environment: None
DEBUG util.py:558:  Executing command: ['/bin/mount', '-n', '-o', 'remount,private,rbind', '--target', '/var/lib/mock/alma+epel-10-x86_64-bootstrap/root/var/lib/mock/alma+epel-10-x86_64/root'] with env {'TERM': 'vt100', 'SHELL': '/bin/sh', 'HOME': '/builddir', 'HOSTNAME': 'mock', 'PATH': '/usr/bin:/bin:/usr/sbin:/sbin', 'LANG': 'C.UTF-8'} and shell False
DEBUG util.py:610:  Child return code was: 0
DEBUG util.py:636:  child environment: None
DEBUG util.py:553:  Using nspawn with args ['--capability=cap_ipc_lock', '--bind=/tmp/mock-resolv.mbuvd83v:/etc/resolv.conf']
DEBUG util.py:558:  Executing command: ['/usr/bin/systemd-nspawn', '-q', '-M', '839ee42d90f748a983deb535342a4d9c', '-D', '/var/lib/mock/alma+epel-10-x86_64-bootstrap/root', '-a', '--capability=cap_ipc_lock', '--bind=/tmp/mock-resolv.mbuvd83v:/etc/resolv.conf', '--console=pipe', '--setenv=TERM=vt100', '--setenv=SHELL=/bin/bash', '--setenv=HOME=/builddir', '--setenv=HOSTNAME=mock', '--setenv=PATH=/usr/bin:/bin:/usr/sbin:/sbin', '--setenv=PROMPT_COMMAND=printf "\\033]0;<mock-chroot>\\007"', '--setenv=PS1=<mock-chroot> \\s-\\v\\$ ', '--setenv=LANG=C.UTF-8', '--resolv-conf=off', '/bin/rpm', '-qa', '--root', '/var/lib/mock/alma+epel-10-x86_64/root'] with env {'TERM': 'vt100', 'SHELL': '/bin/bash', 'HOME': '/builddir', 'HOSTNAME': 'mock', 'PATH': '/usr/bin:/bin:/usr/sbin:/sbin', 'PROMPT_COMMAND': 'printf "\\033]0;<mock-chroot>\\007"', 'PS1': '<mock-chroot> \\s-\\v\\$ ', 'LANG': 'C.UTF-8', 'SYSTEMD_NSPAWN_TMPFS_TMP': '0', 'SYSTEMD_SECCOMP': '0'} and shell False
DEBUG util.py:463:  gpg-pubkey-c2a1e572-668fe8ef
DEBUG util.py:463:  gpg-pubkey-e37ed158-65785fa9
DEBUG util.py:463:  libgcc-14.3.1-4.4.el10.alma.2.x86_64
DEBUG util.py:463:  ghc-srpm-macros-1.9.2-1.el10_0.noarch
DEBUG util.py:463:  fpc-srpm-macros-1.3-7.el10_1.noarch
DEBUG util.py:463:  ansible-srpm-macros-1-21.el10_2.noarch
DEBUG util.py:463:  rust-toolset-srpm-macros-1.92.0-1.el10.alma.1.noarch
DEBUG util.py:463:  qt6-srpm-macros-6.10.1-1.el10.noarch
DEBUG util.py:463:  perl-srpm-macros-1-57.el10.noarch
DEBUG util.py:463:  package-notes-srpm-macros-0.5-13.el10.noarch
DEBUG util.py:463:  openblas-srpm-macros-2-19.el10.noarch
DEBUG util.py:463:  ocaml-srpm-macros-10-4.el10.noarch
DEBUG util.py:463:  kernel-srpm-macros-1.0-27.el10.noarch
DEBUG util.py:463:  publicsuffix-list-dafsa-20240107-5.el10.noarch
DEBUG util.py:463:  pkgconf-m4-2.1.0-3.el10.noarch
DEBUG util.py:463:  pcre2-syntax-10.44-1.el10.3.noarch
DEBUG util.py:463:  ncurses-base-6.4-15.20240127.el10_1.noarch
DEBUG util.py:463:  libssh-config-0.12.0-2.el10.noarch
DEBUG util.py:463:  coreutils-common-9.5-8.el10_2.x86_64
DEBUG util.py:463:  almalinux-gpg-keys-10.2-21.el10.x86_64
DEBUG util.py:463:  almalinux-release-10.2-21.el10.x86_64
DEBUG util.py:463:  almalinux-repos-10.2-21.el10.x86_64
DEBUG util.py:463:  setup-2.14.5-7.el10.noarch
DEBUG util.py:463:  filesystem-3.18-17.el10.x86_64
DEBUG util.py:463:  basesystem-11-22.el10.noarch
DEBUG util.py:463:  glibc-gconv-extra-2.39-126.el10_2.alma.1.x86_64
DEBUG util.py:463:  ncurses-libs-6.4-15.20240127.el10_1.x86_64
DEBUG util.py:463:  glibc-2.39-126.el10_2.alma.1.x86_64
DEBUG util.py:463:  bash-5.2.26-6.el10.x86_64
DEBUG util.py:463:  glibc-common-2.39-126.el10_2.alma.1.x86_64
DEBUG util.py:463:  glibc-minimal-langpack-2.39-126.el10_2.alma.1.x86_64
DEBUG util.py:463:  zlib-ng-compat-2.2.3-3.el10_1.x86_64
DEBUG util.py:463:  bzip2-libs-1.0.8-25.el10.x86_64
DEBUG util.py:463:  xz-libs-5.6.2-4.el10_0.x86_64
DEBUG util.py:463:  libstdc++-14.3.1-4.4.el10.alma.2.x86_64
DEBUG util.py:463:  libuuid-2.40.2-18.el10.x86_64
DEBUG util.py:463:  popt-1.19-8.el10.x86_64
DEBUG util.py:463:  readline-8.2-11.el10.x86_64
DEBUG util.py:463:  libblkid-2.40.2-18.el10.x86_64
DEBUG util.py:463:  gmp-6.2.1-12.el10.x86_64
DEBUG util.py:463:  libattr-2.5.2-5.el10.x86_64
DEBUG util.py:463:  libacl-2.3.2-4.el10.x86_64
DEBUG util.py:463:  libxcrypt-4.4.36-10.el10.x86_64
DEBUG util.py:463:  libzstd-1.5.5-9.el10.x86_64
DEBUG util.py:463:  elfutils-libelf-0.194-2.el10_2.x86_64
DEBUG util.py:463:  crypto-policies-20260216-1.git0e54016.el10.alma.1.noarch
DEBUG util.py:463:  gdbm-libs-1.23-12.el10_0.x86_64
DEBUG util.py:463:  libeconf-0.6.2-4.el10.x86_64
DEBUG util.py:463:  dwz-0.16-1.el10.x86_64
DEBUG util.py:463:  mpfr-4.2.1-8.el10.x86_64
DEBUG util.py:463:  gawk-5.3.0-6.el10.x86_64
DEBUG util.py:463:  unzip-6.0-69.el10.x86_64
DEBUG util.py:463:  file-libs-5.45-9.el10.x86_64
DEBUG util.py:463:  file-5.45-9.el10.x86_64
DEBUG util.py:463:  alternatives-1.30-2.el10.x86_64
DEBUG util.py:463:  jansson-2.14-3.el10.x86_64
DEBUG util.py:463:  libcap-ng-0.8.4-6.el10.x86_64
DEBUG util.py:463:  audit-libs-4.0.3-5.el10.x86_64
DEBUG util.py:463:  pam-libs-1.6.1-9.el10.x86_64
DEBUG util.py:463:  libcap-2.69-7.el10_2.1.x86_64
DEBUG util.py:463:  systemd-libs-257-23.el10_2.2.alma.1.x86_64
DEBUG util.py:463:  libffi-3.4.4-10.el10.x86_64
DEBUG util.py:463:  libsepol-3.10-1.el10.x86_64
DEBUG util.py:463:  libsmartcols-2.40.2-18.el10.x86_64
DEBUG util.py:463:  libtasn1-4.20.0-5.el10_2.x86_64
DEBUG util.py:463:  libunistring-1.1-10.el10.x86_64
DEBUG util.py:463:  libidn2-2.3.7-3.el10.x86_64
DEBUG util.py:463:  lua-libs-5.4.6-7.el10.x86_64
DEBUG util.py:463:  lz4-libs-1.9.4-8.el10.x86_64
DEBUG util.py:463:  pcre2-10.44-1.el10.3.x86_64
DEBUG util.py:463:  libselinux-3.10-1.el10.x86_64
DEBUG util.py:463:  sed-4.9-5.el10.x86_64
DEBUG util.py:463:  findutils-4.10.0-5.el10.x86_64
DEBUG util.py:463:  grep-3.11-10.el10.x86_64
DEBUG util.py:463:  xz-5.6.2-4.el10_0.x86_64
DEBUG util.py:463:  libmount-2.40.2-18.el10.x86_64
DEBUG util.py:463:  util-linux-core-2.40.2-18.el10.x86_64
DEBUG util.py:463:  libsemanage-3.10-1.el10.x86_64
DEBUG util.py:463:  shadow-utils-4.15.0-11.el10.x86_64
DEBUG util.py:463:  libutempter-1.2.1-15.el10.x86_64
DEBUG util.py:463:  tar-1.35-11.el10.x86_64
DEBUG util.py:463:  zstd-1.5.5-9.el10.x86_64
DEBUG util.py:463:  libpsl-0.21.5-6.el10.x86_64
DEBUG util.py:463:  p11-kit-0.26.2-1.el10.x86_64
DEBUG util.py:463:  p11-kit-trust-0.26.2-1.el10.x86_64
DEBUG util.py:463:  openssl-fips-provider-3.5.5-4.el10_2.alma.1.x86_64
DEBUG util.py:463:  openssl-libs-3.5.5-4.el10_2.alma.1.x86_64
DEBUG util.py:463:  coreutils-9.5-8.el10_2.x86_64
DEBUG util.py:463:  ca-certificates-2025.2.80_v9.0.305-102.el10_1.noarch
DEBUG util.py:463:  authselect-libs-1.5.2-1.el10.x86_64
DEBUG util.py:463:  gzip-1.13-3.el10.x86_64
DEBUG util.py:463:  cracklib-2.9.11-8.el10.x86_64
DEBUG util.py:463:  cracklib-dicts-2.9.11-8.el10.x86_64
DEBUG util.py:463:  libpwquality-1.4.5-12.el10.x86_64
DEBUG util.py:463:  libevent-2.1.12-16.el10.x86_64
DEBUG util.py:463:  rpm-sequoia-1.10.1.1-2.el10.x86_64
DEBUG util.py:463:  zip-3.0-45.el10.x86_64
DEBUG util.py:463:  cyrus-sasl-lib-2.1.28-30.el10_2.x86_64
DEBUG util.py:463:  openldap-2.6.10-1.el10.x86_64
DEBUG util.py:463:  gdbm-1.23-12.el10_0.x86_64
DEBUG util.py:463:  pam-1.6.1-9.el10.x86_64
DEBUG util.py:463:  libfdisk-2.40.2-18.el10.x86_64
DEBUG util.py:463:  libxml2-2.12.5-10.el10_2.1.x86_64
DEBUG util.py:463:  libarchive-3.7.7-8.el10_1.x86_64
DEBUG util.py:463:  bzip2-1.0.8-25.el10.x86_64
DEBUG util.py:463:  sqlite-libs-3.46.1-5.el10_1.x86_64
DEBUG util.py:463:  rpm-libs-4.19.1.1-23.el10.alma.1.x86_64
DEBUG util.py:463:  ed-1.20-5.el10.x86_64
DEBUG util.py:463:  patch-2.7.6-26.el10.x86_64
DEBUG util.py:463:  elfutils-default-yama-scope-0.194-2.el10_2.noarch
DEBUG util.py:463:  cpio-2.15-3.el10.x86_64
DEBUG util.py:463:  diffutils-3.10-8.el10.x86_64
DEBUG util.py:463:  json-c-0.18-3.el10.x86_64
DEBUG util.py:463:  keyutils-libs-1.6.3-5.el10.x86_64
DEBUG util.py:463:  libbrotli-1.1.0-7.el10_1.x86_64
DEBUG util.py:463:  libcbor-0.11.0-3.el10.x86_64
DEBUG util.py:463:  libfido2-1.14.0-7.el10.x86_64
DEBUG util.py:463:  libcom_err-1.47.1-5.el10.x86_64
DEBUG util.py:463:  libgomp-14.3.1-4.4.el10.alma.2.x86_64
DEBUG util.py:463:  libnghttp2-1.68.0-3.el10_2.1.x86_64
DEBUG util.py:463:  libpkgconf-2.1.0-3.el10.x86_64
DEBUG util.py:463:  pkgconf-2.1.0-3.el10.x86_64
DEBUG util.py:463:  pkgconf-pkg-config-2.1.0-3.el10.x86_64
DEBUG util.py:463:  libverto-0.3.2-10.el10.x86_64
DEBUG util.py:463:  krb5-libs-1.21.3-10.el10_2.x86_64
DEBUG util.py:463:  libssh-0.12.0-2.el10.x86_64
DEBUG util.py:463:  libcurl-8.12.1-4.el10.x86_64
DEBUG util.py:463:  elfutils-libs-0.194-2.el10_2.x86_64
DEBUG util.py:463:  elfutils-debuginfod-client-0.194-2.el10_2.x86_64
DEBUG util.py:463:  binutils-gold-2.41-63.el10.alma.1.x86_64
DEBUG util.py:463:  binutils-2.41-63.el10.alma.1.x86_64
DEBUG util.py:463:  elfutils-0.194-2.el10_2.x86_64
DEBUG util.py:463:  gdb-minimal-16.3-3.el10.x86_64
DEBUG util.py:463:  debugedit-5.1-8.el10.x86_64
DEBUG util.py:463:  rpm-build-libs-4.19.1.1-23.el10.alma.1.x86_64
DEBUG util.py:463:  curl-8.12.1-4.el10.x86_64
DEBUG util.py:463:  rpm-4.19.1.1-23.el10.alma.1.x86_64
DEBUG util.py:463:  efi-srpm-macros-6-6.el10.alma.1.noarch
DEBUG util.py:463:  lua-srpm-macros-1-15.el10.noarch
DEBUG util.py:463:  fonts-srpm-macros-2.0.5-18.el10.noarch
DEBUG util.py:463:  forge-srpm-macros-0.4.0-6.el10.noarch
DEBUG util.py:463:  go-srpm-macros-3.8.0-1.el10.noarch
DEBUG util.py:463:  python-srpm-macros-3.12-11.el10.noarch
DEBUG util.py:463:  redhat-rpm-config-295-1.el10.alma.1.noarch
DEBUG util.py:463:  rpm-build-4.19.1.1-23.el10.alma.1.x86_64
DEBUG util.py:463:  pyproject-srpm-macros-1.18.5-1.el10.noarch
DEBUG util.py:463:  R-srpm-macros-1.3.7-1.el10_2.noarch
DEBUG util.py:463:  epel-rpm-macros-10-7.el10_2.noarch
DEBUG util.py:463:  util-linux-2.40.2-18.el10.x86_64
DEBUG util.py:463:  authselect-1.5.2-1.el10.x86_64
DEBUG util.py:463:  which-2.21-44.el10_0.x86_64
DEBUG util.py:463:  info-7.1-6.el10.x86_64
DEBUG util.py:463:  libgpg-error-1.50-2.el10.x86_64
DEBUG util.py:463:  libmpc-1.3.1-7.el10.x86_64
DEBUG util.py:463:  make-4.4.1-9.el10.x86_64
DEBUG util.py:463:  expat-2.7.3-1.el10_2.1.x86_64
DEBUG util.py:463:  cpp-14.3.1-4.4.el10.alma.2.x86_64
DEBUG util.py:463:  libassuan-2.5.6-6.el10.x86_64
DEBUG util.py:463:  libgcrypt-1.11.0-5.el10.x86_64
DEBUG util.py:463:  libksba-1.6.7-2.el10.x86_64
DEBUG util.py:463:  yajl-2.1.0-25.el10.x86_64
DEBUG util.py:463:  pcre2-utf32-10.44-1.el10.3.x86_64
DEBUG util.py:463:  pcre2-utf16-10.44-1.el10.3.x86_64
DEBUG util.py:463:  libstdc++-devel-14.3.1-4.4.el10.alma.2.x86_64
DEBUG util.py:463:  kernel-headers-6.12.0-211.29.1.el10_2.x86_64
DEBUG util.py:463:  libxcrypt-devel-4.4.36-10.el10.x86_64
DEBUG util.py:463:  glibc-devel-2.39-126.el10_2.alma.1.x86_64
DEBUG util.py:463:  gcc-14.3.1-4.4.el10.alma.2.x86_64
DEBUG util.py:463:  gcc-c++-14.3.1-4.4.el10.alma.2.x86_64
DEBUG util.py:463:  cmake-filesystem-3.31.8-1.el10.x86_64
DEBUG util.py:463:  annobin-docs-13.02-2.el10.noarch
DEBUG util.py:463:  tzdata-2026b-1.el10.alma.1.noarch
DEBUG util.py:463:  tpm2-tss-4.1.3-6.el10.x86_64
DEBUG util.py:463:  python3-pip-wheel-23.3.2-11.el10_2.noarch
DEBUG util.py:463:  npth-1.6-21.el10.x86_64
DEBUG util.py:463:  ncurses-6.4-15.20240127.el10_1.x86_64
DEBUG util.py:463:  mpdecimal-2.5.1-12.el10.x86_64
DEBUG util.py:463:  python3-3.12.13-2.el10_2.x86_64
DEBUG util.py:463:  python3-libs-3.12.13-2.el10_2.x86_64
DEBUG util.py:463:  python3-pyparsing-3.1.1-7.el10.noarch
DEBUG util.py:463:  systemtap-sdt-dtrace-5.4-3.el10.x86_64
DEBUG util.py:463:  systemtap-sdt-devel-5.4-3.el10.x86_64
DEBUG util.py:463:  lmdb-libs-0.9.32-4.el10.x86_64
DEBUG util.py:463:  libseccomp-2.5.6-1.el10.x86_64
DEBUG util.py:463:  groff-base-1.23.0-10.el10.x86_64
DEBUG util.py:463:  perl-Digest-1.20-511.el10.noarch
DEBUG util.py:463:  perl-Digest-MD5-2.59-6.el10.x86_64
DEBUG util.py:463:  perl-B-1.89-512.2.el10_0.x86_64
DEBUG util.py:463:  perl-FileHandle-2.05-512.2.el10_0.noarch
DEBUG util.py:463:  perl-Data-Dumper-2.189-512.el10.x86_64
DEBUG util.py:463:  perl-libnet-3.15-512.el10.noarch
DEBUG util.py:463:  perl-AutoLoader-5.74-512.2.el10_0.noarch
DEBUG util.py:463:  perl-Class-Struct-0.68-512.2.el10_0.noarch
DEBUG util.py:463:  perl-locale-1.12-512.2.el10_0.noarch
DEBUG util.py:463:  perl-URI-5.27-3.el10.noarch
DEBUG util.py:463:  perl-Socket-2.038-511.el10.x86_64
DEBUG util.py:463:  perl-SelectSaver-1.02-512.2.el10_0.noarch
DEBUG util.py:463:  perl-Term-ANSIColor-5.01-512.el10.noarch
DEBUG util.py:463:  perl-Text-Tabs+Wrap-2024.001-511.el10.noarch
DEBUG util.py:463:  perl-base-2.27-512.2.el10_0.noarch
DEBUG util.py:463:  perl-Mozilla-CA-20231213-5.el10.noarch
DEBUG util.py:463:  perl-if-0.61.000-512.2.el10_0.noarch
DEBUG util.py:463:  perl-POSIX-2.20-512.2.el10_0.x86_64
DEBUG util.py:463:  perl-mro-1.29-512.2.el10_0.x86_64
DEBUG util.py:463:  perl-IO-Socket-IP-0.42-512.el10.noarch
DEBUG util.py:463:  perl-File-stat-1.14-512.2.el10_0.noarch
DEBUG util.py:463:  perl-overloading-0.02-512.2.el10_0.noarch
DEBUG util.py:463:  perl-Time-Local-1.350-511.el10.noarch
DEBUG util.py:463:  perl-File-Path-2.18-512.el10.noarch
DEBUG util.py:463:  perl-IO-Socket-SSL-2.085-3.el10.noarch
DEBUG util.py:463:  perl-Net-SSLeay-1.94-8.el10.x86_64
DEBUG util.py:463:  perl-Pod-Escapes-1.07-511.el10.noarch
DEBUG util.py:463:  perl-Term-Cap-1.18-511.el10.noarch
DEBUG util.py:463:  perl-Pod-Usage-2.03-511.el10.noarch
DEBUG util.py:463:  perl-Errno-1.38-512.2.el10_0.x86_64
DEBUG util.py:463:  perl-Fcntl-1.18-512.2.el10_0.x86_64
DEBUG util.py:463:  perl-File-Basename-2.86-512.2.el10_0.noarch
DEBUG util.py:463:  perl-Getopt-Std-1.14-512.2.el10_0.noarch
DEBUG util.py:463:  perl-MIME-Base64-3.16-511.el10.x86_64
DEBUG util.py:463:  perl-Scalar-List-Utils-1.63-511.el10.x86_64
DEBUG util.py:463:  perl-Symbol-1.09-512.2.el10_0.noarch
DEBUG util.py:463:  perl-Text-ParseWords-3.31-511.el10.noarch
DEBUG util.py:463:  perl-constant-1.33-512.el10.noarch
DEBUG util.py:463:  perl-IPC-Open3-1.22-512.2.el10_0.noarch
DEBUG util.py:463:  perl-Storable-3.32-511.el10.x86_64
DEBUG util.py:463:  perl-IO-1.55-512.2.el10_0.x86_64
DEBUG util.py:463:  perl-overload-1.37-512.2.el10_0.noarch
DEBUG util.py:463:  perl-parent-0.241-512.el10.noarch
DEBUG util.py:463:  perl-File-Temp-0.231.100-512.el10.noarch
DEBUG util.py:463:  perl-HTTP-Tiny-0.088-512.el10.noarch
DEBUG util.py:463:  perl-vars-1.05-512.2.el10_0.noarch
DEBUG util.py:463:  perl-Pod-Simple-3.45-511.el10.noarch
DEBUG util.py:463:  perl-Getopt-Long-2.58-3.el10.noarch
DEBUG util.py:463:  perl-podlators-5.01-511.el10.noarch
DEBUG util.py:463:  perl-Carp-1.54-511.el10.noarch
DEBUG util.py:463:  perl-Exporter-5.78-511.el10.noarch
DEBUG util.py:463:  perl-GDBM_File-1.24-512.2.el10_0.x86_64
DEBUG util.py:463:  perl-NDBM_File-1.17-512.2.el10_0.x86_64
DEBUG util.py:463:  perl-ODBM_File-1.18-512.2.el10_0.x86_64
DEBUG util.py:463:  perl-PathTools-3.91-512.el10.x86_64
DEBUG util.py:463:  perl-DynaLoader-1.56-512.2.el10_0.x86_64
DEBUG util.py:463:  perl-Encode-3.21-511.el10.x86_64
DEBUG util.py:463:  perl-libs-5.40.2-512.2.el10_0.x86_64
DEBUG util.py:463:  perl-Pod-Perldoc-3.28.01-512.el10.noarch
DEBUG util.py:463:  perl-doc-5.40.2-512.2.el10_0.noarch
DEBUG util.py:463:  perl-interpreter-5.40.2-512.2.el10_0.x86_64
DEBUG util.py:463:  perl-File-Find-1.44-512.2.el10_0.noarch
DEBUG util.py:463:  perl-version-0.99.32-4.el10.x86_64
DEBUG util.py:463:  perl-File-Copy-2.41-512.2.el10_0.noarch
DEBUG util.py:463:  perl-Time-HiRes-1.9777-511.el10.x86_64
DEBUG util.py:463:  perl-ExtUtils-Manifest-1.75-511.el10.noarch
DEBUG util.py:463:  perl-threads-2.40-511.el10.x86_64
DEBUG util.py:463:  perl-threads-shared-1.69-511.el10.x86_64
DEBUG util.py:463:  perl-CPAN-Meta-Requirements-2.143-11.el10.noarch
DEBUG util.py:463:  perl-ExtUtils-ParseXS-3.51-512.el10.noarch
DEBUG util.py:463:  perl-Compress-Raw-Zlib-2.212-513.el10.x86_64
DEBUG util.py:463:  perl-File-Compare-1.100.800-512.2.el10_0.noarch
DEBUG util.py:463:  perl-lib-0.65-512.2.el10_0.x86_64
DEBUG util.py:463:  perl-Module-CoreList-5.20260119-1.el10.noarch
DEBUG util.py:463:  perl-Module-Metadata-1.000038-512.el10.noarch
DEBUG util.py:463:  perl-Digest-SHA-6.04-512.el10.x86_64
DEBUG util.py:463:  perl-Devel-Peek-1.34-512.2.el10_0.x86_64
DEBUG util.py:463:  perl-Filter-1.64-512.el10.x86_64
DEBUG util.py:463:  perl-Module-Load-0.36-511.el10.noarch
DEBUG util.py:463:  perl-Perl-OSType-1.010-512.el10.noarch
DEBUG util.py:463:  perl-Term-ReadLine-1.17-512.2.el10_0.noarch
DEBUG util.py:463:  perl-Term-Table-0.018-513.el10.noarch
DEBUG util.py:463:  perl-Tie-4.6-512.2.el10_0.noarch
DEBUG util.py:463:  perl-Unicode-Normalize-1.32-511.el10.x86_64
DEBUG util.py:463:  perl-meta-notation-5.40.2-512.2.el10_0.noarch
DEBUG util.py:463:  perl-encoding-3.00-511.el10.x86_64
DEBUG util.py:463:  perl-Dumpvalue-2.27-512.2.el10_0.noarch
DEBUG util.py:463:  perl-Net-Ping-2.76-511.el10.noarch
DEBUG util.py:463:  perl-ExtUtils-Command-7.70-513.el10.noarch
DEBUG util.py:463:  perl-Pod-Html-1.35-512.2.el10_0.noarch
DEBUG util.py:463:  perl-AutoSplit-5.74-512.2.el10_0.noarch
DEBUG util.py:463:  perl-Benchmark-1.25-512.2.el10_0.noarch
DEBUG util.py:463:  perl-Test-Harness-3.48-512.el10.noarch
DEBUG util.py:463:  perl-CPAN-Meta-YAML-0.018-512.el10.noarch
DEBUG util.py:463:  perl-Compress-Raw-Bzip2-2.212-512.el10.x86_64
DEBUG util.py:463:  perl-IO-Compress-2.212-512.el10_2.1.noarch
DEBUG util.py:463:  perl-IO-Zlib-1.15-511.el10.noarch
DEBUG util.py:463:  perl-Devel-PPPort-3.72-512.el10.x86_64
DEBUG util.py:463:  perl-DirHandle-1.05-512.2.el10_0.noarch
DEBUG util.py:463:  perl-ExtUtils-Constant-0.25-512.2.el10_0.noarch
DEBUG util.py:463:  perl-ExtUtils-MM-Utils-7.70-513.el10.noarch
DEBUG util.py:463:  perl-Hash-Util-FieldHash-1.27-512.2.el10_0.x86_64
DEBUG util.py:463:  perl-Hash-Util-0.32-512.2.el10_0.x86_64
DEBUG util.py:463:  perl-I18N-LangTags-0.45-512.2.el10_0.noarch
DEBUG util.py:463:  perl-Locale-Maketext-1.33-512.el10.noarch
DEBUG util.py:463:  perl-Locale-Maketext-Simple-0.21-512.2.el10_0.noarch
DEBUG util.py:463:  perl-Params-Check-0.38-511.el10.noarch
DEBUG util.py:463:  perl-Module-Load-Conditional-0.74-511.el10.noarch
DEBUG util.py:463:  perl-IPC-Cmd-1.04-512.el10.noarch
DEBUG util.py:463:  perl-Math-Complex-1.62-512.2.el10_0.noarch
DEBUG util.py:463:  perl-Math-BigInt-2.0030.03-3.el10.noarch
DEBUG util.py:463:  perl-JSON-PP-4.16-513.el10.noarch
DEBUG util.py:463:  perl-CPAN-Meta-2.150010-511.el10.noarch
DEBUG util.py:463:  perl-ExtUtils-Install-2.22-511.el10.noarch
DEBUG util.py:463:  perl-devel-5.40.2-512.2.el10_0.x86_64
DEBUG util.py:463:  perl-ExtUtils-MakeMaker-7.70-513.el10.noarch
DEBUG util.py:463:  perl-ExtUtils-CBuilder-0.280240-511.el10.noarch
DEBUG util.py:463:  perl-ExtUtils-Embed-1.35-512.2.el10_0.noarch
DEBUG util.py:463:  perl-Test-Simple-1.302199-513.el10.noarch
DEBUG util.py:463:  perl-Params-Util-1.102-19.el10.x86_64
DEBUG util.py:463:  perl-SelfLoader-1.27-512.2.el10_0.noarch
DEBUG util.py:463:  perl-Sub-Install-0.929-8.el10.noarch
DEBUG util.py:463:  perl-Sys-Hostname-1.25-512.2.el10_0.x86_64
DEBUG util.py:463:  perl-Text-Balanced-2.06-511.el10.noarch
DEBUG util.py:463:  perl-Tie-RefHash-1.40-511.el10.noarch
DEBUG util.py:463:  perl-User-pwent-1.05-512.2.el10_0.noarch
DEBUG util.py:463:  perl-autouse-1.11-512.2.el10_0.noarch
DEBUG util.py:463:  perl-subs-1.04-512.2.el10_0.noarch
DEBUG util.py:463:  perl-Opcode-1.65-512.2.el10_0.x86_64
DEBUG util.py:463:  perl-Safe-2.46-512.2.el10_0.noarch
DEBUG util.py:463:  perl-Filter-Simple-0.96-511.el10.noarch
DEBUG util.py:463:  perl-Data-OptList-0.114-7.el10.noarch
DEBUG util.py:463:  perl-Devel-SelfStubber-1.06-512.2.el10_0.noarch
DEBUG util.py:463:  perl-Test2-Suite-0.000163-4.el10.noarch
DEBUG util.py:463:  perl-ExtUtils-Miniperl-1.14-512.2.el10_0.noarch
DEBUG util.py:463:  perl-libnetcfg-5.40.2-512.2.el10_0.noarch
DEBUG util.py:463:  perl-Encode-devel-3.21-511.el10.x86_64
DEBUG util.py:463:  perl-inc-latest-0.500-30.el10.noarch
DEBUG util.py:463:  perl-Math-BigInt-FastCalc-0.501.800-511.el10.x86_64
DEBUG util.py:463:  perl-bignum-0.67-512.el10.noarch
DEBUG util.py:463:  perl-File-Fetch-1.04-511.el10.noarch
DEBUG util.py:463:  perl-fields-2.27-512.2.el10_0.noarch
DEBUG util.py:463:  perl-DBM_Filter-0.06-512.2.el10_0.noarch
DEBUG util.py:463:  perl-open-1.13-512.2.el10_0.noarch
DEBUG util.py:463:  perl-debugger-1.60-512.2.el10_0.noarch
DEBUG util.py:463:  perl-sigtrap-1.10-512.2.el10_0.noarch
DEBUG util.py:463:  perl-Unicode-Collate-1.31-511.el10.x86_64
DEBUG util.py:463:  perl-Unicode-UCD-0.78-512.2.el10_0.noarch
DEBUG util.py:463:  perl-Env-1.06-511.el10.noarch
DEBUG util.py:463:  perl-Module-CoreList-tools-5.20260119-1.el10.noarch
DEBUG util.py:463:  perl-Archive-Zip-1.68-17.el10.noarch
DEBUG util.py:463:  perl-Thread-3.05-512.2.el10_0.noarch
DEBUG util.py:463:  perl-Thread-Queue-3.14-511.el10.noarch
DEBUG util.py:463:  perl-Thread-Semaphore-2.13-512.2.el10_0.noarch
DEBUG util.py:463:  perl-experimental-0.032-511.el10.noarch
DEBUG util.py:463:  perl-Pod-Checker-1.77-511.el10.noarch
DEBUG util.py:463:  perl-diagnostics-1.40-512.2.el10_0.noarch
DEBUG util.py:463:  perl-macros-5.40.2-512.2.el10_0.noarch
DEBUG util.py:463:  perl-utils-5.40.2-512.2.el10_0.noarch
DEBUG util.py:463:  perl-Algorithm-Diff-1.2010-14.el10.noarch
DEBUG util.py:463:  perl-Text-Diff-1.45-25.el10.noarch
DEBUG util.py:463:  perl-Attribute-Handlers-1.03-512.2.el10_0.noarch
DEBUG util.py:463:  perl-Compress-Bzip2-2.28-21.el10.x86_64
DEBUG util.py:463:  perl-Compress-Raw-Lzma-2.212-3.el10.x86_64
DEBUG util.py:463:  perl-IO-Compress-Lzma-2.206-8.el10.noarch
DEBUG util.py:463:  perl-Archive-Tar-3.02-512.el10_2.1.noarch
DEBUG util.py:463:  perl-Config-Extensions-0.03-512.2.el10_0.noarch
DEBUG util.py:463:  perl-Config-Perl-V-0.36-512.el10.noarch
DEBUG util.py:463:  perl-Devel-Size-0.84-3.el10.x86_64
DEBUG util.py:463:  perl-English-1.11-512.2.el10_0.noarch
DEBUG util.py:463:  perl-File-DosGlob-1.12-512.2.el10_0.x86_64
DEBUG util.py:463:  perl-File-Which-1.27-14.el10.noarch
DEBUG util.py:463:  perl-File-HomeDir-1.006-15.el10.noarch
DEBUG util.py:463:  perl-FileCache-1.10-512.2.el10_0.noarch
DEBUG util.py:463:  perl-FindBin-1.54-512.2.el10_0.noarch
DEBUG util.py:463:  perl-I18N-Collate-1.02-512.2.el10_0.noarch
DEBUG util.py:463:  perl-I18N-Langinfo-0.24-512.2.el10_0.x86_64
DEBUG util.py:463:  perl-IPC-SysV-2.09-512.el10.x86_64
DEBUG util.py:463:  perl-IPC-System-Simple-1.30-16.el10.noarch
DEBUG util.py:463:  perl-autodie-2.37-512.el10.noarch
DEBUG util.py:463:  perl-MRO-Compat-0.15-12.el10.noarch
DEBUG util.py:463:  perl-Memoize-1.16-512.2.el10_0.noarch
DEBUG util.py:463:  perl-Module-Loaded-0.08-512.2.el10_0.noarch
DEBUG util.py:463:  perl-NEXT-0.69-512.2.el10_0.noarch
DEBUG util.py:463:  perl-Net-1.04-512.2.el10_0.noarch
DEBUG util.py:463:  perl-Package-Generator-1.106-34.el10.noarch
DEBUG util.py:463:  perl-Sub-Exporter-0.991-7.el10.noarch
DEBUG util.py:463:  perl-Data-Section-0.200008-8.el10.noarch
DEBUG util.py:463:  perl-PerlIO-via-QuotedPrint-0.10-511.el10.noarch
DEBUG util.py:463:  perl-Pod-Functions-1.14-512.2.el10_0.noarch
DEBUG util.py:463:  perl-Search-Dict-1.07-512.2.el10_0.noarch
DEBUG util.py:463:  perl-Sys-Syslog-0.36-512.el10.x86_64
DEBUG util.py:463:  perl-Term-Complete-1.403-512.2.el10_0.noarch
DEBUG util.py:463:  perl-Test-1.31-512.2.el10_0.noarch
DEBUG util.py:463:  perl-Text-Abbrev-1.02-512.2.el10_0.noarch
DEBUG util.py:463:  perl-Text-Glob-0.11-26.el10.noarch
DEBUG util.py:463:  perl-Text-Template-1.61-8.el10.noarch
DEBUG util.py:463:  perl-Software-License-0.104006-4.el10.noarch
DEBUG util.py:463:  perl-Module-Build-0.42.34-7.el10.noarch
DEBUG util.py:463:  perl-Tie-File-1.09-512.2.el10_0.noarch
DEBUG util.py:463:  perl-Tie-Memoize-1.1-512.2.el10_0.noarch
DEBUG util.py:463:  perl-Time-1.04-512.2.el10_0.noarch
DEBUG util.py:463:  perl-Time-Piece-1.3401-512.2.el10_0.x86_64
DEBUG util.py:463:  perl-blib-1.07-512.2.el10_0.noarch
DEBUG util.py:463:  perl-deprecate-0.04-512.2.el10_0.noarch
DEBUG util.py:463:  perl-encoding-warnings-0.14-512.2.el10_0.noarch
DEBUG util.py:463:  perl-filetest-1.03-512.2.el10_0.noarch
DEBUG util.py:463:  perl-less-0.03-512.2.el10_0.noarch
DEBUG util.py:463:  perl-local-lib-2.000029-9.el10.noarch
DEBUG util.py:463:  perl-perlfaq-5.20240218-511.el10.noarch
DEBUG util.py:463:  perl-ph-5.40.2-512.2.el10_0.x86_64
DEBUG util.py:463:  perl-sort-2.05-512.2.el10_0.noarch
DEBUG util.py:463:  perl-vmsish-1.04-512.2.el10_0.noarch
DEBUG util.py:463:  gnutls-3.8.10-4.el10_2.x86_64
DEBUG util.py:463:  gnupg2-2.4.5-4.el10_1.x86_64
DEBUG util.py:463:  perl-Module-Signature-0.88-12.el10.noarch
DEBUG util.py:463:  perl-CPAN-2.36-514.el10_0.noarch
DEBUG util.py:463:  perl-5.40.2-512.2.el10_0.x86_64
DEBUG util.py:463:  dbus-common-1.14.10-5.el10.noarch
DEBUG util.py:463:  dbus-broker-36-4.el10.x86_64
DEBUG util.py:463:  dbus-1.14.10-5.el10.x86_64
DEBUG util.py:463:  systemd-pam-257-23.el10_2.2.alma.1.x86_64
DEBUG util.py:463:  systemd-257-23.el10_2.2.alma.1.x86_64
DEBUG util.py:463:  modsecurity-3.0.16-1.el10.x86_64
DEBUG util.py:463:  annobin-plugin-gcc-13.02-2.el10.x86_64
DEBUG util.py:463:  zlib-ng-compat-devel-2.2.3-3.el10_1.x86_64
DEBUG util.py:463:  gcc-plugin-annobin-14.3.1-4.4.el10.alma.2.x86_64
DEBUG util.py:463:  pcre2-devel-10.44-1.el10.3.x86_64
DEBUG util.py:463:  openssl-devel-3.5.5-4.el10_2.alma.1.x86_64
DEBUG util.py:463:  libzstd-devel-1.5.5-9.el10.x86_64
DEBUG util.py:463:  systemd-rpm-macros-257-23.el10_2.2.alma.1.noarch
DEBUG util.py:610:  Child return code was: 0
DEBUG util.py:185:  kill orphans in chroot /var/lib/mock/alma+epel-10-x86_64/root
DEBUG util.py:185:  kill orphans in chroot /var/lib/mock/alma+epel-10-x86_64-bootstrap/root/var/lib/mock/alma+epel-10-x86_64/root
DEBUG util.py:636:  child environment: None
DEBUG util.py:558:  Executing command: ['/bin/umount', '-n', '-l', '/var/lib/mock/alma+epel-10-x86_64-bootstrap/root/var/lib/mock/alma+epel-10-x86_64/root'] with env {'TERM': 'vt100', 'SHELL': '/bin/sh', 'HOME': '/builddir', 'HOSTNAME': 'mock', 'PATH': '/usr/bin:/bin:/usr/sbin:/sbin', 'LANG': 'C.UTF-8'} and shell False
DEBUG util.py:610:  Child return code was: 0
DEBUG util.py:636:  child environment: None
DEBUG util.py:558:  Executing command: ['/bin/umount', '-n', '-l', '/var/lib/mock/alma+epel-10-x86_64-bootstrap/root/var/lib/mock/alma+epel-10-x86_64/root'] with env {'TERM': 'vt100', 'SHELL': '/bin/sh', 'HOME': '/builddir', 'HOSTNAME': 'mock', 'PATH': '/usr/bin:/bin:/usr/sbin:/sbin', 'LANG': 'C.UTF-8'} and shell False
DEBUG util.py:610:  Child return code was: 0
DEBUG file_util.py:17:  ensuring that dir exists: /var/lib/mock/alma+epel-10-x86_64-bootstrap/root/var/lib/mock/alma+epel-10-x86_64/root
DEBUG util.py:636:  child environment: None
DEBUG util.py:558:  Executing command: ['/bin/mount', '-n', '-t', 'tmpfs', '-o', 'private,mode=0755', 'tmpfs', '/var/lib/mock/alma+epel-10-x86_64-bootstrap/root/var/lib/mock/alma+epel-10-x86_64/root'] with env {'TERM': 'vt100', 'SHELL': '/bin/sh', 'HOME': '/builddir', 'HOSTNAME': 'mock', 'PATH': '/usr/bin:/bin:/usr/sbin:/sbin', 'LANG': 'C.UTF-8'} and shell False
DEBUG util.py:610:  Child return code was: 0
DEBUG file_util.py:17:  ensuring that dir exists: /var/lib/mock/alma+epel-10-x86_64-bootstrap/root/var/lib/mock/alma+epel-10-x86_64/root
DEBUG util.py:636:  child environment: None
DEBUG util.py:558:  Executing command: ['/bin/mount', '-n', '-o', 'rbind', '/var/lib/mock/alma+epel-10-x86_64/root', '/var/lib/mock/alma+epel-10-x86_64-bootstrap/root/var/lib/mock/alma+epel-10-x86_64/root'] with env {'TERM': 'vt100', 'SHELL': '/bin/sh', 'HOME': '/builddir', 'HOSTNAME': 'mock', 'PATH': '/usr/bin:/bin:/usr/sbin:/sbin', 'LANG': 'C.UTF-8'} and shell False
DEBUG util.py:610:  Child return code was: 0
DEBUG util.py:636:  child environment: None
DEBUG util.py:558:  Executing command: ['/bin/mount', '-n', '-o', 'remount,private,rbind', '--target', '/var/lib/mock/alma+epel-10-x86_64-bootstrap/root/var/lib/mock/alma+epel-10-x86_64/root'] with env {'TERM': 'vt100', 'SHELL': '/bin/sh', 'HOME': '/builddir', 'HOSTNAME': 'mock', 'PATH': '/usr/bin:/bin:/usr/sbin:/sbin', 'LANG': 'C.UTF-8'} and shell False
DEBUG util.py:610:  Child return code was: 0
DEBUG util.py:636:  child environment: None
DEBUG util.py:553:  Using nspawn with args ['--capability=cap_ipc_lock', '--bind=/tmp/mock-resolv.mbuvd83v:/etc/resolv.conf']
DEBUG util.py:558:  Executing command: ['/usr/bin/systemd-nspawn', '-q', '-M', '9dd4873ec07d45028cc7d4106fcaeb51', '-D', '/var/lib/mock/alma+epel-10-x86_64-bootstrap/root', '-a', '--capability=cap_ipc_lock', '--bind=/tmp/mock-resolv.mbuvd83v:/etc/resolv.conf', '--console=pipe', '--setenv=TERM=vt100', '--setenv=SHELL=/bin/bash', '--setenv=HOME=/builddir', '--setenv=HOSTNAME=mock', '--setenv=PATH=/usr/bin:/bin:/usr/sbin:/sbin', '--setenv=PROMPT_COMMAND=printf "\\033]0;<mock-chroot>\\007"', '--setenv=PS1=<mock-chroot> \\s-\\v\\$ ', '--setenv=LANG=C.UTF-8', '--resolv-conf=off', '/bin/rpm', '-qa', '--root', '/var/lib/mock/alma+epel-10-x86_64/root'] with env {'TERM': 'vt100', 'SHELL': '/bin/bash', 'HOME': '/builddir', 'HOSTNAME': 'mock', 'PATH': '/usr/bin:/bin:/usr/sbin:/sbin', 'PROMPT_COMMAND': 'printf "\\033]0;<mock-chroot>\\007"', 'PS1': '<mock-chroot> \\s-\\v\\$ ', 'LANG': 'C.UTF-8', 'SYSTEMD_NSPAWN_TMPFS_TMP': '0', 'SYSTEMD_SECCOMP': '0'} and shell False
DEBUG util.py:463:  gpg-pubkey-c2a1e572-668fe8ef
DEBUG util.py:463:  gpg-pubkey-e37ed158-65785fa9
DEBUG util.py:463:  libgcc-14.3.1-4.4.el10.alma.2.x86_64
DEBUG util.py:463:  ghc-srpm-macros-1.9.2-1.el10_0.noarch
DEBUG util.py:463:  fpc-srpm-macros-1.3-7.el10_1.noarch
DEBUG util.py:463:  ansible-srpm-macros-1-21.el10_2.noarch
DEBUG util.py:463:  rust-toolset-srpm-macros-1.92.0-1.el10.alma.1.noarch
DEBUG util.py:463:  qt6-srpm-macros-6.10.1-1.el10.noarch
DEBUG util.py:463:  perl-srpm-macros-1-57.el10.noarch
DEBUG util.py:463:  package-notes-srpm-macros-0.5-13.el10.noarch
DEBUG util.py:463:  openblas-srpm-macros-2-19.el10.noarch
DEBUG util.py:463:  ocaml-srpm-macros-10-4.el10.noarch
DEBUG util.py:463:  kernel-srpm-macros-1.0-27.el10.noarch
DEBUG util.py:463:  publicsuffix-list-dafsa-20240107-5.el10.noarch
DEBUG util.py:463:  pkgconf-m4-2.1.0-3.el10.noarch
DEBUG util.py:463:  pcre2-syntax-10.44-1.el10.3.noarch
DEBUG util.py:463:  ncurses-base-6.4-15.20240127.el10_1.noarch
DEBUG util.py:463:  libssh-config-0.12.0-2.el10.noarch
DEBUG util.py:463:  coreutils-common-9.5-8.el10_2.x86_64
DEBUG util.py:463:  almalinux-gpg-keys-10.2-21.el10.x86_64
DEBUG util.py:463:  almalinux-release-10.2-21.el10.x86_64
DEBUG util.py:463:  almalinux-repos-10.2-21.el10.x86_64
DEBUG util.py:463:  setup-2.14.5-7.el10.noarch
DEBUG util.py:463:  filesystem-3.18-17.el10.x86_64
DEBUG util.py:463:  basesystem-11-22.el10.noarch
DEBUG util.py:463:  glibc-gconv-extra-2.39-126.el10_2.alma.1.x86_64
DEBUG util.py:463:  ncurses-libs-6.4-15.20240127.el10_1.x86_64
DEBUG util.py:463:  glibc-2.39-126.el10_2.alma.1.x86_64
DEBUG util.py:463:  bash-5.2.26-6.el10.x86_64
DEBUG util.py:463:  glibc-common-2.39-126.el10_2.alma.1.x86_64
DEBUG util.py:463:  glibc-minimal-langpack-2.39-126.el10_2.alma.1.x86_64
DEBUG util.py:463:  zlib-ng-compat-2.2.3-3.el10_1.x86_64
DEBUG util.py:463:  bzip2-libs-1.0.8-25.el10.x86_64
DEBUG util.py:463:  xz-libs-5.6.2-4.el10_0.x86_64
DEBUG util.py:463:  libstdc++-14.3.1-4.4.el10.alma.2.x86_64
DEBUG util.py:463:  libuuid-2.40.2-18.el10.x86_64
DEBUG util.py:463:  popt-1.19-8.el10.x86_64
DEBUG util.py:463:  readline-8.2-11.el10.x86_64
DEBUG util.py:463:  libblkid-2.40.2-18.el10.x86_64
DEBUG util.py:463:  gmp-6.2.1-12.el10.x86_64
DEBUG util.py:463:  libattr-2.5.2-5.el10.x86_64
DEBUG util.py:463:  libacl-2.3.2-4.el10.x86_64
DEBUG util.py:463:  libxcrypt-4.4.36-10.el10.x86_64
DEBUG util.py:463:  libzstd-1.5.5-9.el10.x86_64
DEBUG util.py:463:  elfutils-libelf-0.194-2.el10_2.x86_64
DEBUG util.py:463:  crypto-policies-20260216-1.git0e54016.el10.alma.1.noarch
DEBUG util.py:463:  gdbm-libs-1.23-12.el10_0.x86_64
DEBUG util.py:463:  libeconf-0.6.2-4.el10.x86_64
DEBUG util.py:463:  dwz-0.16-1.el10.x86_64
DEBUG util.py:463:  mpfr-4.2.1-8.el10.x86_64
DEBUG util.py:463:  gawk-5.3.0-6.el10.x86_64
DEBUG util.py:463:  unzip-6.0-69.el10.x86_64
DEBUG util.py:463:  file-libs-5.45-9.el10.x86_64
DEBUG util.py:463:  file-5.45-9.el10.x86_64
DEBUG util.py:463:  alternatives-1.30-2.el10.x86_64
DEBUG util.py:463:  jansson-2.14-3.el10.x86_64
DEBUG util.py:463:  libcap-ng-0.8.4-6.el10.x86_64
DEBUG util.py:463:  audit-libs-4.0.3-5.el10.x86_64
DEBUG util.py:463:  pam-libs-1.6.1-9.el10.x86_64
DEBUG util.py:463:  libcap-2.69-7.el10_2.1.x86_64
DEBUG util.py:463:  systemd-libs-257-23.el10_2.2.alma.1.x86_64
DEBUG util.py:463:  libffi-3.4.4-10.el10.x86_64
DEBUG util.py:463:  libsepol-3.10-1.el10.x86_64
DEBUG util.py:463:  libsmartcols-2.40.2-18.el10.x86_64
DEBUG util.py:463:  libtasn1-4.20.0-5.el10_2.x86_64
DEBUG util.py:463:  libunistring-1.1-10.el10.x86_64
DEBUG util.py:463:  libidn2-2.3.7-3.el10.x86_64
DEBUG util.py:463:  lua-libs-5.4.6-7.el10.x86_64
DEBUG util.py:463:  lz4-libs-1.9.4-8.el10.x86_64
DEBUG util.py:463:  pcre2-10.44-1.el10.3.x86_64
DEBUG util.py:463:  libselinux-3.10-1.el10.x86_64
DEBUG util.py:463:  sed-4.9-5.el10.x86_64
DEBUG util.py:463:  findutils-4.10.0-5.el10.x86_64
DEBUG util.py:463:  grep-3.11-10.el10.x86_64
DEBUG util.py:463:  xz-5.6.2-4.el10_0.x86_64
DEBUG util.py:463:  libmount-2.40.2-18.el10.x86_64
DEBUG util.py:463:  util-linux-core-2.40.2-18.el10.x86_64
DEBUG util.py:463:  libsemanage-3.10-1.el10.x86_64
DEBUG util.py:463:  shadow-utils-4.15.0-11.el10.x86_64
DEBUG util.py:463:  libutempter-1.2.1-15.el10.x86_64
DEBUG util.py:463:  tar-1.35-11.el10.x86_64
DEBUG util.py:463:  zstd-1.5.5-9.el10.x86_64
DEBUG util.py:463:  libpsl-0.21.5-6.el10.x86_64
DEBUG util.py:463:  p11-kit-0.26.2-1.el10.x86_64
DEBUG util.py:463:  p11-kit-trust-0.26.2-1.el10.x86_64
DEBUG util.py:463:  openssl-fips-provider-3.5.5-4.el10_2.alma.1.x86_64
DEBUG util.py:463:  openssl-libs-3.5.5-4.el10_2.alma.1.x86_64
DEBUG util.py:463:  coreutils-9.5-8.el10_2.x86_64
DEBUG util.py:463:  ca-certificates-2025.2.80_v9.0.305-102.el10_1.noarch
DEBUG util.py:463:  authselect-libs-1.5.2-1.el10.x86_64
DEBUG util.py:463:  gzip-1.13-3.el10.x86_64
DEBUG util.py:463:  cracklib-2.9.11-8.el10.x86_64
DEBUG util.py:463:  cracklib-dicts-2.9.11-8.el10.x86_64
DEBUG util.py:463:  libpwquality-1.4.5-12.el10.x86_64
DEBUG util.py:463:  libevent-2.1.12-16.el10.x86_64
DEBUG util.py:463:  rpm-sequoia-1.10.1.1-2.el10.x86_64
DEBUG util.py:463:  zip-3.0-45.el10.x86_64
DEBUG util.py:463:  cyrus-sasl-lib-2.1.28-30.el10_2.x86_64
DEBUG util.py:463:  openldap-2.6.10-1.el10.x86_64
DEBUG util.py:463:  gdbm-1.23-12.el10_0.x86_64
DEBUG util.py:463:  pam-1.6.1-9.el10.x86_64
DEBUG util.py:463:  libfdisk-2.40.2-18.el10.x86_64
DEBUG util.py:463:  libxml2-2.12.5-10.el10_2.1.x86_64
DEBUG util.py:463:  libarchive-3.7.7-8.el10_1.x86_64
DEBUG util.py:463:  bzip2-1.0.8-25.el10.x86_64
DEBUG util.py:463:  sqlite-libs-3.46.1-5.el10_1.x86_64
DEBUG util.py:463:  rpm-libs-4.19.1.1-23.el10.alma.1.x86_64
DEBUG util.py:463:  ed-1.20-5.el10.x86_64
DEBUG util.py:463:  patch-2.7.6-26.el10.x86_64
DEBUG util.py:463:  elfutils-default-yama-scope-0.194-2.el10_2.noarch
DEBUG util.py:463:  cpio-2.15-3.el10.x86_64
DEBUG util.py:463:  diffutils-3.10-8.el10.x86_64
DEBUG util.py:463:  json-c-0.18-3.el10.x86_64
DEBUG util.py:463:  keyutils-libs-1.6.3-5.el10.x86_64
DEBUG util.py:463:  libbrotli-1.1.0-7.el10_1.x86_64
DEBUG util.py:463:  libcbor-0.11.0-3.el10.x86_64
DEBUG util.py:463:  libfido2-1.14.0-7.el10.x86_64
DEBUG util.py:463:  libcom_err-1.47.1-5.el10.x86_64
DEBUG util.py:463:  libgomp-14.3.1-4.4.el10.alma.2.x86_64
DEBUG util.py:463:  libnghttp2-1.68.0-3.el10_2.1.x86_64
DEBUG util.py:463:  libpkgconf-2.1.0-3.el10.x86_64
DEBUG util.py:463:  pkgconf-2.1.0-3.el10.x86_64
DEBUG util.py:463:  pkgconf-pkg-config-2.1.0-3.el10.x86_64
DEBUG util.py:463:  libverto-0.3.2-10.el10.x86_64
DEBUG util.py:463:  krb5-libs-1.21.3-10.el10_2.x86_64
DEBUG util.py:463:  libssh-0.12.0-2.el10.x86_64
DEBUG util.py:463:  libcurl-8.12.1-4.el10.x86_64
DEBUG util.py:463:  elfutils-libs-0.194-2.el10_2.x86_64
DEBUG util.py:463:  elfutils-debuginfod-client-0.194-2.el10_2.x86_64
DEBUG util.py:463:  binutils-gold-2.41-63.el10.alma.1.x86_64
DEBUG util.py:463:  binutils-2.41-63.el10.alma.1.x86_64
DEBUG util.py:463:  elfutils-0.194-2.el10_2.x86_64
DEBUG util.py:463:  gdb-minimal-16.3-3.el10.x86_64
DEBUG util.py:463:  debugedit-5.1-8.el10.x86_64
DEBUG util.py:463:  rpm-build-libs-4.19.1.1-23.el10.alma.1.x86_64
DEBUG util.py:463:  curl-8.12.1-4.el10.x86_64
DEBUG util.py:463:  rpm-4.19.1.1-23.el10.alma.1.x86_64
DEBUG util.py:463:  efi-srpm-macros-6-6.el10.alma.1.noarch
DEBUG util.py:463:  lua-srpm-macros-1-15.el10.noarch
DEBUG util.py:463:  fonts-srpm-macros-2.0.5-18.el10.noarch
DEBUG util.py:463:  forge-srpm-macros-0.4.0-6.el10.noarch
DEBUG util.py:463:  go-srpm-macros-3.8.0-1.el10.noarch
DEBUG util.py:463:  python-srpm-macros-3.12-11.el10.noarch
DEBUG util.py:463:  redhat-rpm-config-295-1.el10.alma.1.noarch
DEBUG util.py:463:  rpm-build-4.19.1.1-23.el10.alma.1.x86_64
DEBUG util.py:463:  pyproject-srpm-macros-1.18.5-1.el10.noarch
DEBUG util.py:463:  R-srpm-macros-1.3.7-1.el10_2.noarch
DEBUG util.py:463:  epel-rpm-macros-10-7.el10_2.noarch
DEBUG util.py:463:  util-linux-2.40.2-18.el10.x86_64
DEBUG util.py:463:  authselect-1.5.2-1.el10.x86_64
DEBUG util.py:463:  which-2.21-44.el10_0.x86_64
DEBUG util.py:463:  info-7.1-6.el10.x86_64
DEBUG util.py:463:  libgpg-error-1.50-2.el10.x86_64
DEBUG util.py:463:  libmpc-1.3.1-7.el10.x86_64
DEBUG util.py:463:  make-4.4.1-9.el10.x86_64
DEBUG util.py:463:  expat-2.7.3-1.el10_2.1.x86_64
DEBUG util.py:463:  cpp-14.3.1-4.4.el10.alma.2.x86_64
DEBUG util.py:463:  libassuan-2.5.6-6.el10.x86_64
DEBUG util.py:463:  libgcrypt-1.11.0-5.el10.x86_64
DEBUG util.py:463:  libksba-1.6.7-2.el10.x86_64
DEBUG util.py:463:  yajl-2.1.0-25.el10.x86_64
DEBUG util.py:463:  pcre2-utf32-10.44-1.el10.3.x86_64
DEBUG util.py:463:  pcre2-utf16-10.44-1.el10.3.x86_64
DEBUG util.py:463:  libstdc++-devel-14.3.1-4.4.el10.alma.2.x86_64
DEBUG util.py:463:  kernel-headers-6.12.0-211.29.1.el10_2.x86_64
DEBUG util.py:463:  libxcrypt-devel-4.4.36-10.el10.x86_64
DEBUG util.py:463:  glibc-devel-2.39-126.el10_2.alma.1.x86_64
DEBUG util.py:463:  gcc-14.3.1-4.4.el10.alma.2.x86_64
DEBUG util.py:463:  gcc-c++-14.3.1-4.4.el10.alma.2.x86_64
DEBUG util.py:463:  cmake-filesystem-3.31.8-1.el10.x86_64
DEBUG util.py:463:  annobin-docs-13.02-2.el10.noarch
DEBUG util.py:463:  tzdata-2026b-1.el10.alma.1.noarch
DEBUG util.py:463:  tpm2-tss-4.1.3-6.el10.x86_64
DEBUG util.py:463:  python3-pip-wheel-23.3.2-11.el10_2.noarch
DEBUG util.py:463:  npth-1.6-21.el10.x86_64
DEBUG util.py:463:  ncurses-6.4-15.20240127.el10_1.x86_64
DEBUG util.py:463:  mpdecimal-2.5.1-12.el10.x86_64
DEBUG util.py:463:  python3-3.12.13-2.el10_2.x86_64
DEBUG util.py:463:  python3-libs-3.12.13-2.el10_2.x86_64
DEBUG util.py:463:  python3-pyparsing-3.1.1-7.el10.noarch
DEBUG util.py:463:  systemtap-sdt-dtrace-5.4-3.el10.x86_64
DEBUG util.py:463:  systemtap-sdt-devel-5.4-3.el10.x86_64
DEBUG util.py:463:  lmdb-libs-0.9.32-4.el10.x86_64
DEBUG util.py:463:  libseccomp-2.5.6-1.el10.x86_64
DEBUG util.py:463:  groff-base-1.23.0-10.el10.x86_64
DEBUG util.py:463:  perl-Digest-1.20-511.el10.noarch
DEBUG util.py:463:  perl-Digest-MD5-2.59-6.el10.x86_64
DEBUG util.py:463:  perl-B-1.89-512.2.el10_0.x86_64
DEBUG util.py:463:  perl-FileHandle-2.05-512.2.el10_0.noarch
DEBUG util.py:463:  perl-Data-Dumper-2.189-512.el10.x86_64
DEBUG util.py:463:  perl-libnet-3.15-512.el10.noarch
DEBUG util.py:463:  perl-AutoLoader-5.74-512.2.el10_0.noarch
DEBUG util.py:463:  perl-Class-Struct-0.68-512.2.el10_0.noarch
DEBUG util.py:463:  perl-locale-1.12-512.2.el10_0.noarch
DEBUG util.py:463:  perl-URI-5.27-3.el10.noarch
DEBUG util.py:463:  perl-Socket-2.038-511.el10.x86_64
DEBUG util.py:463:  perl-SelectSaver-1.02-512.2.el10_0.noarch
DEBUG util.py:463:  perl-Term-ANSIColor-5.01-512.el10.noarch
DEBUG util.py:463:  perl-Text-Tabs+Wrap-2024.001-511.el10.noarch
DEBUG util.py:463:  perl-base-2.27-512.2.el10_0.noarch
DEBUG util.py:463:  perl-Mozilla-CA-20231213-5.el10.noarch
DEBUG util.py:463:  perl-if-0.61.000-512.2.el10_0.noarch
DEBUG util.py:463:  perl-POSIX-2.20-512.2.el10_0.x86_64
DEBUG util.py:463:  perl-mro-1.29-512.2.el10_0.x86_64
DEBUG util.py:463:  perl-IO-Socket-IP-0.42-512.el10.noarch
DEBUG util.py:463:  perl-File-stat-1.14-512.2.el10_0.noarch
DEBUG util.py:463:  perl-overloading-0.02-512.2.el10_0.noarch
DEBUG util.py:463:  perl-Time-Local-1.350-511.el10.noarch
DEBUG util.py:463:  perl-File-Path-2.18-512.el10.noarch
DEBUG util.py:463:  perl-IO-Socket-SSL-2.085-3.el10.noarch
DEBUG util.py:463:  perl-Net-SSLeay-1.94-8.el10.x86_64
DEBUG util.py:463:  perl-Pod-Escapes-1.07-511.el10.noarch
DEBUG util.py:463:  perl-Term-Cap-1.18-511.el10.noarch
DEBUG util.py:463:  perl-Pod-Usage-2.03-511.el10.noarch
DEBUG util.py:463:  perl-Errno-1.38-512.2.el10_0.x86_64
DEBUG util.py:463:  perl-Fcntl-1.18-512.2.el10_0.x86_64
DEBUG util.py:463:  perl-File-Basename-2.86-512.2.el10_0.noarch
DEBUG util.py:463:  perl-Getopt-Std-1.14-512.2.el10_0.noarch
DEBUG util.py:463:  perl-MIME-Base64-3.16-511.el10.x86_64
DEBUG util.py:463:  perl-Scalar-List-Utils-1.63-511.el10.x86_64
DEBUG util.py:463:  perl-Symbol-1.09-512.2.el10_0.noarch
DEBUG util.py:463:  perl-Text-ParseWords-3.31-511.el10.noarch
DEBUG util.py:463:  perl-constant-1.33-512.el10.noarch
DEBUG util.py:463:  perl-IPC-Open3-1.22-512.2.el10_0.noarch
DEBUG util.py:463:  perl-Storable-3.32-511.el10.x86_64
DEBUG util.py:463:  perl-IO-1.55-512.2.el10_0.x86_64
DEBUG util.py:463:  perl-overload-1.37-512.2.el10_0.noarch
DEBUG util.py:463:  perl-parent-0.241-512.el10.noarch
DEBUG util.py:463:  perl-File-Temp-0.231.100-512.el10.noarch
DEBUG util.py:463:  perl-HTTP-Tiny-0.088-512.el10.noarch
DEBUG util.py:463:  perl-vars-1.05-512.2.el10_0.noarch
DEBUG util.py:463:  perl-Pod-Simple-3.45-511.el10.noarch
DEBUG util.py:463:  perl-Getopt-Long-2.58-3.el10.noarch
DEBUG util.py:463:  perl-podlators-5.01-511.el10.noarch
DEBUG util.py:463:  perl-Carp-1.54-511.el10.noarch
DEBUG util.py:463:  perl-Exporter-5.78-511.el10.noarch
DEBUG util.py:463:  perl-GDBM_File-1.24-512.2.el10_0.x86_64
DEBUG util.py:463:  perl-NDBM_File-1.17-512.2.el10_0.x86_64
DEBUG util.py:463:  perl-ODBM_File-1.18-512.2.el10_0.x86_64
DEBUG util.py:463:  perl-PathTools-3.91-512.el10.x86_64
DEBUG util.py:463:  perl-DynaLoader-1.56-512.2.el10_0.x86_64
DEBUG util.py:463:  perl-Encode-3.21-511.el10.x86_64
DEBUG util.py:463:  perl-libs-5.40.2-512.2.el10_0.x86_64
DEBUG util.py:463:  perl-Pod-Perldoc-3.28.01-512.el10.noarch
DEBUG util.py:463:  perl-doc-5.40.2-512.2.el10_0.noarch
DEBUG util.py:463:  perl-interpreter-5.40.2-512.2.el10_0.x86_64
DEBUG util.py:463:  perl-File-Find-1.44-512.2.el10_0.noarch
DEBUG util.py:463:  perl-version-0.99.32-4.el10.x86_64
DEBUG util.py:463:  perl-File-Copy-2.41-512.2.el10_0.noarch
DEBUG util.py:463:  perl-Time-HiRes-1.9777-511.el10.x86_64
DEBUG util.py:463:  perl-ExtUtils-Manifest-1.75-511.el10.noarch
DEBUG util.py:463:  perl-threads-2.40-511.el10.x86_64
DEBUG util.py:463:  perl-threads-shared-1.69-511.el10.x86_64
DEBUG util.py:463:  perl-CPAN-Meta-Requirements-2.143-11.el10.noarch
DEBUG util.py:463:  perl-ExtUtils-ParseXS-3.51-512.el10.noarch
DEBUG util.py:463:  perl-Compress-Raw-Zlib-2.212-513.el10.x86_64
DEBUG util.py:463:  perl-File-Compare-1.100.800-512.2.el10_0.noarch
DEBUG util.py:463:  perl-lib-0.65-512.2.el10_0.x86_64
DEBUG util.py:463:  perl-Module-CoreList-5.20260119-1.el10.noarch
DEBUG util.py:463:  perl-Module-Metadata-1.000038-512.el10.noarch
DEBUG util.py:463:  perl-Digest-SHA-6.04-512.el10.x86_64
DEBUG util.py:463:  perl-Devel-Peek-1.34-512.2.el10_0.x86_64
DEBUG util.py:463:  perl-Filter-1.64-512.el10.x86_64
DEBUG util.py:463:  perl-Module-Load-0.36-511.el10.noarch
DEBUG util.py:463:  perl-Perl-OSType-1.010-512.el10.noarch
DEBUG util.py:463:  perl-Term-ReadLine-1.17-512.2.el10_0.noarch
DEBUG util.py:463:  perl-Term-Table-0.018-513.el10.noarch
DEBUG util.py:463:  perl-Tie-4.6-512.2.el10_0.noarch
DEBUG util.py:463:  perl-Unicode-Normalize-1.32-511.el10.x86_64
DEBUG util.py:463:  perl-meta-notation-5.40.2-512.2.el10_0.noarch
DEBUG util.py:463:  perl-encoding-3.00-511.el10.x86_64
DEBUG util.py:463:  perl-Dumpvalue-2.27-512.2.el10_0.noarch
DEBUG util.py:463:  perl-Net-Ping-2.76-511.el10.noarch
DEBUG util.py:463:  perl-ExtUtils-Command-7.70-513.el10.noarch
DEBUG util.py:463:  perl-Pod-Html-1.35-512.2.el10_0.noarch
DEBUG util.py:463:  perl-AutoSplit-5.74-512.2.el10_0.noarch
DEBUG util.py:463:  perl-Benchmark-1.25-512.2.el10_0.noarch
DEBUG util.py:463:  perl-Test-Harness-3.48-512.el10.noarch
DEBUG util.py:463:  perl-CPAN-Meta-YAML-0.018-512.el10.noarch
DEBUG util.py:463:  perl-Compress-Raw-Bzip2-2.212-512.el10.x86_64
DEBUG util.py:463:  perl-IO-Compress-2.212-512.el10_2.1.noarch
DEBUG util.py:463:  perl-IO-Zlib-1.15-511.el10.noarch
DEBUG util.py:463:  perl-Devel-PPPort-3.72-512.el10.x86_64
DEBUG util.py:463:  perl-DirHandle-1.05-512.2.el10_0.noarch
DEBUG util.py:463:  perl-ExtUtils-Constant-0.25-512.2.el10_0.noarch
DEBUG util.py:463:  perl-ExtUtils-MM-Utils-7.70-513.el10.noarch
DEBUG util.py:463:  perl-Hash-Util-FieldHash-1.27-512.2.el10_0.x86_64
DEBUG util.py:463:  perl-Hash-Util-0.32-512.2.el10_0.x86_64
DEBUG util.py:463:  perl-I18N-LangTags-0.45-512.2.el10_0.noarch
DEBUG util.py:463:  perl-Locale-Maketext-1.33-512.el10.noarch
DEBUG util.py:463:  perl-Locale-Maketext-Simple-0.21-512.2.el10_0.noarch
DEBUG util.py:463:  perl-Params-Check-0.38-511.el10.noarch
DEBUG util.py:463:  perl-Module-Load-Conditional-0.74-511.el10.noarch
DEBUG util.py:463:  perl-IPC-Cmd-1.04-512.el10.noarch
DEBUG util.py:463:  perl-Math-Complex-1.62-512.2.el10_0.noarch
DEBUG util.py:463:  perl-Math-BigInt-2.0030.03-3.el10.noarch
DEBUG util.py:463:  perl-JSON-PP-4.16-513.el10.noarch
DEBUG util.py:463:  perl-CPAN-Meta-2.150010-511.el10.noarch
DEBUG util.py:463:  perl-ExtUtils-Install-2.22-511.el10.noarch
DEBUG util.py:463:  perl-devel-5.40.2-512.2.el10_0.x86_64
DEBUG util.py:463:  perl-ExtUtils-MakeMaker-7.70-513.el10.noarch
DEBUG util.py:463:  perl-ExtUtils-CBuilder-0.280240-511.el10.noarch
DEBUG util.py:463:  perl-ExtUtils-Embed-1.35-512.2.el10_0.noarch
DEBUG util.py:463:  perl-Test-Simple-1.302199-513.el10.noarch
DEBUG util.py:463:  perl-Params-Util-1.102-19.el10.x86_64
DEBUG util.py:463:  perl-SelfLoader-1.27-512.2.el10_0.noarch
DEBUG util.py:463:  perl-Sub-Install-0.929-8.el10.noarch
DEBUG util.py:463:  perl-Sys-Hostname-1.25-512.2.el10_0.x86_64
DEBUG util.py:463:  perl-Text-Balanced-2.06-511.el10.noarch
DEBUG util.py:463:  perl-Tie-RefHash-1.40-511.el10.noarch
DEBUG util.py:463:  perl-User-pwent-1.05-512.2.el10_0.noarch
DEBUG util.py:463:  perl-autouse-1.11-512.2.el10_0.noarch
DEBUG util.py:463:  perl-subs-1.04-512.2.el10_0.noarch
DEBUG util.py:463:  perl-Opcode-1.65-512.2.el10_0.x86_64
DEBUG util.py:463:  perl-Safe-2.46-512.2.el10_0.noarch
DEBUG util.py:463:  perl-Filter-Simple-0.96-511.el10.noarch
DEBUG util.py:463:  perl-Data-OptList-0.114-7.el10.noarch
DEBUG util.py:463:  perl-Devel-SelfStubber-1.06-512.2.el10_0.noarch
DEBUG util.py:463:  perl-Test2-Suite-0.000163-4.el10.noarch
DEBUG util.py:463:  perl-ExtUtils-Miniperl-1.14-512.2.el10_0.noarch
DEBUG util.py:463:  perl-libnetcfg-5.40.2-512.2.el10_0.noarch
DEBUG util.py:463:  perl-Encode-devel-3.21-511.el10.x86_64
DEBUG util.py:463:  perl-inc-latest-0.500-30.el10.noarch
DEBUG util.py:463:  perl-Math-BigInt-FastCalc-0.501.800-511.el10.x86_64
DEBUG util.py:463:  perl-bignum-0.67-512.el10.noarch
DEBUG util.py:463:  perl-File-Fetch-1.04-511.el10.noarch
DEBUG util.py:463:  perl-fields-2.27-512.2.el10_0.noarch
DEBUG util.py:463:  perl-DBM_Filter-0.06-512.2.el10_0.noarch
DEBUG util.py:463:  perl-open-1.13-512.2.el10_0.noarch
DEBUG util.py:463:  perl-debugger-1.60-512.2.el10_0.noarch
DEBUG util.py:463:  perl-sigtrap-1.10-512.2.el10_0.noarch
DEBUG util.py:463:  perl-Unicode-Collate-1.31-511.el10.x86_64
DEBUG util.py:463:  perl-Unicode-UCD-0.78-512.2.el10_0.noarch
DEBUG util.py:463:  perl-Env-1.06-511.el10.noarch
DEBUG util.py:463:  perl-Module-CoreList-tools-5.20260119-1.el10.noarch
DEBUG util.py:463:  perl-Archive-Zip-1.68-17.el10.noarch
DEBUG util.py:463:  perl-Thread-3.05-512.2.el10_0.noarch
DEBUG util.py:463:  perl-Thread-Queue-3.14-511.el10.noarch
DEBUG util.py:463:  perl-Thread-Semaphore-2.13-512.2.el10_0.noarch
DEBUG util.py:463:  perl-experimental-0.032-511.el10.noarch
DEBUG util.py:463:  perl-Pod-Checker-1.77-511.el10.noarch
DEBUG util.py:463:  perl-diagnostics-1.40-512.2.el10_0.noarch
DEBUG util.py:463:  perl-macros-5.40.2-512.2.el10_0.noarch
DEBUG util.py:463:  perl-utils-5.40.2-512.2.el10_0.noarch
DEBUG util.py:463:  perl-Algorithm-Diff-1.2010-14.el10.noarch
DEBUG util.py:463:  perl-Text-Diff-1.45-25.el10.noarch
DEBUG util.py:463:  perl-Attribute-Handlers-1.03-512.2.el10_0.noarch
DEBUG util.py:463:  perl-Compress-Bzip2-2.28-21.el10.x86_64
DEBUG util.py:463:  perl-Compress-Raw-Lzma-2.212-3.el10.x86_64
DEBUG util.py:463:  perl-IO-Compress-Lzma-2.206-8.el10.noarch
DEBUG util.py:463:  perl-Archive-Tar-3.02-512.el10_2.1.noarch
DEBUG util.py:463:  perl-Config-Extensions-0.03-512.2.el10_0.noarch
DEBUG util.py:463:  perl-Config-Perl-V-0.36-512.el10.noarch
DEBUG util.py:463:  perl-Devel-Size-0.84-3.el10.x86_64
DEBUG util.py:463:  perl-English-1.11-512.2.el10_0.noarch
DEBUG util.py:463:  perl-File-DosGlob-1.12-512.2.el10_0.x86_64
DEBUG util.py:463:  perl-File-Which-1.27-14.el10.noarch
DEBUG util.py:463:  perl-File-HomeDir-1.006-15.el10.noarch
DEBUG util.py:463:  perl-FileCache-1.10-512.2.el10_0.noarch
DEBUG util.py:463:  perl-FindBin-1.54-512.2.el10_0.noarch
DEBUG util.py:463:  perl-I18N-Collate-1.02-512.2.el10_0.noarch
DEBUG util.py:463:  perl-I18N-Langinfo-0.24-512.2.el10_0.x86_64
DEBUG util.py:463:  perl-IPC-SysV-2.09-512.el10.x86_64
DEBUG util.py:463:  perl-IPC-System-Simple-1.30-16.el10.noarch
DEBUG util.py:463:  perl-autodie-2.37-512.el10.noarch
DEBUG util.py:463:  perl-MRO-Compat-0.15-12.el10.noarch
DEBUG util.py:463:  perl-Memoize-1.16-512.2.el10_0.noarch
DEBUG util.py:463:  perl-Module-Loaded-0.08-512.2.el10_0.noarch
DEBUG util.py:463:  perl-NEXT-0.69-512.2.el10_0.noarch
DEBUG util.py:463:  perl-Net-1.04-512.2.el10_0.noarch
DEBUG util.py:463:  perl-Package-Generator-1.106-34.el10.noarch
DEBUG util.py:463:  perl-Sub-Exporter-0.991-7.el10.noarch
DEBUG util.py:463:  perl-Data-Section-0.200008-8.el10.noarch
DEBUG util.py:463:  perl-PerlIO-via-QuotedPrint-0.10-511.el10.noarch
DEBUG util.py:463:  perl-Pod-Functions-1.14-512.2.el10_0.noarch
DEBUG util.py:463:  perl-Search-Dict-1.07-512.2.el10_0.noarch
DEBUG util.py:463:  perl-Sys-Syslog-0.36-512.el10.x86_64
DEBUG util.py:463:  perl-Term-Complete-1.403-512.2.el10_0.noarch
DEBUG util.py:463:  perl-Test-1.31-512.2.el10_0.noarch
DEBUG util.py:463:  perl-Text-Abbrev-1.02-512.2.el10_0.noarch
DEBUG util.py:463:  perl-Text-Glob-0.11-26.el10.noarch
DEBUG util.py:463:  perl-Text-Template-1.61-8.el10.noarch
DEBUG util.py:463:  perl-Software-License-0.104006-4.el10.noarch
DEBUG util.py:463:  perl-Module-Build-0.42.34-7.el10.noarch
DEBUG util.py:463:  perl-Tie-File-1.09-512.2.el10_0.noarch
DEBUG util.py:463:  perl-Tie-Memoize-1.1-512.2.el10_0.noarch
DEBUG util.py:463:  perl-Time-1.04-512.2.el10_0.noarch
DEBUG util.py:463:  perl-Time-Piece-1.3401-512.2.el10_0.x86_64
DEBUG util.py:463:  perl-blib-1.07-512.2.el10_0.noarch
DEBUG util.py:463:  perl-deprecate-0.04-512.2.el10_0.noarch
DEBUG util.py:463:  perl-encoding-warnings-0.14-512.2.el10_0.noarch
DEBUG util.py:463:  perl-filetest-1.03-512.2.el10_0.noarch
DEBUG util.py:463:  perl-less-0.03-512.2.el10_0.noarch
DEBUG util.py:463:  perl-local-lib-2.000029-9.el10.noarch
DEBUG util.py:463:  perl-perlfaq-5.20240218-511.el10.noarch
DEBUG util.py:463:  perl-ph-5.40.2-512.2.el10_0.x86_64
DEBUG util.py:463:  perl-sort-2.05-512.2.el10_0.noarch
DEBUG util.py:463:  perl-vmsish-1.04-512.2.el10_0.noarch
DEBUG util.py:463:  gnutls-3.8.10-4.el10_2.x86_64
DEBUG util.py:463:  gnupg2-2.4.5-4.el10_1.x86_64
DEBUG util.py:463:  perl-Module-Signature-0.88-12.el10.noarch
DEBUG util.py:463:  perl-CPAN-2.36-514.el10_0.noarch
DEBUG util.py:463:  perl-5.40.2-512.2.el10_0.x86_64
DEBUG util.py:463:  dbus-common-1.14.10-5.el10.noarch
DEBUG util.py:463:  dbus-broker-36-4.el10.x86_64
DEBUG util.py:463:  dbus-1.14.10-5.el10.x86_64
DEBUG util.py:463:  systemd-pam-257-23.el10_2.2.alma.1.x86_64
DEBUG util.py:463:  systemd-257-23.el10_2.2.alma.1.x86_64
DEBUG util.py:463:  modsecurity-3.0.16-1.el10.x86_64
DEBUG util.py:463:  annobin-plugin-gcc-13.02-2.el10.x86_64
DEBUG util.py:463:  zlib-ng-compat-devel-2.2.3-3.el10_1.x86_64
DEBUG util.py:463:  gcc-plugin-annobin-14.3.1-4.4.el10.alma.2.x86_64
DEBUG util.py:463:  pcre2-devel-10.44-1.el10.3.x86_64
DEBUG util.py:463:  openssl-devel-3.5.5-4.el10_2.alma.1.x86_64
DEBUG util.py:463:  libzstd-devel-1.5.5-9.el10.x86_64
DEBUG util.py:463:  systemd-rpm-macros-257-23.el10_2.2.alma.1.noarch
DEBUG util.py:610:  Child return code was: 0
DEBUG util.py:185:  kill orphans in chroot /var/lib/mock/alma+epel-10-x86_64/root
DEBUG util.py:185:  kill orphans in chroot /var/lib/mock/alma+epel-10-x86_64-bootstrap/root/var/lib/mock/alma+epel-10-x86_64/root
DEBUG util.py:636:  child environment: None
DEBUG util.py:558:  Executing command: ['/bin/umount', '-n', '-l', '/var/lib/mock/alma+epel-10-x86_64-bootstrap/root/var/lib/mock/alma+epel-10-x86_64/root'] with env {'TERM': 'vt100', 'SHELL': '/bin/sh', 'HOME': '/builddir', 'HOSTNAME': 'mock', 'PATH': '/usr/bin:/bin:/usr/sbin:/sbin', 'LANG': 'C.UTF-8'} and shell False
DEBUG util.py:610:  Child return code was: 0
DEBUG util.py:636:  child environment: None
DEBUG util.py:558:  Executing command: ['/bin/umount', '-n', '-l', '/var/lib/mock/alma+epel-10-x86_64-bootstrap/root/var/lib/mock/alma+epel-10-x86_64/root'] with env {'TERM': 'vt100', 'SHELL': '/bin/sh', 'HOME': '/builddir', 'HOSTNAME': 'mock', 'PATH': '/usr/bin:/bin:/usr/sbin:/sbin', 'LANG': 'C.UTF-8'} and shell False
DEBUG util.py:610:  Child return code was: 0
DEBUG util.py:636:  child environment: None
DEBUG file_util.py:17:  ensuring that dir exists: /var/lib/mock/alma+epel-10-x86_64/root/proc
DEBUG util.py:636:  child environment: None
DEBUG util.py:558:  Executing command: ['/bin/mount', '-n', '-t', 'tmpfs', '-o', 'rprivate,mode=0755', 'tmpfs', '/var/lib/mock/alma+epel-10-x86_64/root/proc'] with env {'TERM': 'vt100', 'SHELL': '/bin/sh', 'HOME': '/builddir', 'HOSTNAME': 'mock', 'PATH': '/usr/bin:/bin:/usr/sbin:/sbin', 'LANG': 'C.UTF-8'} and shell False
DEBUG util.py:610:  Child return code was: 0
DEBUG file_util.py:17:  ensuring that dir exists: /var/lib/mock/alma+epel-10-x86_64/root/proc
DEBUG util.py:636:  child environment: None
DEBUG util.py:558:  Executing command: ['/bin/mount', '-n', '-o', 'rbind', '/proc', '/var/lib/mock/alma+epel-10-x86_64/root/proc'] with env {'TERM': 'vt100', 'SHELL': '/bin/sh', 'HOME': '/builddir', 'HOSTNAME': 'mock', 'PATH': '/usr/bin:/bin:/usr/sbin:/sbin', 'LANG': 'C.UTF-8'} and shell False
DEBUG util.py:610:  Child return code was: 0
DEBUG util.py:636:  child environment: None
DEBUG util.py:558:  Executing command: ['/bin/mount', '-n', '-o', 'remount,nodev,noexec,nosuid,readonly,rprivate,rbind', '--target', '/var/lib/mock/alma+epel-10-x86_64/root/proc'] with env {'TERM': 'vt100', 'SHELL': '/bin/sh', 'HOME': '/builddir', 'HOSTNAME': 'mock', 'PATH': '/usr/bin:/bin:/usr/sbin:/sbin', 'LANG': 'C.UTF-8'} and shell False
DEBUG util.py:610:  Child return code was: 0
DEBUG file_util.py:17:  ensuring that dir exists: /var/lib/mock/alma+epel-10-x86_64/root/sys
DEBUG util.py:636:  child environment: None
DEBUG util.py:558:  Executing command: ['/bin/mount', '-n', '-t', 'tmpfs', '-o', 'rprivate,mode=0755', 'tmpfs', '/var/lib/mock/alma+epel-10-x86_64/root/sys'] with env {'TERM': 'vt100', 'SHELL': '/bin/sh', 'HOME': '/builddir', 'HOSTNAME': 'mock', 'PATH': '/usr/bin:/bin:/usr/sbin:/sbin', 'LANG': 'C.UTF-8'} and shell False
DEBUG util.py:610:  Child return code was: 0
DEBUG file_util.py:17:  ensuring that dir exists: /var/lib/mock/alma+epel-10-x86_64/root/sys
DEBUG util.py:636:  child environment: None
DEBUG util.py:558:  Executing command: ['/bin/mount', '-n', '-o', 'rbind', '/sys', '/var/lib/mock/alma+epel-10-x86_64/root/sys'] with env {'TERM': 'vt100', 'SHELL': '/bin/sh', 'HOME': '/builddir', 'HOSTNAME': 'mock', 'PATH': '/usr/bin:/bin:/usr/sbin:/sbin', 'LANG': 'C.UTF-8'} and shell False
DEBUG util.py:610:  Child return code was: 0
DEBUG util.py:636:  child environment: None
DEBUG util.py:558:  Executing command: ['/bin/mount', '-n', '-o', 'remount,nodev,noexec,nosuid,readonly,rprivate,rbind', '--target', '/var/lib/mock/alma+epel-10-x86_64/root/sys'] with env {'TERM': 'vt100', 'SHELL': '/bin/sh', 'HOME': '/builddir', 'HOSTNAME': 'mock', 'PATH': '/usr/bin:/bin:/usr/sbin:/sbin', 'LANG': 'C.UTF-8'} and shell False
DEBUG util.py:610:  Child return code was: 0
DEBUG file_util.py:17:  ensuring that dir exists: /var/lib/mock/alma+epel-10-x86_64/root/dev/shm
DEBUG util.py:636:  child environment: None
DEBUG util.py:558:  Executing command: ['/bin/mount', '-n', '-t', 'tmpfs', 'tmpfs', '/var/lib/mock/alma+epel-10-x86_64/root/dev/shm'] with env {'TERM': 'vt100', 'SHELL': '/bin/sh', 'HOME': '/builddir', 'HOSTNAME': 'mock', 'PATH': '/usr/bin:/bin:/usr/sbin:/sbin', 'LANG': 'C.UTF-8'} and shell False
DEBUG util.py:610:  Child return code was: 0
DEBUG file_util.py:17:  ensuring that dir exists: /var/lib/mock/alma+epel-10-x86_64/root/dev/pts
DEBUG util.py:636:  child environment: None
DEBUG util.py:558:  Executing command: ['/bin/mount', '-n', '-t', 'devpts', '-o', 'gid=5,mode=0620,ptmxmode=0666,newinstance', 'devpts', '/var/lib/mock/alma+epel-10-x86_64/root/dev/pts'] with env {'TERM': 'vt100', 'SHELL': '/bin/sh', 'HOME': '/builddir', 'HOSTNAME': 'mock', 'PATH': '/usr/bin:/bin:/usr/sbin:/sbin', 'LANG': 'C.UTF-8'} and shell False
DEBUG util.py:610:  Child return code was: 0
DEBUG file_util.py:17:  ensuring that dir exists: /var/lib/mock/alma+epel-10-x86_64-bootstrap/root/var/lib/mock/alma+epel-10-x86_64/root
DEBUG util.py:636:  child environment: None
DEBUG util.py:558:  Executing command: ['/bin/mount', '-n', '-t', 'tmpfs', '-o', 'private,mode=0755', 'tmpfs', '/var/lib/mock/alma+epel-10-x86_64-bootstrap/root/var/lib/mock/alma+epel-10-x86_64/root'] with env {'TERM': 'vt100', 'SHELL': '/bin/sh', 'HOME': '/builddir', 'HOSTNAME': 'mock', 'PATH': '/usr/bin:/bin:/usr/sbin:/sbin', 'LANG': 'C.UTF-8'} and shell False
DEBUG util.py:610:  Child return code was: 0
DEBUG file_util.py:17:  ensuring that dir exists: /var/lib/mock/alma+epel-10-x86_64-bootstrap/root/var/lib/mock/alma+epel-10-x86_64/root
DEBUG util.py:636:  child environment: None
DEBUG util.py:558:  Executing command: ['/bin/mount', '-n', '-o', 'rbind', '/var/lib/mock/alma+epel-10-x86_64/root', '/var/lib/mock/alma+epel-10-x86_64-bootstrap/root/var/lib/mock/alma+epel-10-x86_64/root'] with env {'TERM': 'vt100', 'SHELL': '/bin/sh', 'HOME': '/builddir', 'HOSTNAME': 'mock', 'PATH': '/usr/bin:/bin:/usr/sbin:/sbin', 'LANG': 'C.UTF-8'} and shell False
DEBUG util.py:610:  Child return code was: 0
DEBUG util.py:636:  child environment: None
DEBUG util.py:558:  Executing command: ['/bin/mount', '-n', '-o', 'remount,private,rbind', '--target', '/var/lib/mock/alma+epel-10-x86_64-bootstrap/root/var/lib/mock/alma+epel-10-x86_64/root'] with env {'TERM': 'vt100', 'SHELL': '/bin/sh', 'HOME': '/builddir', 'HOSTNAME': 'mock', 'PATH': '/usr/bin:/bin:/usr/sbin:/sbin', 'LANG': 'C.UTF-8'} and shell False
DEBUG util.py:610:  Child return code was: 0
DEBUG file_util.py:17:  ensuring that dir exists: /var/lib/mock/alma+epel-10-x86_64/root/installation-homedir
DEBUG package_manager.py:295:  ['/usr/bin/dnf-3', 'builddep', '--installroot', '/var/lib/mock/alma+epel-10-x86_64/root/', '--releasever', '10', '--setopt=deltarpm=False', '--setopt=allow_vendor_change=yes', '--allowerasing', '--disableplugin=local', '--disableplugin=spacewalk', '--disableplugin=versionlock', '/var/lib/mock/alma+epel-10-x86_64/root//builddir/build/SRPMS/nginx-1.30.3-1.alma10.ngx.src.rpm']
DEBUG util.py:636:  child environment: None
DEBUG util.py:553:  Using nspawn with args ['--capability=cap_ipc_lock', '--bind=/tmp/mock-resolv.mbuvd83v:/etc/resolv.conf']
DEBUG util.py:558:  Executing command: ['/usr/bin/systemd-nspawn', '-q', '-M', 'bf70ccf1cd744931b88756b5cbea28aa', '-D', '/var/lib/mock/alma+epel-10-x86_64-bootstrap/root', '-a', '--capability=cap_ipc_lock', '--bind=/tmp/mock-resolv.mbuvd83v:/etc/resolv.conf', '--console=pipe', '--setenv=TERM=vt100', '--setenv=SHELL=/bin/bash', '--setenv=HOME=/var/lib/mock/alma+epel-10-x86_64/root/installation-homedir', '--setenv=HOSTNAME=mock', '--setenv=PATH=/usr/bin:/bin:/usr/sbin:/sbin', '--setenv=PROMPT_COMMAND=printf "\\033]0;<mock-chroot>\\007"', '--setenv=PS1=<mock-chroot> \\s-\\v\\$ ', '--setenv=LANG=C.UTF-8', '--setenv=LC_MESSAGES=C.UTF-8', '--resolv-conf=off', '/usr/bin/dnf-3', 'builddep', '--installroot', '/var/lib/mock/alma+epel-10-x86_64/root/', '--releasever', '10', '--setopt=deltarpm=False', '--setopt=allow_vendor_change=yes', '--allowerasing', '--disableplugin=local', '--disableplugin=spacewalk', '--disableplugin=versionlock', '/var/lib/mock/alma+epel-10-x86_64/root//builddir/build/SRPMS/nginx-1.30.3-1.alma10.ngx.src.rpm'] with env {'TERM': 'vt100', 'SHELL': '/bin/bash', 'HOME': '/var/lib/mock/alma+epel-10-x86_64/root/installation-homedir', 'HOSTNAME': 'mock', 'PATH': '/usr/bin:/bin:/usr/sbin:/sbin', 'PROMPT_COMMAND': 'printf "\\033]0;<mock-chroot>\\007"', 'PS1': '<mock-chroot> \\s-\\v\\$ ', 'LANG': 'C.UTF-8', 'LC_MESSAGES': 'C.UTF-8', 'SYSTEMD_NSPAWN_TMPFS_TMP': '0', 'SYSTEMD_SECCOMP': '0'} and shell False
DEBUG util.py:461:  No matches found for the following disable plugin patterns: local, spacewalk, versionlock
DEBUG util.py:463:  AlmaLinux 10 - BaseOS                                                                                                                                        4.1 kB/s | 3.8 kB     00:00    
DEBUG util.py:463:  AlmaLinux 10 - AppStream                                                                                                                                     3.4 kB/s | 3.8 kB     00:01    
DEBUG util.py:463:  AlmaLinux 10 - CRB                                                                                                                                           3.6 kB/s | 3.8 kB     00:01    
DEBUG util.py:463:  AlmaLinux 10 - Extras                                                                                                                                        3.0 kB/s | 3.5 kB     00:01    
DEBUG util.py:463:  Extra Packages for Enterprise Linux 10 - x86_64                                                                                                               17 kB/s | 9.0 kB     00:00    
DEBUG util.py:463:  mock-localrepo                                                                                                                                               1.5 MB/s | 1.5 kB     00:00    
DEBUG util.py:463:  Package libzstd-devel-1.5.5-9.el10.x86_64 is already installed.
DEBUG util.py:463:  Package modsecurity-3.0.16-1.el10.x86_64 is already installed.
DEBUG util.py:463:  Package openssl-devel-1:3.5.5-4.el10_2.alma.1.x86_64 is already installed.
DEBUG util.py:463:  Package pcre2-devel-10.44-1.el10.3.x86_64 is already installed.
DEBUG util.py:463:  Package perl-4:5.40.2-512.2.el10_0.x86_64 is already installed.
DEBUG util.py:463:  Package pkgconf-pkg-config-2.1.0-3.el10.x86_64 is already installed.
DEBUG util.py:463:  Package systemd-257-23.el10_2.2.alma.1.x86_64 is already installed.
DEBUG util.py:463:  Package zlib-ng-compat-devel-2.2.3-3.el10_1.x86_64 is already installed.
DEBUG util.py:463:  Dependencies resolved.
DEBUG util.py:463:  Nothing to do.
DEBUG util.py:463:  Complete!
DEBUG util.py:610:  Child return code was: 0
DEBUG util.py:185:  kill orphans in chroot /var/lib/mock/alma+epel-10-x86_64/root
DEBUG util.py:185:  kill orphans in chroot /var/lib/mock/alma+epel-10-x86_64-bootstrap/root/var/lib/mock/alma+epel-10-x86_64/root
DEBUG util.py:636:  child environment: None
DEBUG util.py:558:  Executing command: ['/bin/umount', '-n', '-l', '/var/lib/mock/alma+epel-10-x86_64-bootstrap/root/var/lib/mock/alma+epel-10-x86_64/root'] with env {'TERM': 'vt100', 'SHELL': '/bin/sh', 'HOME': '/builddir', 'HOSTNAME': 'mock', 'PATH': '/usr/bin:/bin:/usr/sbin:/sbin', 'LANG': 'C.UTF-8'} and shell False
DEBUG util.py:610:  Child return code was: 0
DEBUG util.py:636:  child environment: None
DEBUG util.py:558:  Executing command: ['/bin/umount', '-n', '-l', '/var/lib/mock/alma+epel-10-x86_64-bootstrap/root/var/lib/mock/alma+epel-10-x86_64/root'] with env {'TERM': 'vt100', 'SHELL': '/bin/sh', 'HOME': '/builddir', 'HOSTNAME': 'mock', 'PATH': '/usr/bin:/bin:/usr/sbin:/sbin', 'LANG': 'C.UTF-8'} and shell False
DEBUG util.py:610:  Child return code was: 0
DEBUG util.py:636:  child environment: None
DEBUG util.py:558:  Executing command: ['/bin/umount', '-n', '-l', '/var/lib/mock/alma+epel-10-x86_64/root/dev/pts'] with env {'TERM': 'vt100', 'SHELL': '/bin/sh', 'HOME': '/builddir', 'HOSTNAME': 'mock', 'PATH': '/usr/bin:/bin:/usr/sbin:/sbin', 'LANG': 'C.UTF-8'} and shell False
DEBUG util.py:610:  Child return code was: 0
DEBUG util.py:636:  child environment: None
DEBUG util.py:558:  Executing command: ['/bin/umount', '-n', '-l', '/var/lib/mock/alma+epel-10-x86_64/root/dev/shm'] with env {'TERM': 'vt100', 'SHELL': '/bin/sh', 'HOME': '/builddir', 'HOSTNAME': 'mock', 'PATH': '/usr/bin:/bin:/usr/sbin:/sbin', 'LANG': 'C.UTF-8'} and shell False
DEBUG util.py:610:  Child return code was: 0
DEBUG util.py:636:  child environment: None
DEBUG util.py:558:  Executing command: ['/bin/umount', '-n', '-l', '/var/lib/mock/alma+epel-10-x86_64/root/sys'] with env {'TERM': 'vt100', 'SHELL': '/bin/sh', 'HOME': '/builddir', 'HOSTNAME': 'mock', 'PATH': '/usr/bin:/bin:/usr/sbin:/sbin', 'LANG': 'C.UTF-8'} and shell False
DEBUG util.py:610:  Child return code was: 0
DEBUG util.py:636:  child environment: None
DEBUG util.py:558:  Executing command: ['/bin/umount', '-n', '-l', '/var/lib/mock/alma+epel-10-x86_64/root/sys'] with env {'TERM': 'vt100', 'SHELL': '/bin/sh', 'HOME': '/builddir', 'HOSTNAME': 'mock', 'PATH': '/usr/bin:/bin:/usr/sbin:/sbin', 'LANG': 'C.UTF-8'} and shell False
DEBUG util.py:610:  Child return code was: 0
DEBUG util.py:636:  child environment: None
DEBUG util.py:558:  Executing command: ['/bin/umount', '-n', '-l', '/var/lib/mock/alma+epel-10-x86_64/root/proc'] with env {'TERM': 'vt100', 'SHELL': '/bin/sh', 'HOME': '/builddir', 'HOSTNAME': 'mock', 'PATH': '/usr/bin:/bin:/usr/sbin:/sbin', 'LANG': 'C.UTF-8'} and shell False
DEBUG util.py:610:  Child return code was: 0
DEBUG util.py:636:  child environment: None
DEBUG util.py:558:  Executing command: ['/bin/umount', '-n', '-l', '/var/lib/mock/alma+epel-10-x86_64/root/proc'] with env {'TERM': 'vt100', 'SHELL': '/bin/sh', 'HOME': '/builddir', 'HOSTNAME': 'mock', 'PATH': '/usr/bin:/bin:/usr/sbin:/sbin', 'LANG': 'C.UTF-8'} and shell False
DEBUG util.py:610:  Child return code was: 0
DEBUG file_util.py:17:  ensuring that dir exists: /var/lib/mock/alma+epel-10-x86_64-bootstrap/root/var/lib/mock/alma+epel-10-x86_64/root
DEBUG util.py:636:  child environment: None
DEBUG util.py:558:  Executing command: ['/bin/mount', '-n', '-t', 'tmpfs', '-o', 'private,mode=0755', 'tmpfs', '/var/lib/mock/alma+epel-10-x86_64-bootstrap/root/var/lib/mock/alma+epel-10-x86_64/root'] with env {'TERM': 'vt100', 'SHELL': '/bin/sh', 'HOME': '/builddir', 'HOSTNAME': 'mock', 'PATH': '/usr/bin:/bin:/usr/sbin:/sbin', 'LANG': 'C.UTF-8'} and shell False
DEBUG util.py:610:  Child return code was: 0
DEBUG file_util.py:17:  ensuring that dir exists: /var/lib/mock/alma+epel-10-x86_64-bootstrap/root/var/lib/mock/alma+epel-10-x86_64/root
DEBUG util.py:636:  child environment: None
DEBUG util.py:558:  Executing command: ['/bin/mount', '-n', '-o', 'rbind', '/var/lib/mock/alma+epel-10-x86_64/root', '/var/lib/mock/alma+epel-10-x86_64-bootstrap/root/var/lib/mock/alma+epel-10-x86_64/root'] with env {'TERM': 'vt100', 'SHELL': '/bin/sh', 'HOME': '/builddir', 'HOSTNAME': 'mock', 'PATH': '/usr/bin:/bin:/usr/sbin:/sbin', 'LANG': 'C.UTF-8'} and shell False
DEBUG util.py:610:  Child return code was: 0
DEBUG util.py:636:  child environment: None
DEBUG util.py:558:  Executing command: ['/bin/mount', '-n', '-o', 'remount,private,rbind', '--target', '/var/lib/mock/alma+epel-10-x86_64-bootstrap/root/var/lib/mock/alma+epel-10-x86_64/root'] with env {'TERM': 'vt100', 'SHELL': '/bin/sh', 'HOME': '/builddir', 'HOSTNAME': 'mock', 'PATH': '/usr/bin:/bin:/usr/sbin:/sbin', 'LANG': 'C.UTF-8'} and shell False
DEBUG util.py:610:  Child return code was: 0
DEBUG util.py:636:  child environment: None
DEBUG util.py:553:  Using nspawn with args ['--capability=cap_ipc_lock', '--bind=/tmp/mock-resolv.mbuvd83v:/etc/resolv.conf']
DEBUG util.py:558:  Executing command: ['/usr/bin/systemd-nspawn', '-q', '-M', '37316c7e4cab4524b3f911cae3fd9413', '-D', '/var/lib/mock/alma+epel-10-x86_64-bootstrap/root', '-a', '--capability=cap_ipc_lock', '--bind=/tmp/mock-resolv.mbuvd83v:/etc/resolv.conf', '--console=pipe', '--setenv=TERM=vt100', '--setenv=SHELL=/bin/bash', '--setenv=HOME=/builddir', '--setenv=HOSTNAME=mock', '--setenv=PATH=/usr/bin:/bin:/usr/sbin:/sbin', '--setenv=PROMPT_COMMAND=printf "\\033]0;<mock-chroot>\\007"', '--setenv=PS1=<mock-chroot> \\s-\\v\\$ ', '--setenv=LANG=C.UTF-8', '--resolv-conf=off', '/bin/rpm', '-qa', '--root', '/var/lib/mock/alma+epel-10-x86_64/root'] with env {'TERM': 'vt100', 'SHELL': '/bin/bash', 'HOME': '/builddir', 'HOSTNAME': 'mock', 'PATH': '/usr/bin:/bin:/usr/sbin:/sbin', 'PROMPT_COMMAND': 'printf "\\033]0;<mock-chroot>\\007"', 'PS1': '<mock-chroot> \\s-\\v\\$ ', 'LANG': 'C.UTF-8', 'SYSTEMD_NSPAWN_TMPFS_TMP': '0', 'SYSTEMD_SECCOMP': '0'} and shell False
DEBUG util.py:463:  gpg-pubkey-c2a1e572-668fe8ef
DEBUG util.py:463:  gpg-pubkey-e37ed158-65785fa9
DEBUG util.py:463:  libgcc-14.3.1-4.4.el10.alma.2.x86_64
DEBUG util.py:463:  ghc-srpm-macros-1.9.2-1.el10_0.noarch
DEBUG util.py:463:  fpc-srpm-macros-1.3-7.el10_1.noarch
DEBUG util.py:463:  ansible-srpm-macros-1-21.el10_2.noarch
DEBUG util.py:463:  rust-toolset-srpm-macros-1.92.0-1.el10.alma.1.noarch
DEBUG util.py:463:  qt6-srpm-macros-6.10.1-1.el10.noarch
DEBUG util.py:463:  perl-srpm-macros-1-57.el10.noarch
DEBUG util.py:463:  package-notes-srpm-macros-0.5-13.el10.noarch
DEBUG util.py:463:  openblas-srpm-macros-2-19.el10.noarch
DEBUG util.py:463:  ocaml-srpm-macros-10-4.el10.noarch
DEBUG util.py:463:  kernel-srpm-macros-1.0-27.el10.noarch
DEBUG util.py:463:  publicsuffix-list-dafsa-20240107-5.el10.noarch
DEBUG util.py:463:  pkgconf-m4-2.1.0-3.el10.noarch
DEBUG util.py:463:  pcre2-syntax-10.44-1.el10.3.noarch
DEBUG util.py:463:  ncurses-base-6.4-15.20240127.el10_1.noarch
DEBUG util.py:463:  libssh-config-0.12.0-2.el10.noarch
DEBUG util.py:463:  coreutils-common-9.5-8.el10_2.x86_64
DEBUG util.py:463:  almalinux-gpg-keys-10.2-21.el10.x86_64
DEBUG util.py:463:  almalinux-release-10.2-21.el10.x86_64
DEBUG util.py:463:  almalinux-repos-10.2-21.el10.x86_64
DEBUG util.py:463:  setup-2.14.5-7.el10.noarch
DEBUG util.py:463:  filesystem-3.18-17.el10.x86_64
DEBUG util.py:463:  basesystem-11-22.el10.noarch
DEBUG util.py:463:  glibc-gconv-extra-2.39-126.el10_2.alma.1.x86_64
DEBUG util.py:463:  ncurses-libs-6.4-15.20240127.el10_1.x86_64
DEBUG util.py:463:  glibc-2.39-126.el10_2.alma.1.x86_64
DEBUG util.py:463:  bash-5.2.26-6.el10.x86_64
DEBUG util.py:463:  glibc-common-2.39-126.el10_2.alma.1.x86_64
DEBUG util.py:463:  glibc-minimal-langpack-2.39-126.el10_2.alma.1.x86_64
DEBUG util.py:463:  zlib-ng-compat-2.2.3-3.el10_1.x86_64
DEBUG util.py:463:  bzip2-libs-1.0.8-25.el10.x86_64
DEBUG util.py:463:  xz-libs-5.6.2-4.el10_0.x86_64
DEBUG util.py:463:  libstdc++-14.3.1-4.4.el10.alma.2.x86_64
DEBUG util.py:463:  libuuid-2.40.2-18.el10.x86_64
DEBUG util.py:463:  popt-1.19-8.el10.x86_64
DEBUG util.py:463:  readline-8.2-11.el10.x86_64
DEBUG util.py:463:  libblkid-2.40.2-18.el10.x86_64
DEBUG util.py:463:  gmp-6.2.1-12.el10.x86_64
DEBUG util.py:463:  libattr-2.5.2-5.el10.x86_64
DEBUG util.py:463:  libacl-2.3.2-4.el10.x86_64
DEBUG util.py:463:  libxcrypt-4.4.36-10.el10.x86_64
DEBUG util.py:463:  libzstd-1.5.5-9.el10.x86_64
DEBUG util.py:463:  elfutils-libelf-0.194-2.el10_2.x86_64
DEBUG util.py:463:  crypto-policies-20260216-1.git0e54016.el10.alma.1.noarch
DEBUG util.py:463:  gdbm-libs-1.23-12.el10_0.x86_64
DEBUG util.py:463:  libeconf-0.6.2-4.el10.x86_64
DEBUG util.py:463:  dwz-0.16-1.el10.x86_64
DEBUG util.py:463:  mpfr-4.2.1-8.el10.x86_64
DEBUG util.py:463:  gawk-5.3.0-6.el10.x86_64
DEBUG util.py:463:  unzip-6.0-69.el10.x86_64
DEBUG util.py:463:  file-libs-5.45-9.el10.x86_64
DEBUG util.py:463:  file-5.45-9.el10.x86_64
DEBUG util.py:463:  alternatives-1.30-2.el10.x86_64
DEBUG util.py:463:  jansson-2.14-3.el10.x86_64
DEBUG util.py:463:  libcap-ng-0.8.4-6.el10.x86_64
DEBUG util.py:463:  audit-libs-4.0.3-5.el10.x86_64
DEBUG util.py:463:  pam-libs-1.6.1-9.el10.x86_64
DEBUG util.py:463:  libcap-2.69-7.el10_2.1.x86_64
DEBUG util.py:463:  systemd-libs-257-23.el10_2.2.alma.1.x86_64
DEBUG util.py:463:  libffi-3.4.4-10.el10.x86_64
DEBUG util.py:463:  libsepol-3.10-1.el10.x86_64
DEBUG util.py:463:  libsmartcols-2.40.2-18.el10.x86_64
DEBUG util.py:463:  libtasn1-4.20.0-5.el10_2.x86_64
DEBUG util.py:463:  libunistring-1.1-10.el10.x86_64
DEBUG util.py:463:  libidn2-2.3.7-3.el10.x86_64
DEBUG util.py:463:  lua-libs-5.4.6-7.el10.x86_64
DEBUG util.py:463:  lz4-libs-1.9.4-8.el10.x86_64
DEBUG util.py:463:  pcre2-10.44-1.el10.3.x86_64
DEBUG util.py:463:  libselinux-3.10-1.el10.x86_64
DEBUG util.py:463:  sed-4.9-5.el10.x86_64
DEBUG util.py:463:  findutils-4.10.0-5.el10.x86_64
DEBUG util.py:463:  grep-3.11-10.el10.x86_64
DEBUG util.py:463:  xz-5.6.2-4.el10_0.x86_64
DEBUG util.py:463:  libmount-2.40.2-18.el10.x86_64
DEBUG util.py:463:  util-linux-core-2.40.2-18.el10.x86_64
DEBUG util.py:463:  libsemanage-3.10-1.el10.x86_64
DEBUG util.py:463:  shadow-utils-4.15.0-11.el10.x86_64
DEBUG util.py:463:  libutempter-1.2.1-15.el10.x86_64
DEBUG util.py:463:  tar-1.35-11.el10.x86_64
DEBUG util.py:463:  zstd-1.5.5-9.el10.x86_64
DEBUG util.py:463:  libpsl-0.21.5-6.el10.x86_64
DEBUG util.py:463:  p11-kit-0.26.2-1.el10.x86_64
DEBUG util.py:463:  p11-kit-trust-0.26.2-1.el10.x86_64
DEBUG util.py:463:  openssl-fips-provider-3.5.5-4.el10_2.alma.1.x86_64
DEBUG util.py:463:  openssl-libs-3.5.5-4.el10_2.alma.1.x86_64
DEBUG util.py:463:  coreutils-9.5-8.el10_2.x86_64
DEBUG util.py:463:  ca-certificates-2025.2.80_v9.0.305-102.el10_1.noarch
DEBUG util.py:463:  authselect-libs-1.5.2-1.el10.x86_64
DEBUG util.py:463:  gzip-1.13-3.el10.x86_64
DEBUG util.py:463:  cracklib-2.9.11-8.el10.x86_64
DEBUG util.py:463:  cracklib-dicts-2.9.11-8.el10.x86_64
DEBUG util.py:463:  libpwquality-1.4.5-12.el10.x86_64
DEBUG util.py:463:  libevent-2.1.12-16.el10.x86_64
DEBUG util.py:463:  rpm-sequoia-1.10.1.1-2.el10.x86_64
DEBUG util.py:463:  zip-3.0-45.el10.x86_64
DEBUG util.py:463:  cyrus-sasl-lib-2.1.28-30.el10_2.x86_64
DEBUG util.py:463:  openldap-2.6.10-1.el10.x86_64
DEBUG util.py:463:  gdbm-1.23-12.el10_0.x86_64
DEBUG util.py:463:  pam-1.6.1-9.el10.x86_64
DEBUG util.py:463:  libfdisk-2.40.2-18.el10.x86_64
DEBUG util.py:463:  libxml2-2.12.5-10.el10_2.1.x86_64
DEBUG util.py:463:  libarchive-3.7.7-8.el10_1.x86_64
DEBUG util.py:463:  bzip2-1.0.8-25.el10.x86_64
DEBUG util.py:463:  sqlite-libs-3.46.1-5.el10_1.x86_64
DEBUG util.py:463:  rpm-libs-4.19.1.1-23.el10.alma.1.x86_64
DEBUG util.py:463:  ed-1.20-5.el10.x86_64
DEBUG util.py:463:  patch-2.7.6-26.el10.x86_64
DEBUG util.py:463:  elfutils-default-yama-scope-0.194-2.el10_2.noarch
DEBUG util.py:463:  cpio-2.15-3.el10.x86_64
DEBUG util.py:463:  diffutils-3.10-8.el10.x86_64
DEBUG util.py:463:  json-c-0.18-3.el10.x86_64
DEBUG util.py:463:  keyutils-libs-1.6.3-5.el10.x86_64
DEBUG util.py:463:  libbrotli-1.1.0-7.el10_1.x86_64
DEBUG util.py:463:  libcbor-0.11.0-3.el10.x86_64
DEBUG util.py:463:  libfido2-1.14.0-7.el10.x86_64
DEBUG util.py:463:  libcom_err-1.47.1-5.el10.x86_64
DEBUG util.py:463:  libgomp-14.3.1-4.4.el10.alma.2.x86_64
DEBUG util.py:463:  libnghttp2-1.68.0-3.el10_2.1.x86_64
DEBUG util.py:463:  libpkgconf-2.1.0-3.el10.x86_64
DEBUG util.py:463:  pkgconf-2.1.0-3.el10.x86_64
DEBUG util.py:463:  pkgconf-pkg-config-2.1.0-3.el10.x86_64
DEBUG util.py:463:  libverto-0.3.2-10.el10.x86_64
DEBUG util.py:463:  krb5-libs-1.21.3-10.el10_2.x86_64
DEBUG util.py:463:  libssh-0.12.0-2.el10.x86_64
DEBUG util.py:463:  libcurl-8.12.1-4.el10.x86_64
DEBUG util.py:463:  elfutils-libs-0.194-2.el10_2.x86_64
DEBUG util.py:463:  elfutils-debuginfod-client-0.194-2.el10_2.x86_64
DEBUG util.py:463:  binutils-gold-2.41-63.el10.alma.1.x86_64
DEBUG util.py:463:  binutils-2.41-63.el10.alma.1.x86_64
DEBUG util.py:463:  elfutils-0.194-2.el10_2.x86_64
DEBUG util.py:463:  gdb-minimal-16.3-3.el10.x86_64
DEBUG util.py:463:  debugedit-5.1-8.el10.x86_64
DEBUG util.py:463:  rpm-build-libs-4.19.1.1-23.el10.alma.1.x86_64
DEBUG util.py:463:  curl-8.12.1-4.el10.x86_64
DEBUG util.py:463:  rpm-4.19.1.1-23.el10.alma.1.x86_64
DEBUG util.py:463:  efi-srpm-macros-6-6.el10.alma.1.noarch
DEBUG util.py:463:  lua-srpm-macros-1-15.el10.noarch
DEBUG util.py:463:  fonts-srpm-macros-2.0.5-18.el10.noarch
DEBUG util.py:463:  forge-srpm-macros-0.4.0-6.el10.noarch
DEBUG util.py:463:  go-srpm-macros-3.8.0-1.el10.noarch
DEBUG util.py:463:  python-srpm-macros-3.12-11.el10.noarch
DEBUG util.py:463:  redhat-rpm-config-295-1.el10.alma.1.noarch
DEBUG util.py:463:  rpm-build-4.19.1.1-23.el10.alma.1.x86_64
DEBUG util.py:463:  pyproject-srpm-macros-1.18.5-1.el10.noarch
DEBUG util.py:463:  R-srpm-macros-1.3.7-1.el10_2.noarch
DEBUG util.py:463:  epel-rpm-macros-10-7.el10_2.noarch
DEBUG util.py:463:  util-linux-2.40.2-18.el10.x86_64
DEBUG util.py:463:  authselect-1.5.2-1.el10.x86_64
DEBUG util.py:463:  which-2.21-44.el10_0.x86_64
DEBUG util.py:463:  info-7.1-6.el10.x86_64
DEBUG util.py:463:  libgpg-error-1.50-2.el10.x86_64
DEBUG util.py:463:  libmpc-1.3.1-7.el10.x86_64
DEBUG util.py:463:  make-4.4.1-9.el10.x86_64
DEBUG util.py:463:  expat-2.7.3-1.el10_2.1.x86_64
DEBUG util.py:463:  cpp-14.3.1-4.4.el10.alma.2.x86_64
DEBUG util.py:463:  libassuan-2.5.6-6.el10.x86_64
DEBUG util.py:463:  libgcrypt-1.11.0-5.el10.x86_64
DEBUG util.py:463:  libksba-1.6.7-2.el10.x86_64
DEBUG util.py:463:  yajl-2.1.0-25.el10.x86_64
DEBUG util.py:463:  pcre2-utf32-10.44-1.el10.3.x86_64
DEBUG util.py:463:  pcre2-utf16-10.44-1.el10.3.x86_64
DEBUG util.py:463:  libstdc++-devel-14.3.1-4.4.el10.alma.2.x86_64
DEBUG util.py:463:  kernel-headers-6.12.0-211.29.1.el10_2.x86_64
DEBUG util.py:463:  libxcrypt-devel-4.4.36-10.el10.x86_64
DEBUG util.py:463:  glibc-devel-2.39-126.el10_2.alma.1.x86_64
DEBUG util.py:463:  gcc-14.3.1-4.4.el10.alma.2.x86_64
DEBUG util.py:463:  gcc-c++-14.3.1-4.4.el10.alma.2.x86_64
DEBUG util.py:463:  cmake-filesystem-3.31.8-1.el10.x86_64
DEBUG util.py:463:  annobin-docs-13.02-2.el10.noarch
DEBUG util.py:463:  tzdata-2026b-1.el10.alma.1.noarch
DEBUG util.py:463:  tpm2-tss-4.1.3-6.el10.x86_64
DEBUG util.py:463:  python3-pip-wheel-23.3.2-11.el10_2.noarch
DEBUG util.py:463:  npth-1.6-21.el10.x86_64
DEBUG util.py:463:  ncurses-6.4-15.20240127.el10_1.x86_64
DEBUG util.py:463:  mpdecimal-2.5.1-12.el10.x86_64
DEBUG util.py:463:  python3-3.12.13-2.el10_2.x86_64
DEBUG util.py:463:  python3-libs-3.12.13-2.el10_2.x86_64
DEBUG util.py:463:  python3-pyparsing-3.1.1-7.el10.noarch
DEBUG util.py:463:  systemtap-sdt-dtrace-5.4-3.el10.x86_64
DEBUG util.py:463:  systemtap-sdt-devel-5.4-3.el10.x86_64
DEBUG util.py:463:  lmdb-libs-0.9.32-4.el10.x86_64
DEBUG util.py:463:  libseccomp-2.5.6-1.el10.x86_64
DEBUG util.py:463:  groff-base-1.23.0-10.el10.x86_64
DEBUG util.py:463:  perl-Digest-1.20-511.el10.noarch
DEBUG util.py:463:  perl-Digest-MD5-2.59-6.el10.x86_64
DEBUG util.py:463:  perl-B-1.89-512.2.el10_0.x86_64
DEBUG util.py:463:  perl-FileHandle-2.05-512.2.el10_0.noarch
DEBUG util.py:463:  perl-Data-Dumper-2.189-512.el10.x86_64
DEBUG util.py:463:  perl-libnet-3.15-512.el10.noarch
DEBUG util.py:463:  perl-AutoLoader-5.74-512.2.el10_0.noarch
DEBUG util.py:463:  perl-Class-Struct-0.68-512.2.el10_0.noarch
DEBUG util.py:463:  perl-locale-1.12-512.2.el10_0.noarch
DEBUG util.py:463:  perl-URI-5.27-3.el10.noarch
DEBUG util.py:463:  perl-Socket-2.038-511.el10.x86_64
DEBUG util.py:463:  perl-SelectSaver-1.02-512.2.el10_0.noarch
DEBUG util.py:463:  perl-Term-ANSIColor-5.01-512.el10.noarch
DEBUG util.py:463:  perl-Text-Tabs+Wrap-2024.001-511.el10.noarch
DEBUG util.py:463:  perl-base-2.27-512.2.el10_0.noarch
DEBUG util.py:463:  perl-Mozilla-CA-20231213-5.el10.noarch
DEBUG util.py:463:  perl-if-0.61.000-512.2.el10_0.noarch
DEBUG util.py:463:  perl-POSIX-2.20-512.2.el10_0.x86_64
DEBUG util.py:463:  perl-mro-1.29-512.2.el10_0.x86_64
DEBUG util.py:463:  perl-IO-Socket-IP-0.42-512.el10.noarch
DEBUG util.py:463:  perl-File-stat-1.14-512.2.el10_0.noarch
DEBUG util.py:463:  perl-overloading-0.02-512.2.el10_0.noarch
DEBUG util.py:463:  perl-Time-Local-1.350-511.el10.noarch
DEBUG util.py:463:  perl-File-Path-2.18-512.el10.noarch
DEBUG util.py:463:  perl-IO-Socket-SSL-2.085-3.el10.noarch
DEBUG util.py:463:  perl-Net-SSLeay-1.94-8.el10.x86_64
DEBUG util.py:463:  perl-Pod-Escapes-1.07-511.el10.noarch
DEBUG util.py:463:  perl-Term-Cap-1.18-511.el10.noarch
DEBUG util.py:463:  perl-Pod-Usage-2.03-511.el10.noarch
DEBUG util.py:463:  perl-Errno-1.38-512.2.el10_0.x86_64
DEBUG util.py:463:  perl-Fcntl-1.18-512.2.el10_0.x86_64
DEBUG util.py:463:  perl-File-Basename-2.86-512.2.el10_0.noarch
DEBUG util.py:463:  perl-Getopt-Std-1.14-512.2.el10_0.noarch
DEBUG util.py:463:  perl-MIME-Base64-3.16-511.el10.x86_64
DEBUG util.py:463:  perl-Scalar-List-Utils-1.63-511.el10.x86_64
DEBUG util.py:463:  perl-Symbol-1.09-512.2.el10_0.noarch
DEBUG util.py:463:  perl-Text-ParseWords-3.31-511.el10.noarch
DEBUG util.py:463:  perl-constant-1.33-512.el10.noarch
DEBUG util.py:463:  perl-IPC-Open3-1.22-512.2.el10_0.noarch
DEBUG util.py:463:  perl-Storable-3.32-511.el10.x86_64
DEBUG util.py:463:  perl-IO-1.55-512.2.el10_0.x86_64
DEBUG util.py:463:  perl-overload-1.37-512.2.el10_0.noarch
DEBUG util.py:463:  perl-parent-0.241-512.el10.noarch
DEBUG util.py:463:  perl-File-Temp-0.231.100-512.el10.noarch
DEBUG util.py:463:  perl-HTTP-Tiny-0.088-512.el10.noarch
DEBUG util.py:463:  perl-vars-1.05-512.2.el10_0.noarch
DEBUG util.py:463:  perl-Pod-Simple-3.45-511.el10.noarch
DEBUG util.py:463:  perl-Getopt-Long-2.58-3.el10.noarch
DEBUG util.py:463:  perl-podlators-5.01-511.el10.noarch
DEBUG util.py:463:  perl-Carp-1.54-511.el10.noarch
DEBUG util.py:463:  perl-Exporter-5.78-511.el10.noarch
DEBUG util.py:463:  perl-GDBM_File-1.24-512.2.el10_0.x86_64
DEBUG util.py:463:  perl-NDBM_File-1.17-512.2.el10_0.x86_64
DEBUG util.py:463:  perl-ODBM_File-1.18-512.2.el10_0.x86_64
DEBUG util.py:463:  perl-PathTools-3.91-512.el10.x86_64
DEBUG util.py:463:  perl-DynaLoader-1.56-512.2.el10_0.x86_64
DEBUG util.py:463:  perl-Encode-3.21-511.el10.x86_64
DEBUG util.py:463:  perl-libs-5.40.2-512.2.el10_0.x86_64
DEBUG util.py:463:  perl-Pod-Perldoc-3.28.01-512.el10.noarch
DEBUG util.py:463:  perl-doc-5.40.2-512.2.el10_0.noarch
DEBUG util.py:463:  perl-interpreter-5.40.2-512.2.el10_0.x86_64
DEBUG util.py:463:  perl-File-Find-1.44-512.2.el10_0.noarch
DEBUG util.py:463:  perl-version-0.99.32-4.el10.x86_64
DEBUG util.py:463:  perl-File-Copy-2.41-512.2.el10_0.noarch
DEBUG util.py:463:  perl-Time-HiRes-1.9777-511.el10.x86_64
DEBUG util.py:463:  perl-ExtUtils-Manifest-1.75-511.el10.noarch
DEBUG util.py:463:  perl-threads-2.40-511.el10.x86_64
DEBUG util.py:463:  perl-threads-shared-1.69-511.el10.x86_64
DEBUG util.py:463:  perl-CPAN-Meta-Requirements-2.143-11.el10.noarch
DEBUG util.py:463:  perl-ExtUtils-ParseXS-3.51-512.el10.noarch
DEBUG util.py:463:  perl-Compress-Raw-Zlib-2.212-513.el10.x86_64
DEBUG util.py:463:  perl-File-Compare-1.100.800-512.2.el10_0.noarch
DEBUG util.py:463:  perl-lib-0.65-512.2.el10_0.x86_64
DEBUG util.py:463:  perl-Module-CoreList-5.20260119-1.el10.noarch
DEBUG util.py:463:  perl-Module-Metadata-1.000038-512.el10.noarch
DEBUG util.py:463:  perl-Digest-SHA-6.04-512.el10.x86_64
DEBUG util.py:463:  perl-Devel-Peek-1.34-512.2.el10_0.x86_64
DEBUG util.py:463:  perl-Filter-1.64-512.el10.x86_64
DEBUG util.py:463:  perl-Module-Load-0.36-511.el10.noarch
DEBUG util.py:463:  perl-Perl-OSType-1.010-512.el10.noarch
DEBUG util.py:463:  perl-Term-ReadLine-1.17-512.2.el10_0.noarch
DEBUG util.py:463:  perl-Term-Table-0.018-513.el10.noarch
DEBUG util.py:463:  perl-Tie-4.6-512.2.el10_0.noarch
DEBUG util.py:463:  perl-Unicode-Normalize-1.32-511.el10.x86_64
DEBUG util.py:463:  perl-meta-notation-5.40.2-512.2.el10_0.noarch
DEBUG util.py:463:  perl-encoding-3.00-511.el10.x86_64
DEBUG util.py:463:  perl-Dumpvalue-2.27-512.2.el10_0.noarch
DEBUG util.py:463:  perl-Net-Ping-2.76-511.el10.noarch
DEBUG util.py:463:  perl-ExtUtils-Command-7.70-513.el10.noarch
DEBUG util.py:463:  perl-Pod-Html-1.35-512.2.el10_0.noarch
DEBUG util.py:463:  perl-AutoSplit-5.74-512.2.el10_0.noarch
DEBUG util.py:463:  perl-Benchmark-1.25-512.2.el10_0.noarch
DEBUG util.py:463:  perl-Test-Harness-3.48-512.el10.noarch
DEBUG util.py:463:  perl-CPAN-Meta-YAML-0.018-512.el10.noarch
DEBUG util.py:463:  perl-Compress-Raw-Bzip2-2.212-512.el10.x86_64
DEBUG util.py:463:  perl-IO-Compress-2.212-512.el10_2.1.noarch
DEBUG util.py:463:  perl-IO-Zlib-1.15-511.el10.noarch
DEBUG util.py:463:  perl-Devel-PPPort-3.72-512.el10.x86_64
DEBUG util.py:463:  perl-DirHandle-1.05-512.2.el10_0.noarch
DEBUG util.py:463:  perl-ExtUtils-Constant-0.25-512.2.el10_0.noarch
DEBUG util.py:463:  perl-ExtUtils-MM-Utils-7.70-513.el10.noarch
DEBUG util.py:463:  perl-Hash-Util-FieldHash-1.27-512.2.el10_0.x86_64
DEBUG util.py:463:  perl-Hash-Util-0.32-512.2.el10_0.x86_64
DEBUG util.py:463:  perl-I18N-LangTags-0.45-512.2.el10_0.noarch
DEBUG util.py:463:  perl-Locale-Maketext-1.33-512.el10.noarch
DEBUG util.py:463:  perl-Locale-Maketext-Simple-0.21-512.2.el10_0.noarch
DEBUG util.py:463:  perl-Params-Check-0.38-511.el10.noarch
DEBUG util.py:463:  perl-Module-Load-Conditional-0.74-511.el10.noarch
DEBUG util.py:463:  perl-IPC-Cmd-1.04-512.el10.noarch
DEBUG util.py:463:  perl-Math-Complex-1.62-512.2.el10_0.noarch
DEBUG util.py:463:  perl-Math-BigInt-2.0030.03-3.el10.noarch
DEBUG util.py:463:  perl-JSON-PP-4.16-513.el10.noarch
DEBUG util.py:463:  perl-CPAN-Meta-2.150010-511.el10.noarch
DEBUG util.py:463:  perl-ExtUtils-Install-2.22-511.el10.noarch
DEBUG util.py:463:  perl-devel-5.40.2-512.2.el10_0.x86_64
DEBUG util.py:463:  perl-ExtUtils-MakeMaker-7.70-513.el10.noarch
DEBUG util.py:463:  perl-ExtUtils-CBuilder-0.280240-511.el10.noarch
DEBUG util.py:463:  perl-ExtUtils-Embed-1.35-512.2.el10_0.noarch
DEBUG util.py:463:  perl-Test-Simple-1.302199-513.el10.noarch
DEBUG util.py:463:  perl-Params-Util-1.102-19.el10.x86_64
DEBUG util.py:463:  perl-SelfLoader-1.27-512.2.el10_0.noarch
DEBUG util.py:463:  perl-Sub-Install-0.929-8.el10.noarch
DEBUG util.py:463:  perl-Sys-Hostname-1.25-512.2.el10_0.x86_64
DEBUG util.py:463:  perl-Text-Balanced-2.06-511.el10.noarch
DEBUG util.py:463:  perl-Tie-RefHash-1.40-511.el10.noarch
DEBUG util.py:463:  perl-User-pwent-1.05-512.2.el10_0.noarch
DEBUG util.py:463:  perl-autouse-1.11-512.2.el10_0.noarch
DEBUG util.py:463:  perl-subs-1.04-512.2.el10_0.noarch
DEBUG util.py:463:  perl-Opcode-1.65-512.2.el10_0.x86_64
DEBUG util.py:463:  perl-Safe-2.46-512.2.el10_0.noarch
DEBUG util.py:463:  perl-Filter-Simple-0.96-511.el10.noarch
DEBUG util.py:463:  perl-Data-OptList-0.114-7.el10.noarch
DEBUG util.py:463:  perl-Devel-SelfStubber-1.06-512.2.el10_0.noarch
DEBUG util.py:463:  perl-Test2-Suite-0.000163-4.el10.noarch
DEBUG util.py:463:  perl-ExtUtils-Miniperl-1.14-512.2.el10_0.noarch
DEBUG util.py:463:  perl-libnetcfg-5.40.2-512.2.el10_0.noarch
DEBUG util.py:463:  perl-Encode-devel-3.21-511.el10.x86_64
DEBUG util.py:463:  perl-inc-latest-0.500-30.el10.noarch
DEBUG util.py:463:  perl-Math-BigInt-FastCalc-0.501.800-511.el10.x86_64
DEBUG util.py:463:  perl-bignum-0.67-512.el10.noarch
DEBUG util.py:463:  perl-File-Fetch-1.04-511.el10.noarch
DEBUG util.py:463:  perl-fields-2.27-512.2.el10_0.noarch
DEBUG util.py:463:  perl-DBM_Filter-0.06-512.2.el10_0.noarch
DEBUG util.py:463:  perl-open-1.13-512.2.el10_0.noarch
DEBUG util.py:463:  perl-debugger-1.60-512.2.el10_0.noarch
DEBUG util.py:463:  perl-sigtrap-1.10-512.2.el10_0.noarch
DEBUG util.py:463:  perl-Unicode-Collate-1.31-511.el10.x86_64
DEBUG util.py:463:  perl-Unicode-UCD-0.78-512.2.el10_0.noarch
DEBUG util.py:463:  perl-Env-1.06-511.el10.noarch
DEBUG util.py:463:  perl-Module-CoreList-tools-5.20260119-1.el10.noarch
DEBUG util.py:463:  perl-Archive-Zip-1.68-17.el10.noarch
DEBUG util.py:463:  perl-Thread-3.05-512.2.el10_0.noarch
DEBUG util.py:463:  perl-Thread-Queue-3.14-511.el10.noarch
DEBUG util.py:463:  perl-Thread-Semaphore-2.13-512.2.el10_0.noarch
DEBUG util.py:463:  perl-experimental-0.032-511.el10.noarch
DEBUG util.py:463:  perl-Pod-Checker-1.77-511.el10.noarch
DEBUG util.py:463:  perl-diagnostics-1.40-512.2.el10_0.noarch
DEBUG util.py:463:  perl-macros-5.40.2-512.2.el10_0.noarch
DEBUG util.py:463:  perl-utils-5.40.2-512.2.el10_0.noarch
DEBUG util.py:463:  perl-Algorithm-Diff-1.2010-14.el10.noarch
DEBUG util.py:463:  perl-Text-Diff-1.45-25.el10.noarch
DEBUG util.py:463:  perl-Attribute-Handlers-1.03-512.2.el10_0.noarch
DEBUG util.py:463:  perl-Compress-Bzip2-2.28-21.el10.x86_64
DEBUG util.py:463:  perl-Compress-Raw-Lzma-2.212-3.el10.x86_64
DEBUG util.py:463:  perl-IO-Compress-Lzma-2.206-8.el10.noarch
DEBUG util.py:463:  perl-Archive-Tar-3.02-512.el10_2.1.noarch
DEBUG util.py:463:  perl-Config-Extensions-0.03-512.2.el10_0.noarch
DEBUG util.py:463:  perl-Config-Perl-V-0.36-512.el10.noarch
DEBUG util.py:463:  perl-Devel-Size-0.84-3.el10.x86_64
DEBUG util.py:463:  perl-English-1.11-512.2.el10_0.noarch
DEBUG util.py:463:  perl-File-DosGlob-1.12-512.2.el10_0.x86_64
DEBUG util.py:463:  perl-File-Which-1.27-14.el10.noarch
DEBUG util.py:463:  perl-File-HomeDir-1.006-15.el10.noarch
DEBUG util.py:463:  perl-FileCache-1.10-512.2.el10_0.noarch
DEBUG util.py:463:  perl-FindBin-1.54-512.2.el10_0.noarch
DEBUG util.py:463:  perl-I18N-Collate-1.02-512.2.el10_0.noarch
DEBUG util.py:463:  perl-I18N-Langinfo-0.24-512.2.el10_0.x86_64
DEBUG util.py:463:  perl-IPC-SysV-2.09-512.el10.x86_64
DEBUG util.py:463:  perl-IPC-System-Simple-1.30-16.el10.noarch
DEBUG util.py:463:  perl-autodie-2.37-512.el10.noarch
DEBUG util.py:463:  perl-MRO-Compat-0.15-12.el10.noarch
DEBUG util.py:463:  perl-Memoize-1.16-512.2.el10_0.noarch
DEBUG util.py:463:  perl-Module-Loaded-0.08-512.2.el10_0.noarch
DEBUG util.py:463:  perl-NEXT-0.69-512.2.el10_0.noarch
DEBUG util.py:463:  perl-Net-1.04-512.2.el10_0.noarch
DEBUG util.py:463:  perl-Package-Generator-1.106-34.el10.noarch
DEBUG util.py:463:  perl-Sub-Exporter-0.991-7.el10.noarch
DEBUG util.py:463:  perl-Data-Section-0.200008-8.el10.noarch
DEBUG util.py:463:  perl-PerlIO-via-QuotedPrint-0.10-511.el10.noarch
DEBUG util.py:463:  perl-Pod-Functions-1.14-512.2.el10_0.noarch
DEBUG util.py:463:  perl-Search-Dict-1.07-512.2.el10_0.noarch
DEBUG util.py:463:  perl-Sys-Syslog-0.36-512.el10.x86_64
DEBUG util.py:463:  perl-Term-Complete-1.403-512.2.el10_0.noarch
DEBUG util.py:463:  perl-Test-1.31-512.2.el10_0.noarch
DEBUG util.py:463:  perl-Text-Abbrev-1.02-512.2.el10_0.noarch
DEBUG util.py:463:  perl-Text-Glob-0.11-26.el10.noarch
DEBUG util.py:463:  perl-Text-Template-1.61-8.el10.noarch
DEBUG util.py:463:  perl-Software-License-0.104006-4.el10.noarch
DEBUG util.py:463:  perl-Module-Build-0.42.34-7.el10.noarch
DEBUG util.py:463:  perl-Tie-File-1.09-512.2.el10_0.noarch
DEBUG util.py:463:  perl-Tie-Memoize-1.1-512.2.el10_0.noarch
DEBUG util.py:463:  perl-Time-1.04-512.2.el10_0.noarch
DEBUG util.py:463:  perl-Time-Piece-1.3401-512.2.el10_0.x86_64
DEBUG util.py:463:  perl-blib-1.07-512.2.el10_0.noarch
DEBUG util.py:463:  perl-deprecate-0.04-512.2.el10_0.noarch
DEBUG util.py:463:  perl-encoding-warnings-0.14-512.2.el10_0.noarch
DEBUG util.py:463:  perl-filetest-1.03-512.2.el10_0.noarch
DEBUG util.py:463:  perl-less-0.03-512.2.el10_0.noarch
DEBUG util.py:463:  perl-local-lib-2.000029-9.el10.noarch
DEBUG util.py:463:  perl-perlfaq-5.20240218-511.el10.noarch
DEBUG util.py:463:  perl-ph-5.40.2-512.2.el10_0.x86_64
DEBUG util.py:463:  perl-sort-2.05-512.2.el10_0.noarch
DEBUG util.py:463:  perl-vmsish-1.04-512.2.el10_0.noarch
DEBUG util.py:463:  gnutls-3.8.10-4.el10_2.x86_64
DEBUG util.py:463:  gnupg2-2.4.5-4.el10_1.x86_64
DEBUG util.py:463:  perl-Module-Signature-0.88-12.el10.noarch
DEBUG util.py:463:  perl-CPAN-2.36-514.el10_0.noarch
DEBUG util.py:463:  perl-5.40.2-512.2.el10_0.x86_64
DEBUG util.py:463:  dbus-common-1.14.10-5.el10.noarch
DEBUG util.py:463:  dbus-broker-36-4.el10.x86_64
DEBUG util.py:463:  dbus-1.14.10-5.el10.x86_64
DEBUG util.py:463:  systemd-pam-257-23.el10_2.2.alma.1.x86_64
DEBUG util.py:463:  systemd-257-23.el10_2.2.alma.1.x86_64
DEBUG util.py:463:  modsecurity-3.0.16-1.el10.x86_64
DEBUG util.py:463:  annobin-plugin-gcc-13.02-2.el10.x86_64
DEBUG util.py:463:  zlib-ng-compat-devel-2.2.3-3.el10_1.x86_64
DEBUG util.py:463:  gcc-plugin-annobin-14.3.1-4.4.el10.alma.2.x86_64
DEBUG util.py:463:  pcre2-devel-10.44-1.el10.3.x86_64
DEBUG util.py:463:  openssl-devel-3.5.5-4.el10_2.alma.1.x86_64
DEBUG util.py:463:  libzstd-devel-1.5.5-9.el10.x86_64
DEBUG util.py:463:  systemd-rpm-macros-257-23.el10_2.2.alma.1.noarch
DEBUG util.py:610:  Child return code was: 0
DEBUG util.py:185:  kill orphans in chroot /var/lib/mock/alma+epel-10-x86_64/root
DEBUG util.py:185:  kill orphans in chroot /var/lib/mock/alma+epel-10-x86_64-bootstrap/root/var/lib/mock/alma+epel-10-x86_64/root
DEBUG util.py:636:  child environment: None
DEBUG util.py:558:  Executing command: ['/bin/umount', '-n', '-l', '/var/lib/mock/alma+epel-10-x86_64-bootstrap/root/var/lib/mock/alma+epel-10-x86_64/root'] with env {'TERM': 'vt100', 'SHELL': '/bin/sh', 'HOME': '/builddir', 'HOSTNAME': 'mock', 'PATH': '/usr/bin:/bin:/usr/sbin:/sbin', 'LANG': 'C.UTF-8'} and shell False
DEBUG util.py:610:  Child return code was: 0
DEBUG util.py:636:  child environment: None
DEBUG util.py:558:  Executing command: ['/bin/umount', '-n', '-l', '/var/lib/mock/alma+epel-10-x86_64-bootstrap/root/var/lib/mock/alma+epel-10-x86_64/root'] with env {'TERM': 'vt100', 'SHELL': '/bin/sh', 'HOME': '/builddir', 'HOSTNAME': 'mock', 'PATH': '/usr/bin:/bin:/usr/sbin:/sbin', 'LANG': 'C.UTF-8'} and shell False
DEBUG util.py:610:  Child return code was: 0
DEBUG file_util.py:17:  ensuring that dir exists: /var/lib/mock/alma+epel-10-x86_64-bootstrap/root/var/lib/mock/alma+epel-10-x86_64/root
DEBUG util.py:636:  child environment: None
DEBUG util.py:558:  Executing command: ['/bin/mount', '-n', '-t', 'tmpfs', '-o', 'private,mode=0755', 'tmpfs', '/var/lib/mock/alma+epel-10-x86_64-bootstrap/root/var/lib/mock/alma+epel-10-x86_64/root'] with env {'TERM': 'vt100', 'SHELL': '/bin/sh', 'HOME': '/builddir', 'HOSTNAME': 'mock', 'PATH': '/usr/bin:/bin:/usr/sbin:/sbin', 'LANG': 'C.UTF-8'} and shell False
DEBUG util.py:610:  Child return code was: 0
DEBUG file_util.py:17:  ensuring that dir exists: /var/lib/mock/alma+epel-10-x86_64-bootstrap/root/var/lib/mock/alma+epel-10-x86_64/root
DEBUG util.py:636:  child environment: None
DEBUG util.py:558:  Executing command: ['/bin/mount', '-n', '-o', 'rbind', '/var/lib/mock/alma+epel-10-x86_64/root', '/var/lib/mock/alma+epel-10-x86_64-bootstrap/root/var/lib/mock/alma+epel-10-x86_64/root'] with env {'TERM': 'vt100', 'SHELL': '/bin/sh', 'HOME': '/builddir', 'HOSTNAME': 'mock', 'PATH': '/usr/bin:/bin:/usr/sbin:/sbin', 'LANG': 'C.UTF-8'} and shell False
DEBUG util.py:610:  Child return code was: 0
DEBUG util.py:636:  child environment: None
DEBUG util.py:558:  Executing command: ['/bin/mount', '-n', '-o', 'remount,private,rbind', '--target', '/var/lib/mock/alma+epel-10-x86_64-bootstrap/root/var/lib/mock/alma+epel-10-x86_64/root'] with env {'TERM': 'vt100', 'SHELL': '/bin/sh', 'HOME': '/builddir', 'HOSTNAME': 'mock', 'PATH': '/usr/bin:/bin:/usr/sbin:/sbin', 'LANG': 'C.UTF-8'} and shell False
DEBUG util.py:610:  Child return code was: 0
DEBUG util.py:636:  child environment: None
DEBUG util.py:553:  Using nspawn with args ['--capability=cap_ipc_lock', '--bind=/tmp/mock-resolv.mbuvd83v:/etc/resolv.conf']
DEBUG util.py:558:  Executing command: ['/usr/bin/systemd-nspawn', '-q', '-M', '6e03396832e946d882559cb86905a470', '-D', '/var/lib/mock/alma+epel-10-x86_64-bootstrap/root', '-a', '--capability=cap_ipc_lock', '--bind=/tmp/mock-resolv.mbuvd83v:/etc/resolv.conf', '--console=pipe', '--setenv=TERM=vt100', '--setenv=SHELL=/bin/bash', '--setenv=HOME=/builddir', '--setenv=HOSTNAME=mock', '--setenv=PATH=/usr/bin:/bin:/usr/sbin:/sbin', '--setenv=PROMPT_COMMAND=printf "\\033]0;<mock-chroot>\\007"', '--setenv=PS1=<mock-chroot> \\s-\\v\\$ ', '--setenv=LANG=C.UTF-8', '--resolv-conf=off', '/bin/sh', '-c', "rpm -qa --root '/var/lib/mock/alma+epel-10-x86_64/root' --qf '%{nevra} %{buildtime} %{size} %{pkgid} installed\\n'"] with env {'TERM': 'vt100', 'SHELL': '/bin/bash', 'HOME': '/builddir', 'HOSTNAME': 'mock', 'PATH': '/usr/bin:/bin:/usr/sbin:/sbin', 'PROMPT_COMMAND': 'printf "\\033]0;<mock-chroot>\\007"', 'PS1': '<mock-chroot> \\s-\\v\\$ ', 'LANG': 'C.UTF-8', 'SYSTEMD_NSPAWN_TMPFS_TMP': '0', 'SYSTEMD_SECCOMP': '0'} and shell False
DEBUG util.py:463:  gpg-pubkey-c2a1e572-668fe8ef 1720707311 0 (none) installed
DEBUG util.py:463:  gpg-pubkey-e37ed158-65785fa9 1702387625 0 (none) installed
DEBUG util.py:463:  libgcc-14.3.1-4.4.el10.alma.2.x86_64 1772111059 277156 7949b41f2a41490134f9c69f7e2c1c65 installed
DEBUG util.py:463:  ghc-srpm-macros-1.9.2-1.el10_0.noarch 1745569162 779 625f9b093fee9bb0f6c830c41d176111 installed
DEBUG util.py:463:  fpc-srpm-macros-1.3-7.el10_1.noarch 1755334968 144 0a58f44f776d4ea0ffce09c1bbaa8ca3 installed
DEBUG util.py:463:  ansible-srpm-macros-1-21.el10_2.noarch 1775683801 36518 b700833b44409eac292f9bce818b0997 installed
DEBUG util.py:463:  rust-toolset-srpm-macros-1.92.0-1.el10.alma.1.noarch 1769678040 2058 0d60c18e3b88c789b1b6ebc8952eaa5a installed
DEBUG util.py:463:  qt6-srpm-macros-6.10.1-1.el10.noarch 1765395372 464 06529f2a2bd0c79cd0570bafef490907 installed
DEBUG util.py:463:  perl-srpm-macros-1-57.el10.noarch 1734187617 861 3f5c5db2565569d4dace4c85bea37804 installed
DEBUG util.py:463:  package-notes-srpm-macros-0.5-13.el10.noarch 1734185638 1601 3cde60bb10b67a9550ccb1ae9aa8ac6a installed
DEBUG util.py:463:  openblas-srpm-macros-2-19.el10.noarch 1733929368 112 6993787a9cab21e9aab85c30a0bd442b installed
DEBUG util.py:463:  ocaml-srpm-macros-10-4.el10.noarch 1733929149 1959 a610b0ad19679654a9af8575d4e8923c installed
DEBUG util.py:463:  kernel-srpm-macros-1.0-27.el10.noarch 1765923590 1957 cf3659ec2ffd3a36112b6a5f4b8b9f03 installed
DEBUG util.py:463:  publicsuffix-list-dafsa-20240107-5.el10.noarch 1734189502 69171 c775084ba1b508126c5745a0778064b3 installed
DEBUG util.py:463:  pkgconf-m4-2.1.0-3.el10.noarch 1734174077 14252 b3c32290e4f1543b14dc83a4c2513db2 installed
DEBUG util.py:463:  pcre2-syntax-10.44-1.el10.3.noarch 1734183240 257634 ccd27752f168a8b7672bfe7e68744cd1 installed
DEBUG util.py:463:  ncurses-base-6.4-15.20240127.el10_1.noarch 1774527579 334036 fe651a52c8f62374dbbc28b771121270 installed
DEBUG util.py:463:  libssh-config-0.12.0-2.el10.noarch 1771608003 277 7560b4dae38b20f4b4027cb55ca10d74 installed
DEBUG util.py:463:  coreutils-common-9.5-8.el10_2.x86_64 1782813009 11696110 e9a25e1583991cd8268d565ea4a6f6f8 installed
DEBUG util.py:463:  almalinux-gpg-keys-10.2-21.el10.x86_64 1779787804 1652 8cb5d2eab58992fd96ea5b908b092aa7 installed
DEBUG util.py:463:  almalinux-release-10.2-21.el10.x86_64 1779787804 36930 3ea9d2aebf120c644579d5d7784d31f9 installed
DEBUG util.py:463:  almalinux-repos-10.2-21.el10.x86_64 1779787804 8842 461cb50a3e11a6b8be9147b3c6db1b03 installed
DEBUG util.py:463:  setup-2.14.5-7.el10.noarch 1749151765 737783 26a8c05f8f1bbf593e4be89452a0e7e6 installed
DEBUG util.py:463:  filesystem-3.18-17.el10.x86_64 1752686252 106 cd099c7ded56a34afeb19303409768fe installed
DEBUG util.py:463:  basesystem-11-22.el10.noarch 1734045537 0 595b21c06f70147e1cbd931fd91c5943 installed
DEBUG util.py:463:  glibc-gconv-extra-2.39-126.el10_2.alma.1.x86_64 1782812216 8165878 3974a276b3e32d498a6f6b576d49b2a8 installed
DEBUG util.py:463:  ncurses-libs-6.4-15.20240127.el10_1.x86_64 1774527582 985279 26a618ec26f38b75cefd2bae38d88474 installed
DEBUG util.py:463:  glibc-2.39-126.el10_2.alma.1.x86_64 1782812216 6554562 98240327a51c20ba4cc7451da6fedbd0 installed
DEBUG util.py:463:  bash-5.2.26-6.el10.x86_64 1741028594 8546555 33ee7b72828d90fb415b67bd18703f74 installed
DEBUG util.py:463:  glibc-common-2.39-126.el10_2.alma.1.x86_64 1782812216 1077018 b1637c3a83773fda995dfda0b0fe16d8 installed
DEBUG util.py:463:  glibc-minimal-langpack-2.39-126.el10_2.alma.1.x86_64 1782812216 0 31358f8fe63ed2e708b6827ac957219d installed
DEBUG util.py:463:  zlib-ng-compat-2.2.3-3.el10_1.x86_64 1770277085 144984 28b459adb24241e9517e1ce78666c920 installed
DEBUG util.py:463:  bzip2-libs-1.0.8-25.el10.x86_64 1739793622 82508 e5f6720795f36889b359c475e483f7ef installed
DEBUG util.py:463:  xz-libs-1:5.6.2-4.el10_0.x86_64 1747270625 219435 608b2b9f10f7620cefdac9352fb63534 installed
DEBUG util.py:463:  libstdc++-14.3.1-4.4.el10.alma.2.x86_64 1772111059 2974265 87415d9f7f4ce0763d075b8f60feba0a installed
DEBUG util.py:463:  libuuid-2.40.2-18.el10.x86_64 1772616096 38205 f376da94fff0eb754df16f70ede75c81 installed
DEBUG util.py:463:  popt-1.19-8.el10.x86_64 1734182146 140018 256fddaef6554f1f6ceb555943d5fe6f installed
DEBUG util.py:463:  readline-8.2-11.el10.x86_64 1734229259 500661 174639cbdc16be685c086ca7266bcd9c installed
DEBUG util.py:463:  libblkid-2.40.2-18.el10.x86_64 1772616096 268722 735d7bf51eeecf19c35d17bf409a2b4d installed
DEBUG util.py:463:  gmp-1:6.2.1-12.el10.x86_64 1751972776 821624 bbbc524d3ab91f5edafea5f166b1e8e0 installed
DEBUG util.py:463:  libattr-2.5.2-5.el10.x86_64 1734026062 29069 b2341171bda83939715030ce5d108165 installed
DEBUG util.py:463:  libacl-2.3.2-4.el10.x86_64 1734043789 40850 ebe8226da4e171577d0bbab67b7312a4 installed
DEBUG util.py:463:  libxcrypt-4.4.36-10.el10.x86_64 1733850318 269013 8d8e6f919abfb562e078733ba4769d67 installed
DEBUG util.py:463:  libzstd-1.5.5-9.el10.x86_64 1734225610 757350 2cd1680b7ef732c54728aa04789e0e99 installed
DEBUG util.py:463:  elfutils-libelf-0.194-2.el10_2.x86_64 1775585482 1177020 5e671269932d2d02b5e7177e7b308056 installed
DEBUG util.py:463:  crypto-policies-20260216-1.git0e54016.el10.alma.1.noarch 1772011816 121884 ce8312a29c8eb0aeb4523efe65075cf8 installed
DEBUG util.py:463:  gdbm-libs-1:1.23-12.el10_0.x86_64 1747265717 124802 2316777b35d417be0789a01d1ee525be installed
DEBUG util.py:463:  libeconf-0.6.2-4.el10.x86_64 1733853768 59264 208d3c26163ea7bed300f522617cdb01 installed
DEBUG util.py:463:  dwz-0.16-1.el10.x86_64 1752668350 301844 16929aa2620f73511ea34b15d5a4e5d2 installed
DEBUG util.py:463:  mpfr-4.2.1-8.el10.x86_64 1772661311 860061 8b574f141ddc1b7e0e23a1a6d1f6e22c installed
DEBUG util.py:463:  gawk-5.3.0-6.el10.x86_64 1739945434 1793472 c366fdd2469a3c534eda3a19ab2f3cdd installed
DEBUG util.py:463:  unzip-6.0-69.el10.x86_64 1750333114 411923 5a44502ca6a83b2f861ead7e8ab1166a installed
DEBUG util.py:463:  file-libs-5.45-9.el10.x86_64 1772798627 10414622 0cfda89881b7a922e66171b7cfc610df installed
DEBUG util.py:463:  file-5.45-9.el10.x86_64 1772798627 105823 fff637fce52a61acb6a54d447b615fcc installed
DEBUG util.py:463:  alternatives-1.30-2.el10.x86_64 1734038722 67745 3e47e765b3c0ab2f3cb590294ca38da0 installed
DEBUG util.py:463:  jansson-2.14-3.el10.x86_64 1734103152 91133 3d49634d0f323df9ddd1cdf2390e9bac installed
DEBUG util.py:463:  libcap-ng-0.8.4-6.el10.x86_64 1733842566 70563 702388695e018fc6547ae8bbabd66b1f installed
DEBUG util.py:463:  audit-libs-4.0.3-5.el10.x86_64 1768993857 367793 63cd5063d5aa400dc00e08694416fef7 installed
DEBUG util.py:463:  pam-libs-1.6.1-9.el10.x86_64 1765406635 137911 67b3eca0dc2389c375c9145d81013a3d installed
DEBUG util.py:463:  libcap-2.69-7.el10_2.1.x86_64 1779286980 223951 39fccdd85305004fcc5d5f3b3f68c5f7 installed
DEBUG util.py:463:  systemd-libs-257-23.el10_2.2.alma.1.x86_64 1780480095 2399722 243b642a96c57c5c74f7c7b4806561a6 installed
DEBUG util.py:463:  libffi-3.4.4-10.el10.x86_64 1747823536 87528 c80b924edecab6dabffeed80b4927ada installed
DEBUG util.py:463:  libsepol-3.10-1.el10.x86_64 1771421990 853723 866983176e73a5537956f9bc7c09cbdd installed
DEBUG util.py:463:  libsmartcols-2.40.2-18.el10.x86_64 1772616096 184594 911a0d671326fa14abcc46a6b8875d57 installed
DEBUG util.py:463:  libtasn1-4.20.0-5.el10_2.x86_64 1782266294 180507 d3544e48fd2501946f866ef6cf155c7e installed
DEBUG util.py:463:  libunistring-1.1-10.el10.x86_64 1733904176 1816877 3f16ea4ddf5bc4ae6ee21a4837c70fb4 installed
DEBUG util.py:463:  libidn2-2.3.7-3.el10.x86_64 1733850022 336858 2b0050552a0a51ada221810e4efda676 installed
DEBUG util.py:463:  lua-libs-5.4.6-7.el10.x86_64 1734109366 287675 be290028da837f19205de27d32cf8cf3 installed
DEBUG util.py:463:  lz4-libs-1.9.4-8.el10.x86_64 1734119549 136459 f011548c152d1564efbe7ffa0b920650 installed
DEBUG util.py:463:  pcre2-10.44-1.el10.3.x86_64 1734182345 668922 33d86a93e1b34e8e1357806fa9544e47 installed
DEBUG util.py:463:  libselinux-3.10-1.el10.x86_64 1771427476 201757 e0c0e992c667da597a0b24931c9fcb71 installed
DEBUG util.py:463:  sed-4.9-5.el10.x86_64 1772782921 881955 0323e43a85d3c630a97327bb0219984e installed
DEBUG util.py:463:  findutils-1:4.10.0-5.el10.x86_64 1734029841 1942695 a2ad8e80525d5697be0727e2b48720a3 installed
DEBUG util.py:463:  grep-3.11-10.el10.x86_64 1734032278 1042042 64543d207b8fd07457f39ea4b477b932 installed
DEBUG util.py:463:  xz-1:5.6.2-4.el10_0.x86_64 1747270625 1244808 8b8271fed592f1d935539b0ed707644a installed
DEBUG util.py:463:  libmount-2.40.2-18.el10.x86_64 1772616096 364210 90ceec59b1ddf1c07edbade83e68278a installed
DEBUG util.py:463:  util-linux-core-2.40.2-18.el10.x86_64 1772616096 1542981 d269205fd4470081a707c883c9458a01 installed
DEBUG util.py:463:  libsemanage-3.10-1.el10.x86_64 1771428438 319507 a0d99858b87e0ab415f93708828f2288 installed
DEBUG util.py:463:  shadow-utils-2:4.15.0-11.el10.x86_64 1772803816 4269722 7106fa9e96d48daa0b1f254b65674e2c installed
DEBUG util.py:463:  libutempter-1.2.1-15.el10.x86_64 1733852925 58809 d9a46176e8b210319ad7b5204a4c5ebd installed
DEBUG util.py:463:  tar-2:1.35-11.el10.x86_64 1772783342 3101966 7780baf15d2d8150e024893bcbe5bd8e installed
DEBUG util.py:463:  zstd-1.5.5-9.el10.x86_64 1734225610 1656557 def2b58ee2588c1f9297f43f8dc18f76 installed
DEBUG util.py:463:  libpsl-0.21.5-6.el10.x86_64 1733849977 82352 f9c931353b547cb084a92dbcb87d18fc installed
DEBUG util.py:463:  p11-kit-0.26.2-1.el10.x86_64 1771440128 2638530 523c5f43bf3ad1e9621a9a8a8f3c20e6 installed
DEBUG util.py:463:  p11-kit-trust-0.26.2-1.el10.x86_64 1771440128 477281 3bc6eb505f9f1dbf39f755a80620291b installed
DEBUG util.py:463:  openssl-fips-provider-1:3.5.5-4.el10_2.alma.1.x86_64 1781198955 2493202 a334583c2b3aa65845ab8388e15e5acc installed
DEBUG util.py:463:  openssl-libs-1:3.5.5-4.el10_2.alma.1.x86_64 1781198955 6859443 55a68734c6b72664e2db0b23b8e08fba installed
DEBUG util.py:463:  coreutils-9.5-8.el10_2.x86_64 1782813009 5714506 93f6821202efd06a3fd8ecbf3c6482d5 installed
DEBUG util.py:463:  ca-certificates-2025.2.80_v9.0.305-102.el10_1.noarch 1763138081 2801276 4b30227dd6f330ba2eb8ae02782a9bb8 installed
DEBUG util.py:463:  authselect-libs-1.5.2-1.el10.x86_64 1770798670 923738 9addac1a819e858a3780c20b8da701d9 installed
DEBUG util.py:463:  gzip-1.13-3.el10.x86_64 1734373206 398194 fc73eee8049d45bacb8517b196ed18ac installed
DEBUG util.py:463:  cracklib-2.9.11-8.el10.x86_64 1734033833 244461 2f6715332bbe19883333fd39c9a31582 installed
DEBUG util.py:463:  cracklib-dicts-2.9.11-8.el10.x86_64 1734033833 9815811 bd870a60599f9426447adc7a9faf8f52 installed
DEBUG util.py:463:  libpwquality-1.4.5-12.el10.x86_64 1733850696 427194 223aadacddba621f470dba11c8db4608 installed
DEBUG util.py:463:  libevent-2.1.12-16.el10.x86_64 1733846367 916490 898e141e01bec1ba693e2207ae5582c6 installed
DEBUG util.py:463:  rpm-sequoia-1.10.1.1-2.el10.x86_64 1772782143 2652128 fbffbdf6aa9449b861c0a230cff5cb2d installed
DEBUG util.py:463:  zip-3.0-45.el10.x86_64 1755248080 726153 5d8186bb574c45c88e8ec5fa628a8ccc installed
DEBUG util.py:463:  cyrus-sasl-lib-2.1.28-30.el10_2.x86_64 1780480452 732566 5c39a979e0999d6a1a959af8c1b53c65 installed
DEBUG util.py:463:  openldap-2.6.10-1.el10.x86_64 1768893284 518947 f73de235116a332b8151c06b1d97baa4 installed
DEBUG util.py:463:  gdbm-1:1.23-12.el10_0.x86_64 1747265717 471407 b71416d44d94b2d2048116823e379b5a installed
DEBUG util.py:463:  pam-1.6.1-9.el10.x86_64 1765406635 1848795 412d3cec164cfc05600c79e14ff8b664 installed
DEBUG util.py:463:  libfdisk-2.40.2-18.el10.x86_64 1772616096 379794 c4e80c019a5b5f4dea9d7cb6afd8114d installed
DEBUG util.py:463:  libxml2-2.12.5-10.el10_2.1.x86_64 1782266581 1795467 4c1da83777f28b9cd1d40ba9ef2fdb1c installed
DEBUG util.py:463:  libarchive-3.7.7-8.el10_1.x86_64 1776411334 961194 b44a06846e6b5f7ba6b208ffdebf907d installed
DEBUG util.py:463:  bzip2-1.0.8-25.el10.x86_64 1739793622 97597 55d60e7810482fc02ab74f791a351d26 installed
DEBUG util.py:463:  sqlite-libs-3.46.1-5.el10_1.x86_64 1761561983 1571640 f7fda595ba487c8bdbb4715b829fef70 installed
DEBUG util.py:463:  rpm-libs-4.19.1.1-23.el10.alma.1.x86_64 1771363610 743168 6a52c3922745396512162d8f8ff9503d installed
DEBUG util.py:463:  ed-1.20-5.el10.x86_64 1734036248 149356 d9eb1a6d7f626f07d1d0f6a30b128954 installed
DEBUG util.py:463:  patch-2.7.6-26.el10.x86_64 1734153030 264738 3d2b21419101e47f0569feb6397afa13 installed
DEBUG util.py:463:  elfutils-default-yama-scope-0.194-2.el10_2.noarch 1775581598 1810 08b8a59eb1b4c083483773709df71370 installed
DEBUG util.py:463:  cpio-2.15-3.el10.x86_64 1734031711 1150520 6e8723c0f97dddd46fec04164c75aef5 installed
DEBUG util.py:463:  diffutils-3.10-8.el10.x86_64 1734026420 1657323 dc3dac84318bee7257be6e4c75b23dfc installed
DEBUG util.py:463:  json-c-0.18-3.el10.x86_64 1734112482 84530 7f07c17b20a78ac0ca779af334183450 installed
DEBUG util.py:463:  keyutils-libs-1.6.3-5.el10.x86_64 1737113140 54083 6b7336de3157e5ae0d8f939406a398c5 installed
DEBUG util.py:463:  libbrotli-1.1.0-7.el10_1.x86_64 1768929854 865506 6b8ecad63cdef444fc9968b92b4e184b installed
DEBUG util.py:463:  libcbor-0.11.0-3.el10.x86_64 1733899191 75535 4cf35242ab457fd6ed8fd00110801117 installed
DEBUG util.py:463:  libfido2-1.14.0-7.el10.x86_64 1733850183 243356 eac10361b07f61d6c4c23716b8fa33c5 installed
DEBUG util.py:463:  libcom_err-1.47.1-5.el10.x86_64 1764176485 68697 22e0715bd20c2f4c06149098c0241f64 installed
DEBUG util.py:463:  libgomp-14.3.1-4.4.el10.alma.2.x86_64 1772111059 540232 43b07124c74b8dc9311f7f408491ba71 installed
DEBUG util.py:463:  libnghttp2-1.68.0-3.el10_2.1.x86_64 1779304727 165820 fa43e2c63a13db3b55987c0ab52c64cc installed
DEBUG util.py:463:  libpkgconf-2.1.0-3.el10.x86_64 1734172741 75857 d3e54138803062f6f74c4a9139f37417 installed
DEBUG util.py:463:  pkgconf-2.1.0-3.el10.x86_64 1734172741 84218 8e8af64d19b84206c62f00c8de3fbc02 installed
DEBUG util.py:463:  pkgconf-pkg-config-2.1.0-3.el10.x86_64 1734172741 989 7fbf860ab46a0492211d93b79e803ff4 installed
DEBUG util.py:463:  libverto-0.3.2-10.el10.x86_64 1733855959 30045 c9cd9352f564335e0e2d8f6004da1136 installed
DEBUG util.py:463:  krb5-libs-1.21.3-10.el10_2.x86_64 1779304413 2408813 26e6d21bf129f0ab5858f96b4b4433cc installed
DEBUG util.py:463:  libssh-0.12.0-2.el10.x86_64 1771605846 699580 0ae591364874a59f81d2984c24ca1fbe installed
DEBUG util.py:463:  libcurl-8.12.1-4.el10.x86_64 1765399612 854238 dd697f1dd4c218ea8aad2fcb4373c102 installed
DEBUG util.py:463:  elfutils-libs-0.194-2.el10_2.x86_64 1775585482 707101 d487b8127b96f405386b7b813d98053a installed
DEBUG util.py:463:  elfutils-debuginfod-client-0.194-2.el10_2.x86_64 1775585482 81778 d2aff5c3a4cdf80f82f9e34fa6c7e11c installed
DEBUG util.py:463:  binutils-gold-2.41-63.el10.alma.1.x86_64 1772647031 2173395 1c74a43982f690aa99be054d90265583 installed
DEBUG util.py:463:  binutils-2.41-63.el10.alma.1.x86_64 1772647031 27832332 65a8a9a9d5e571fb5170229067ae54c3 installed
DEBUG util.py:463:  elfutils-0.194-2.el10_2.x86_64 1775585482 3107374 23b79ea75326fa699fe66687d1561ad1 installed
DEBUG util.py:463:  gdb-minimal-16.3-3.el10.x86_64 1772788942 13747873 0ea7581662cc1d272df31df5ca960cd8 installed
DEBUG util.py:463:  debugedit-5.1-8.el10.x86_64 1751369369 205423 c3bb1528e3aee250c550fbd312ff8929 installed
DEBUG util.py:463:  rpm-build-libs-4.19.1.1-23.el10.alma.1.x86_64 1771363610 203064 1359199297954946078204ed793d0615 installed
DEBUG util.py:463:  curl-8.12.1-4.el10.x86_64 1765399612 465464 5776c14b84410c31bad67ecf9df3c156 installed
DEBUG util.py:463:  rpm-4.19.1.1-23.el10.alma.1.x86_64 1771363610 3101173 d454f8f37bad0380e5019b37606672e7 installed
DEBUG util.py:463:  efi-srpm-macros-6-6.el10.alma.1.noarch 1734440590 41092 3931350959da64ff1bdcee011ec80a8a installed
DEBUG util.py:463:  lua-srpm-macros-1-15.el10.noarch 1734113187 1367 2ad13a3b28040716f2b0736f0272accf installed
DEBUG util.py:463:  fonts-srpm-macros-1:2.0.5-18.el10.noarch 1734052831 57184 eedab5b50fdbbf1b8cdc83c4f2c8edf5 installed
DEBUG util.py:463:  forge-srpm-macros-0.4.0-6.el10.noarch 1736711136 39882 4c15475beb02fc0b79b32a58f7d20579 installed
DEBUG util.py:463:  go-srpm-macros-3.8.0-1.el10.noarch 1758831879 61920 56a516ceb50cd6184f68973acdbc8c88 installed
DEBUG util.py:463:  python-srpm-macros-3.12-11.el10.noarch 1766738522 52640 ed3e009071f89e0fd2bd068362d38b8d installed
DEBUG util.py:463:  redhat-rpm-config-295-1.el10.alma.1.noarch 1769677355 184132 247322332d4a0c339e7d7dd15d662b3e installed
DEBUG util.py:463:  rpm-build-4.19.1.1-23.el10.alma.1.x86_64 1771363610 176869 3a7ab00bec7f2ef09f84a8a1dd890a46 installed
DEBUG util.py:463:  pyproject-srpm-macros-1.18.5-1.el10.noarch 1765414691 1945 a784e0acfabe5f523509ba0680db13b7 installed
DEBUG util.py:463:  R-srpm-macros-1.3.7-1.el10_2.noarch 1774883158 3626 2c06b509d423024fa0b3262a32777304 installed
DEBUG util.py:463:  epel-rpm-macros-10-7.el10_2.noarch 1774638734 762 cafc889f3d479a4e91e2362b8e55a3d7 installed
DEBUG util.py:463:  util-linux-2.40.2-18.el10.x86_64 1772616096 3884882 b67e1e4b9d20c59891580e1de1c8b0ab installed
DEBUG util.py:463:  authselect-1.5.2-1.el10.x86_64 1770798670 218168 6a6e40809aebb521b907e0b36fd6c44f installed
DEBUG util.py:463:  which-2.21-44.el10_0.x86_64 1754377721 85738 e17d66bb6c0f405d416b6a1fdb2c38c4 installed
DEBUG util.py:463:  info-7.1-6.el10.x86_64 1738055043 363386 f0fc5c8361ad821282ebbae9e05dd70d installed
DEBUG util.py:463:  libgpg-error-1.50-2.el10.x86_64 1733855769 910556 f59f2c1e7efe74dbbf8400451caf9cf9 installed
DEBUG util.py:463:  libmpc-1.3.1-7.el10.x86_64 1733854663 168484 974a12be4299281204bdba89e52d83a3 installed
DEBUG util.py:463:  make-1:4.4.1-9.el10.x86_64 1734102928 1880255 c5424038bde4ef1359a4b6ea67274eb0 installed
DEBUG util.py:463:  expat-2.7.3-1.el10_2.1.x86_64 1780486663 316343 8cce881cb4ae3f71f7799bf834a8a4c5 installed
DEBUG util.py:463:  cpp-14.3.1-4.4.el10.alma.2.x86_64 1772111059 40432232 46189c8d845987648be365e28a5b5925 installed
DEBUG util.py:463:  libassuan-2.5.6-6.el10.x86_64 1733848522 167382 a919fd508639c90edf1ceeb10f1845c3 installed
DEBUG util.py:463:  libgcrypt-1.11.0-5.el10.x86_64 1733852484 1635706 412c7259372896190ca72a04f35ab059 installed
DEBUG util.py:463:  libksba-1.6.7-2.el10.x86_64 1733845501 407980 e09ee8ecfd6d2bbb17dd5866b056b4fc installed
DEBUG util.py:463:  yajl-2.1.0-25.el10.x86_64 1782997828 88160 187f2bcd55293c5ac3691127d7b9e714 installed
DEBUG util.py:463:  pcre2-utf32-10.44-1.el10.3.x86_64 1734182345 575360 ef420c749792c32687c185a88d0af75e installed
DEBUG util.py:463:  pcre2-utf16-10.44-1.el10.3.x86_64 1734182345 604080 dc2d059a580da16e7505a8d4f582e2ac installed
DEBUG util.py:463:  libstdc++-devel-14.3.1-4.4.el10.alma.2.x86_64 1772111059 16257943 1029884b90918b57379097ff08548877 installed
DEBUG util.py:463:  kernel-headers-6.12.0-211.29.1.el10_2.x86_64 1782911200 7073191 e822ea77f1150b35ccf848d471261e4a installed
DEBUG util.py:463:  libxcrypt-devel-4.4.36-10.el10.x86_64 1733850318 30995 9efc5effc6f98a939a173e6687c552ee installed
DEBUG util.py:463:  glibc-devel-2.39-126.el10_2.alma.1.x86_64 1782812216 2350907 9481b7e9ecb594818400a6edba4a10ae installed
DEBUG util.py:463:  gcc-14.3.1-4.4.el10.alma.2.x86_64 1772111059 114806563 99c171da548ae0ffafa581d7e3c83f6b installed
DEBUG util.py:463:  gcc-c++-14.3.1-4.4.el10.alma.2.x86_64 1772111059 43853023 717bee99744ba574151f53ae9e5feb3a installed
DEBUG util.py:463:  cmake-filesystem-3.31.8-1.el10.x86_64 1758819681 0 5c37d44753f4da0d8badead22f73cede installed
DEBUG util.py:463:  annobin-docs-13.02-2.el10.noarch 1768993423 101309 87498c68a624c2ba6cee5aabd2a7e790 installed
DEBUG util.py:463:  tzdata-2026b-1.el10.alma.1.noarch 1779809556 1922383 db81f37862a1948f1999cf4fcc367342 installed
DEBUG util.py:463:  tpm2-tss-4.1.3-6.el10.x86_64 1771446735 1615944 a26e70f13d304fa47d1c7a67b1595cba installed
DEBUG util.py:463:  python3-pip-wheel-23.3.2-11.el10_2.noarch 1779526936 1600309 2612b96b21296e07955b51fcd954d692 installed
DEBUG util.py:463:  npth-1.6-21.el10.x86_64 1734183744 50739 99d2a3baf0055c72d1484f6239570fc9 installed
DEBUG util.py:463:  ncurses-6.4-15.20240127.el10_1.x86_64 1774527582 634674 55e486295958eb9b2a451d53a9fd6b28 installed
DEBUG util.py:463:  mpdecimal-2.5.1-12.el10.x86_64 1734111731 205591 5412ab404cf934ac34ed27b29e7db6c9 installed
DEBUG util.py:463:  python3-3.12.13-2.el10_2.x86_64 1779288220 32130 e6d8d2eeba39105718ac8bedadb4d744 installed
DEBUG util.py:463:  python3-libs-3.12.13-2.el10_2.x86_64 1779288220 43678703 094cf50c132bfc9750a66d1174fbf945 installed
DEBUG util.py:463:  python3-pyparsing-3.1.1-7.el10.noarch 1734168089 1038569 07cd870d1397df3cab18be5ec61914b1 installed
DEBUG util.py:463:  systemtap-sdt-dtrace-5.4-3.el10.x86_64 1765401807 184937 2669a4ce5611aacd70dd920310c72a9f installed
DEBUG util.py:463:  systemtap-sdt-devel-5.4-3.el10.x86_64 1765401807 188425 7eca5c54a4fc9488ec6112ecd8409940 installed
DEBUG util.py:463:  lmdb-libs-0.9.32-4.el10.x86_64 1734115837 111854 c71f65457f589e21fe69b3f06bbd7005 installed
DEBUG util.py:463:  libseccomp-2.5.6-1.el10.x86_64 1752673951 181755 d7b85c79e56a10b4258239a7825636e8 installed
DEBUG util.py:463:  groff-base-1.23.0-10.el10.x86_64 1734033526 4033062 daa077b8acd443ba18128417cf383036 installed
DEBUG util.py:463:  perl-Digest-1.20-511.el10.noarch 1734171286 36060 84e350b83354754fb4db9f989fd1edf2 installed
DEBUG util.py:463:  perl-Digest-MD5-2.59-6.el10.x86_64 1734173450 61064 876e8386a368a2dc22d1a3adecbfc4d1 installed
DEBUG util.py:463:  perl-B-0:1.89-512.2.el10_0.x86_64 1753788924 505804 c1d337c39fac9ad20e6865cac1bba617 installed
DEBUG util.py:463:  perl-FileHandle-0:2.05-512.2.el10_0.noarch 1753788929 9568 0715f6a6980af952f1e1404a97171019 installed
DEBUG util.py:463:  perl-Data-Dumper-2.189-512.el10.x86_64 1734183652 114238 faced24591982d3fdab6fd6b20c5917e installed
DEBUG util.py:463:  perl-libnet-3.15-512.el10.noarch 1734174643 295890 a2ff3aaeed344f3df5d6d26d5d540ea3 installed
DEBUG util.py:463:  perl-AutoLoader-0:5.74-512.2.el10_0.noarch 1753788929 21029 c9c2b14087775d859560d58567b3144a installed
DEBUG util.py:463:  perl-Class-Struct-0:0.68-512.2.el10_0.noarch 1753788929 25968 50fd367e81868049b5e8c20cff8977e4 installed
DEBUG util.py:463:  perl-locale-0:1.12-512.2.el10_0.noarch 1753788929 6653 de76473fdf3751c711f3533abc3b49cb installed
DEBUG util.py:463:  perl-URI-5.27-3.el10.noarch 1734156580 245507 bcc80da914a104f99a236fbd3148fdc9 installed
DEBUG util.py:463:  perl-Socket-4:2.038-511.el10.x86_64 1734172822 126873 3b2866de051147801dd805af63657009 installed
DEBUG util.py:463:  perl-SelectSaver-0:1.02-512.2.el10_0.noarch 1753788929 2220 702708e2d44e95ff69a294501daf7f81 installed
DEBUG util.py:463:  perl-Term-ANSIColor-5.01-512.el10.noarch 1734159257 99820 3f59f5750e47695e72c427a69baeb499 installed
DEBUG util.py:463:  perl-Text-Tabs+Wrap-2024.001-511.el10.noarch 1734341483 23045 bb4f7ee0a76bd6bff0008c7f7ea17ddf installed
DEBUG util.py:463:  perl-base-0:2.27-512.2.el10_0.noarch 1753788929 12844 5f23690ee799354b8f2c0041c638b2ab installed
DEBUG util.py:463:  perl-Mozilla-CA-20231213-5.el10.noarch 1734190987 9370 fcc2827c735567d392dc1a8cbd5f510b installed
DEBUG util.py:463:  perl-if-0:0.61.000-512.2.el10_0.noarch 1753788929 5948 037dcd55c5fbf167c60fa93a93156d76 installed
DEBUG util.py:463:  perl-POSIX-0:2.20-512.2.el10_0.x86_64 1753788924 236577 ceed10e066e6e40991d26ffd10434359 installed
DEBUG util.py:463:  perl-mro-0:1.29-512.2.el10_0.x86_64 1753788924 46636 15c9aad4bd90adc59a0f40bb6e289cbf installed
DEBUG util.py:463:  perl-IO-Socket-IP-0.42-512.el10.noarch 1734154166 100992 87146e8cf9b3e329da14676afe72987b installed
DEBUG util.py:463:  perl-File-stat-0:1.14-512.2.el10_0.noarch 1753788929 12808 ee631c8dbceefb565063084ac6e4d9ba installed
DEBUG util.py:463:  perl-overloading-0:0.02-512.2.el10_0.noarch 1753788929 4961 6264bf684cd188e1130be87dbbda8465 installed
DEBUG util.py:463:  perl-Time-Local-2:1.350-511.el10.noarch 1734183679 70554 cc36224715c9f9403abd09684bb7888c installed
DEBUG util.py:463:  perl-File-Path-2.18-512.el10.noarch 1765910057 65002 afb1109786ec70a38b34536fe1335c68 installed
DEBUG util.py:463:  perl-IO-Socket-SSL-2.085-3.el10.noarch 1734155500 701396 24d70970220d04b81c1496c9e3df37f5 installed
DEBUG util.py:463:  perl-Net-SSLeay-1.94-8.el10.x86_64 1749458549 1403892 498665157273eec20f78830f78c3afa9 installed
DEBUG util.py:463:  perl-Pod-Escapes-1:1.07-511.el10.noarch 1734154351 25476 7982187d37301575bdff5a2b93ed2e2b installed
DEBUG util.py:463:  perl-Term-Cap-1.18-511.el10.noarch 1734161153 29958 74ce648663fe3f11f2ec31fbb83c9621 installed
DEBUG util.py:463:  perl-Pod-Usage-4:2.03-511.el10.noarch 1734162375 86712 a893f14f364e0eed2c5531c020028e17 installed
DEBUG util.py:463:  perl-Errno-0:1.38-512.2.el10_0.x86_64 1753788924 8531 3d27b53f0158aa03a570b26c5b4e11e9 installed
DEBUG util.py:463:  perl-Fcntl-0:1.18-512.2.el10_0.x86_64 1753788924 45991 7436d6ac0e8f5f6f3beb390276edd54e installed
DEBUG util.py:463:  perl-File-Basename-0:2.86-512.2.el10_0.noarch 1753788929 14342 f4098dcd9e65a4828832c944cf28fe53 installed
DEBUG util.py:463:  perl-Getopt-Std-0:1.14-512.2.el10_0.noarch 1753788929 11449 eaa4dde4f34ff337ba9e81acbaab49a6 installed
DEBUG util.py:463:  perl-MIME-Base64-3.16-511.el10.x86_64 1734155034 47068 9ad927318b4d079c1d47a9310387216e installed
DEBUG util.py:463:  perl-Scalar-List-Utils-5:1.63-511.el10.x86_64 1734170950 148846 eaecf03182006577a9aefa937c16fa7e installed
DEBUG util.py:463:  perl-Symbol-0:1.09-512.2.el10_0.noarch 1753788929 6976 7ba058401858f628a8f3089f10dd9599 installed
DEBUG util.py:463:  perl-Text-ParseWords-3.31-511.el10.noarch 1734164890 13839 ae1f64f6441e0bba44644eb26cc8bd8c installed
DEBUG util.py:463:  perl-constant-1.33-512.el10.noarch 1734163715 26840 a95b3103d5f92c20bbc863e87c11b8ea installed
DEBUG util.py:463:  perl-IPC-Open3-0:1.22-512.2.el10_0.noarch 1753788929 22995 91f7326fdb1d474df9d1499c1c67d383 installed
DEBUG util.py:463:  perl-Storable-1:3.32-511.el10.x86_64 1734178776 237810 a468635449924a8b5fd7d5f732fae705 installed
DEBUG util.py:463:  perl-IO-0:1.55-512.2.el10_0.x86_64 1753788924 154607 fb5a5b3244ad31053a6d84d71cf1a4b9 installed
DEBUG util.py:463:  perl-overload-0:1.37-512.2.el10_0.noarch 1753788929 73252 508ee7e48cf055287b79288f5fe7c00b installed
DEBUG util.py:463:  perl-parent-1:0.241-512.el10.noarch 1734181849 9959 92b831984d7f5e4a405aad7212cb8def installed
DEBUG util.py:463:  perl-File-Temp-1:0.231.100-512.el10.noarch 1734189983 166172 b9c403d2f298afde7ba7d289ad3ccecf installed
DEBUG util.py:463:  perl-HTTP-Tiny-0.088-512.el10.noarch 1734176231 155788 551cd14802b37aaab28db1f44ac0d083 installed
DEBUG util.py:463:  perl-vars-0:1.05-512.2.el10_0.noarch 1753788929 3960 e39ccdbf90a868e0bfe3ce2703b427d4 installed
DEBUG util.py:463:  perl-Pod-Simple-1:3.45-511.el10.noarch 1734160679 573280 51c868bdea985701613896451574c1b6 installed
DEBUG util.py:463:  perl-Getopt-Long-1:2.58-3.el10.noarch 1734161264 147853 394d7db4240c4badac89a28e52e7b4cb installed
DEBUG util.py:463:  perl-podlators-1:5.01-511.el10.noarch 1734185791 315477 f2f880e98127591c7639c23580d7a027 installed
DEBUG util.py:463:  perl-Carp-1.54-511.el10.noarch 1734187352 47652 bcd5efd9e0cc706f679371d782451e16 installed
DEBUG util.py:463:  perl-Exporter-5.78-511.el10.noarch 1734188924 55539 afc05752788c583eb69d050fa967f371 installed
DEBUG util.py:463:  perl-GDBM_File-1:1.24-512.2.el10_0.x86_64 1753788924 85579 4532e5a665311eddfa275c0a39075ec5 installed
DEBUG util.py:463:  perl-NDBM_File-0:1.17-512.2.el10_0.x86_64 1753788924 29134 f8b48469335260345082eef99b7b28c6 installed
DEBUG util.py:463:  perl-ODBM_File-0:1.18-512.2.el10_0.x86_64 1753788924 33105 0284ff2770390503d2ddfa08becc4a89 installed
DEBUG util.py:463:  perl-PathTools-3.91-512.el10.x86_64 1738054644 182916 3b9c3d47e2d5f0a9adf21177e83f17e3 installed
DEBUG util.py:463:  perl-DynaLoader-0:1.56-512.2.el10_0.x86_64 1753788924 32841 ac22b78714982edbc98b55ab1102f0f3 installed
DEBUG util.py:463:  perl-Encode-4:3.21-511.el10.x86_64 1734177504 4930706 ae657f539bb189abb7ac76450c455b88 installed
DEBUG util.py:463:  perl-libs-4:5.40.2-512.2.el10_0.x86_64 1753788924 10249003 d648237bfede7e186de5cf463137d378 installed
DEBUG util.py:463:  perl-Pod-Perldoc-3.28.01-512.el10.noarch 1734158919 166972 81c6fa8231c0d1ea38eefad4425af35d installed
DEBUG util.py:463:  perl-doc-0:5.40.2-512.2.el10_0.noarch 1753788929 11559256 34d1cd5b8870cc45d819fb6e8d154d32 installed
DEBUG util.py:463:  perl-interpreter-4:5.40.2-512.2.el10_0.x86_64 1753788924 125194 f5f0d03ea657ebbc94e5b1228d7ff5ac installed
DEBUG util.py:463:  perl-File-Find-0:1.44-512.2.el10_0.noarch 1753788929 42951 f9a9fce083f63ca45b05e1d9f801161a installed
DEBUG util.py:463:  perl-version-8:0.99.32-4.el10.x86_64 1734155293 135760 039e2a5956d542d12277ef6e31319a8e installed
DEBUG util.py:463:  perl-File-Copy-0:2.41-512.2.el10_0.noarch 1753788929 20089 8a6ce299cbd49a7580ece68038896e6e installed
DEBUG util.py:463:  perl-Time-HiRes-4:1.9777-511.el10.x86_64 1734180401 122599 7313bc03f1f68dd3641c818a4a19604a installed
DEBUG util.py:463:  perl-ExtUtils-Manifest-1:1.75-511.el10.noarch 1734160072 86801 66e982559d999f91a915005a72df4a63 installed
DEBUG util.py:463:  perl-threads-1:2.40-511.el10.x86_64 1734187444 117753 397deb72d13ee724e9b08f03c0e9307f installed
DEBUG util.py:463:  perl-threads-shared-1.69-511.el10.x86_64 1734188973 85605 810f7b44434e0c4fd7a42ffaad5575b6 installed
DEBUG util.py:463:  perl-CPAN-Meta-Requirements-2.143-11.el10.noarch 1734178328 83085 74983e42d44cda9d4e1e2df1ea9fc846 installed
DEBUG util.py:463:  perl-ExtUtils-ParseXS-1:3.51-512.el10.noarch 1734161800 408634 6da5f0bdb8593b119bc48a1bebb83702 installed
DEBUG util.py:463:  perl-Compress-Raw-Zlib-2.212-513.el10.x86_64 1765909318 166179 71a6065e37e3452fef6e548b39103090 installed
DEBUG util.py:463:  perl-File-Compare-0:1.100.800-512.2.el10_0.noarch 1753788929 5715 68d62084e2998e38e6144f663da7f3a4 installed
DEBUG util.py:463:  perl-lib-0:0.65-512.2.el10_0.x86_64 1753788924 8710 ceefb10dfd91d01faccb33c83bac6ad6 installed
DEBUG util.py:463:  perl-Module-CoreList-1:5.20260119-1.el10.noarch 1770208471 1327349 10b5307053cc30425b8498052db3b95b installed
DEBUG util.py:463:  perl-Module-Metadata-1.000038-512.el10.noarch 1734184057 69056 10b2edf590c9aa2d27fb43cc97be40c0 installed
DEBUG util.py:463:  perl-Digest-SHA-1:6.04-512.el10.x86_64 1734175386 119226 9d62b9b0abefcf4f1ba6a783e58fc507 installed
DEBUG util.py:463:  perl-Devel-Peek-0:1.34-512.2.el10_0.x86_64 1753788924 44514 39d5a23298417d9bd99288e303d5556f installed
DEBUG util.py:463:  perl-Filter-2:1.64-512.el10.x86_64 1734155621 168343 98a38cbdcb55080c24cc1b0335de1ddf installed
DEBUG util.py:463:  perl-Module-Load-1:0.36-511.el10.noarch 1734178998 15187 6c00b49abf427654b8e95ab493ec5f75 installed
DEBUG util.py:463:  perl-Perl-OSType-1.010-512.el10.noarch 1734182905 33579 807fa3c9c3eff13c2e659e0664defbc4 installed
DEBUG util.py:463:  perl-Term-ReadLine-0:1.17-512.2.el10_0.noarch 1753788929 17684 072c55e7f5ffe9a1b9a1af90443c17ec installed
DEBUG util.py:463:  perl-Term-Table-0.018-513.el10.noarch 1734376501 78762 eb8f5de0f2e2b4d06ce966de107633d9 installed
DEBUG util.py:463:  perl-Tie-0:4.6-512.2.el10_0.noarch 1753788929 32746 82ab8421c22d6cc88b5e5053fb40f6da installed
DEBUG util.py:463:  perl-Unicode-Normalize-1.32-511.el10.x86_64 1734163219 476233 e4c14c1c4570a7be64f47ee9f3606422 installed
DEBUG util.py:463:  perl-meta-notation-0:5.40.2-512.2.el10_0.noarch 1753788929 2069 44e450de29274eb5bab306768ae299a9 installed
DEBUG util.py:463:  perl-encoding-4:3.00-511.el10.x86_64 1734177504 152978 3026acdd391632e1b1f2ff708dbfef5c installed
DEBUG util.py:463:  perl-Dumpvalue-0:2.27-512.2.el10_0.noarch 1753788929 20235 3ebe58d3744e2da7ff52f01cd1a5ab6b installed
DEBUG util.py:463:  perl-Net-Ping-2.76-511.el10.noarch 1734157454 137388 f3391af55d96e79a909ae86b55666c1d installed
DEBUG util.py:463:  perl-ExtUtils-Command-2:7.70-513.el10.noarch 1734158129 9784 460526c7b38b10cd437169dd911b417d installed
DEBUG util.py:463:  perl-Pod-Html-0:1.35-512.2.el10_0.noarch 1753788929 43213 6bbd7481de91f657756825964ace099a installed
DEBUG util.py:463:  perl-AutoSplit-0:5.74-512.2.el10_0.noarch 1753788929 23666 7a78caa4a319477fe83832b4773c7d37 installed
DEBUG util.py:463:  perl-Benchmark-0:1.25-512.2.el10_0.noarch 1753788929 37204 8c2ed24d2af14d0608c19776eb6d2925 installed
DEBUG util.py:463:  perl-Test-Harness-1:3.48-512.el10.noarch 1734178702 570238 8d8513325e6f364f31fff282492a8a32 installed
DEBUG util.py:463:  perl-CPAN-Meta-YAML-0.018-512.el10.noarch 1734180638 51437 e348538064380ab5ed4826ff28b3f559 installed
DEBUG util.py:463:  perl-Compress-Raw-Bzip2-2.212-512.el10.x86_64 1734158964 71071 37ed7d1e1508a8e90716689ec462b35f installed
DEBUG util.py:463:  perl-IO-Compress-2.212-512.el10_2.1.noarch 1782760069 1066683 b35d02954dceaf9dedf301c48f00b657 installed
DEBUG util.py:463:  perl-IO-Zlib-1:1.15-511.el10.noarch 1734160678 26312 13f0f146aa36f4053d8e585e52dace2b installed
DEBUG util.py:463:  perl-Devel-PPPort-3.72-512.el10.x86_64 1734160985 913567 cc0ad305f82a20547a619b657f4d3b36 installed
DEBUG util.py:463:  perl-DirHandle-0:1.05-512.2.el10_0.noarch 1753788929 3461 a0f9800cf08984826e4117a036862efa installed
DEBUG util.py:463:  perl-ExtUtils-Constant-0:0.25-512.2.el10_0.noarch 1753788929 87837 73c51a0989965aad2b813e43e5bbae70 installed
DEBUG util.py:463:  perl-ExtUtils-MM-Utils-2:7.70-513.el10.noarch 1734158129 2953 c44a3f84b3cb635d060c6cee1041f7cf installed
DEBUG util.py:463:  perl-Hash-Util-FieldHash-0:1.27-512.2.el10_0.x86_64 1753788924 68160 b3c131116b316aad0a8add612d27e3a3 installed
DEBUG util.py:463:  perl-Hash-Util-0:0.32-512.2.el10_0.x86_64 1753788924 56289 9cada5d404168420ca64cf2df596ac8a installed
DEBUG util.py:463:  perl-I18N-LangTags-0:0.45-512.2.el10_0.noarch 1753788929 84240 7939b3f8e7294c7cdaeebcf5a070769f installed
DEBUG util.py:463:  perl-Locale-Maketext-1.33-512.el10.noarch 1734154546 175190 522fda4edf7351e15ae5bcee478436e8 installed
DEBUG util.py:463:  perl-Locale-Maketext-Simple-1:0.21-512.2.el10_0.noarch 1753788929 13063 bb68fb35c140ece9aedfecdb24a52bcb installed
DEBUG util.py:463:  perl-Params-Check-1:0.38-511.el10.noarch 1734170200 28189 ecaf993bd17df581eaab0e7d7c7e03ad installed
DEBUG util.py:463:  perl-Module-Load-Conditional-0.74-511.el10.noarch 1734181903 29381 ffcb77703798c9268e4fcf04d7fe37b4 installed
DEBUG util.py:463:  perl-IPC-Cmd-2:1.04-512.el10.noarch 1734164138 86875 cca4ac789d80944f4c042bf52e8f220d installed
DEBUG util.py:463:  perl-Math-Complex-0:1.62-512.2.el10_0.noarch 1753788929 86995 f812f787d4dfaa3a5ce1586c07a5088d installed
DEBUG util.py:463:  perl-Math-BigInt-1:2.0030.03-3.el10.noarch 1734163476 980465 d497311b492d53f0c3ce3ed13b3b5bc0 installed
DEBUG util.py:463:  perl-JSON-PP-1:4.16-513.el10.noarch 1765910236 145112 8fed0b1820c87e4c5450f7ec4f5ae6cd installed
DEBUG util.py:463:  perl-CPAN-Meta-2.150010-511.el10.noarch 1734174092 606008 3cf5e2d2980cb2675f9dd8ee10c15f84 installed
DEBUG util.py:463:  perl-ExtUtils-Install-2.22-511.el10.noarch 1734156287 87428 a1596e8679416071bd484e22322e1a52 installed
DEBUG util.py:463:  perl-devel-4:5.40.2-512.2.el10_0.x86_64 1753788924 8429475 1517db87547f43da2e8c76e27075511c installed
DEBUG util.py:463:  perl-ExtUtils-MakeMaker-2:7.70-513.el10.noarch 1734158129 750473 b279c7ee52ae4d10f9ceeba8d4f34b53 installed
DEBUG util.py:463:  perl-ExtUtils-CBuilder-1:0.280240-511.el10.noarch 1734154927 99177 c413455be3897d1952bc2a3fd4475074 installed
DEBUG util.py:463:  perl-ExtUtils-Embed-0:1.35-512.2.el10_0.noarch 1753788929 15894 44278662586c6e445794005697e04afd installed
DEBUG util.py:463:  perl-Test-Simple-3:1.302199-513.el10.noarch 1734189086 1381438 95799d374a41eaffeb5ae58cf30999c5 installed
DEBUG util.py:463:  perl-Params-Util-1.102-19.el10.x86_64 1734170654 55764 f20071c52a198d83bab43544bc47cd11 installed
DEBUG util.py:463:  perl-SelfLoader-0:1.27-512.2.el10_0.noarch 1753788929 22894 19dcfd9699f1b5b77119aa5a384348f5 installed
DEBUG util.py:463:  perl-Sub-Install-0.929-8.el10.noarch 1734188660 36691 b62c76a6b75003cbd671814c08f51add installed
DEBUG util.py:463:  perl-Sys-Hostname-0:1.25-512.2.el10_0.x86_64 1753788924 20281 16adb1edd85416f9cd90cf3667f6b08b installed
DEBUG util.py:463:  perl-Text-Balanced-2.06-511.el10.noarch 1734157689 113970 c60dcc9d6f07554411a3d3d558593b5b installed
DEBUG util.py:463:  perl-Tie-RefHash-1.40-511.el10.noarch 1734178836 35076 88ed4c235ff6613b46d1205d342a05ba installed
DEBUG util.py:463:  perl-User-pwent-0:1.05-512.2.el10_0.noarch 1753788929 17427 1263778e4ae216fd3a5acffc7790b310 installed
DEBUG util.py:463:  perl-autouse-0:1.11-512.2.el10_0.noarch 1753788929 6057 a149cad260575f4fa8be64294907b954 installed
DEBUG util.py:463:  perl-subs-0:1.04-512.2.el10_0.noarch 1753788929 2143 bbf4564e5f5325f1052257d872034e43 installed
DEBUG util.py:463:  perl-Opcode-0:1.65-512.2.el10_0.x86_64 1753788924 53708 87895899c9eb79045599a34bd04c5171 installed
DEBUG util.py:463:  perl-Safe-0:2.46-512.2.el10_0.noarch 1753788929 31354 f92bdd0ec8b9bfe0c3c9740e3a5204ab installed
DEBUG util.py:463:  perl-Filter-Simple-0.96-511.el10.noarch 1734157516 51862 b5545b37624ae3c60593e301438316ba installed
DEBUG util.py:463:  perl-Data-OptList-0.114-7.el10.noarch 1734188063 51242 79772f9fc927d70c62b480991ac2b7fd installed
DEBUG util.py:463:  perl-Devel-SelfStubber-0:1.06-512.2.el10_0.noarch 1753788929 6905 e6d9d3ccd4c254c3d351e9f4330ccfab installed
DEBUG util.py:463:  perl-Test2-Suite-0.000163-4.el10.noarch 1734156115 891599 f39ea124776723e5540962b222127ec7 installed
DEBUG util.py:463:  perl-ExtUtils-Miniperl-0:1.14-512.2.el10_0.noarch 1753788929 8420 d6da8bbe2315631164ee791968414d9e installed
DEBUG util.py:463:  perl-libnetcfg-4:5.40.2-512.2.el10_0.noarch 1753788929 17315 f6818f7432adbc77f4def76dd96d3996 installed
DEBUG util.py:463:  perl-Encode-devel-4:3.21-511.el10.x86_64 1734177504 101975 cdbb86bc95b88db57617ca2a1913739f installed
DEBUG util.py:463:  perl-inc-latest-2:0.500-30.el10.noarch 1734170964 35304 2be1de6efcb31290b71540657600086d installed
DEBUG util.py:463:  perl-Math-BigInt-FastCalc-0.501.800-511.el10.x86_64 1734163282 44898 9e7a9349fada37c0b33af2225d9e8b89 installed
DEBUG util.py:463:  perl-bignum-0.67-512.el10.noarch 1734160104 136135 7cc9b6fa9be08eec350d72e23912662f installed
DEBUG util.py:463:  perl-File-Fetch-1.04-511.el10.noarch 1734171321 60522 9f527fb3f0e862534d3d1ac785326719 installed
DEBUG util.py:463:  perl-fields-0:2.27-512.2.el10_0.noarch 1753788929 12128 7d7721f37e73610611409cf9c7655fb5 installed
DEBUG util.py:463:  perl-DBM_Filter-0:0.06-512.2.el10_0.noarch 1753788929 29150 4346872b73e6df6308d164bbd25a5534 installed
DEBUG util.py:463:  perl-open-0:1.13-512.2.el10_0.noarch 1753788929 11539 c7e6a1ca9e9a8d720b894987e030ea4f installed
DEBUG util.py:463:  perl-debugger-0:1.60-512.2.el10_0.noarch 1753788929 411841 68d00a912d48867626c1fbb5abe2fca1 installed
DEBUG util.py:463:  perl-sigtrap-0:1.10-512.2.el10_0.noarch 1753788929 11299 4bf4e9b4a9d44a599867223af277afd7 installed
DEBUG util.py:463:  perl-Unicode-Collate-1.31-511.el10.x86_64 1734157824 4381785 1a0a51f7107d051a77be40ab7b25926c installed
DEBUG util.py:463:  perl-Unicode-UCD-0:0.78-512.2.el10_0.noarch 1753788929 209345 33e0a321c5fefd80637bd9c491dd04f5 installed
DEBUG util.py:463:  perl-Env-1.06-511.el10.noarch 1734185249 26665 a1e66d99ea1443f88a7af5f03f9050c6 installed
DEBUG util.py:463:  perl-Module-CoreList-tools-1:5.20260119-1.el10.noarch 1770208471 19004 7dac18d89044ee2e8304211357e3816e installed
DEBUG util.py:463:  perl-Archive-Zip-1.68-17.el10.noarch 1734161110 297848 ba98f3589ba8bb65e588432a3a7c944e installed
DEBUG util.py:463:  perl-Thread-0:3.05-512.2.el10_0.noarch 1753788929 12387 c0ce44008e18d7c02bf58f68387e5b7a installed
DEBUG util.py:463:  perl-Thread-Queue-3.14-511.el10.noarch 1734174310 29532 673afebeca3fe267b28ccd5328e993fb installed
DEBUG util.py:463:  perl-Thread-Semaphore-0:2.13-512.2.el10_0.noarch 1753788929 10243 18839566127648eb19900ff7222d61d5 installed
DEBUG util.py:463:  perl-experimental-0.032-511.el10.noarch 1734165467 41857 5b0a16a8b4eaa3c7b6c5508bcffed1d3 installed
DEBUG util.py:463:  perl-Pod-Checker-4:1.77-511.el10.noarch 1734188612 53410 154dc3ebbce3c5861119724f69c015f9 installed
DEBUG util.py:463:  perl-diagnostics-0:1.40-512.2.el10_0.noarch 1753788929 476574 f325abdc68eef54d52de17b7020ccc3a installed
DEBUG util.py:463:  perl-macros-4:5.40.2-512.2.el10_0.noarch 1753788929 5643 ba88b26cde1071d2d30865d97a1b038c installed
DEBUG util.py:463:  perl-utils-0:5.40.2-512.2.el10_0.noarch 1753788929 99175 da15b741ebf6f7729924d8adf8aa21f5 installed
DEBUG util.py:463:  perl-Algorithm-Diff-1.2010-14.el10.noarch 1734155855 109991 9d77bdde9ccd3a0ae53310d707823b67 installed
DEBUG util.py:463:  perl-Text-Diff-1.45-25.el10.noarch 1768997409 84857 84ffc023ab342e53e0182fe9c03de628 installed
DEBUG util.py:463:  perl-Attribute-Handlers-0:1.03-512.2.el10_0.noarch 1753788929 40850 469a8e7c1834c19e0ead24822b180b51 installed
DEBUG util.py:463:  perl-Compress-Bzip2-2.28-21.el10.x86_64 1734157141 145959 af16fb949c46dde3a3e784ff60890b95 installed
DEBUG util.py:463:  perl-Compress-Raw-Lzma-2.212-3.el10.x86_64 1734420797 127758 9d49b4bfe913158446b0bcaea070fd54 installed
DEBUG util.py:463:  perl-IO-Compress-Lzma-2.206-8.el10.noarch 1768997182 219692 efe41660356d4265c215fa22b678f89b installed
DEBUG util.py:463:  perl-Archive-Tar-3.02-512.el10_2.1.noarch 1782759945 158966 9357bfb49531366147abec9d561f7f52 installed
DEBUG util.py:463:  perl-Config-Extensions-0:0.03-512.2.el10_0.noarch 1753788929 2702 715270a4acef7d3591dc7abde0fa436f installed
DEBUG util.py:463:  perl-Config-Perl-V-0.36-512.el10.noarch 1734167896 26048 bbb0cfa5e262971021ebd5d23a5d4a90 installed
DEBUG util.py:463:  perl-Devel-Size-0.84-3.el10.x86_64 1734162720 46765 f337e463e5a3203f5ef441161c489ac3 installed
DEBUG util.py:463:  perl-English-0:1.11-512.2.el10_0.noarch 1753788929 6352 57c83e1606402a8aa46c173a93ed7ebb installed
DEBUG util.py:463:  perl-File-DosGlob-0:1.12-512.2.el10_0.x86_64 1753788924 25390 230c06a97680706a5a28dcd5e5b2e3ac installed
DEBUG util.py:463:  perl-File-Which-1.27-14.el10.noarch 1734153576 31090 719297ff87a2f5710af39f5b620156e6 installed
DEBUG util.py:463:  perl-File-HomeDir-1.006-15.el10.noarch 1734173270 121783 ba4569e53298e7cd1fb725779a27cc71 installed
DEBUG util.py:463:  perl-FileCache-0:1.10-512.2.el10_0.noarch 1753788929 7624 23be15fb1078be6df880cffcfe12e866 installed
DEBUG util.py:463:  perl-FindBin-0:1.54-512.2.el10_0.noarch 1753788929 6874 8ea462798b2ce7b1c1881c983dc9ed46 installed
DEBUG util.py:463:  perl-I18N-Collate-0:1.02-512.2.el10_0.noarch 1753788929 7222 3f8b78aee80fc94b0fb2596d291771ce installed
DEBUG util.py:463:  perl-I18N-Langinfo-0:0.24-512.2.el10_0.x86_64 1753788924 39618 117f6439abb18e6e3e834354d367b0cb installed
DEBUG util.py:463:  perl-IPC-SysV-2.09-512.el10.x86_64 1734168546 75370 ac06a36aebc561a701cf85344761baa5 installed
DEBUG util.py:463:  perl-IPC-System-Simple-1.30-16.el10.noarch 1734171867 73314 2aca3d56fc7a345d782e94581b9239c8 installed
DEBUG util.py:463:  perl-autodie-2.37-512.el10.noarch 1734158247 219682 ce97b0f916473f530611e7a6c56e48a0 installed
DEBUG util.py:463:  perl-MRO-Compat-0.15-12.el10.noarch 1734159960 43996 f8cbc9d8bf01b67edcf921a1a30eb0b1 installed
DEBUG util.py:463:  perl-Memoize-0:1.16-512.2.el10_0.noarch 1753788929 66031 15cf420eb00d5e0198bcf105268f01e3 installed
DEBUG util.py:463:  perl-Module-Loaded-1:0.08-512.2.el10_0.noarch 1753788929 5085 cd6e27722374b3c7ffa3e2bb564549bb installed
DEBUG util.py:463:  perl-NEXT-0:0.69-512.2.el10_0.noarch 1753788929 24112 e39527c84b33ffcd03c0852833042c7a installed
DEBUG util.py:463:  perl-Net-0:1.04-512.2.el10_0.noarch 1753788929 22840 0a7ea16281ba637a323469fff3eb2b6e installed
DEBUG util.py:463:  perl-Package-Generator-1.106-34.el10.noarch 1734168475 30516 023b995cd9bccc13365a2bf5a9f061da installed
DEBUG util.py:463:  perl-Sub-Exporter-0.991-7.el10.noarch 1734184712 199375 1521a86f06dadff058196fac53f6c16e installed
DEBUG util.py:463:  perl-Data-Section-0.200008-8.el10.noarch 1734153708 43734 81bf5603f8a12056b967c5daf04bad0c installed
DEBUG util.py:463:  perl-PerlIO-via-QuotedPrint-0.10-511.el10.noarch 1734187069 30938 4f60af7a36cd0eb6d12c3fe1effb6776 installed
DEBUG util.py:463:  perl-Pod-Functions-0:1.14-512.2.el10_0.noarch 1753788929 14591 7111a93129ebcf7bbac6f00c789d0868 installed
DEBUG util.py:463:  perl-Search-Dict-0:1.07-512.2.el10_0.noarch 1753788929 4767 0623c922d4164bb8f9b23d46dabcebe8 installed
DEBUG util.py:463:  perl-Sys-Syslog-0.36-512.el10.x86_64 1734155685 96898 495145e243fcb1006ec967599831cc70 installed
DEBUG util.py:463:  perl-Term-Complete-0:1.403-512.2.el10_0.noarch 1753788929 5873 7904d3d60c0f84e70d73f7fff8c97fab installed
DEBUG util.py:463:  perl-Test-0:1.31-512.2.el10_0.noarch 1753788929 37839 f0a91d871094f7b09317cb7d1d2ce8eb installed
DEBUG util.py:463:  perl-Text-Abbrev-0:1.02-512.2.el10_0.noarch 1753788929 3127 6f1b8f2f87175d86633df9158d346950 installed
DEBUG util.py:463:  perl-Text-Glob-0.11-26.el10.noarch 1734163086 8578 1c7ea9cd3265c59a92f6100cec754845 installed
DEBUG util.py:463:  perl-Text-Template-1.61-8.el10.noarch 1734168831 114952 8b866b4d2a8228b5a04be23b9fc1380b installed
DEBUG util.py:463:  perl-Software-License-0.104006-4.el10.noarch 1734178084 512779 fd9c8ed298dab5b183e065871956eaf0 installed
DEBUG util.py:463:  perl-Module-Build-2:0.42.34-7.el10.noarch 1734167422 668937 601f4d6cc8b9172ad75765ca3402a94f installed
DEBUG util.py:463:  perl-Tie-File-0:1.09-512.2.el10_0.noarch 1753788929 87733 538889c1b1d338e7e6aac64e35c75838 installed
DEBUG util.py:463:  perl-Tie-Memoize-0:1.1-512.2.el10_0.noarch 1753788929 6341 85a7ebf8b46179a19ca641b7368c1f35 installed
DEBUG util.py:463:  perl-Time-0:1.04-512.2.el10_0.noarch 1753788929 9891 4f11ecaba9f0f58e58c3535cbecffb45 installed
DEBUG util.py:463:  perl-Time-Piece-0:1.3401-512.2.el10_0.x86_64 1753788924 72697 539255670132b19ffed78ea08f33a9a2 installed
DEBUG util.py:463:  perl-blib-0:1.07-512.2.el10_0.noarch 1753788929 3279 a4b106f2db713d434a157a7493360a10 installed
DEBUG util.py:463:  perl-deprecate-0:0.04-512.2.el10_0.noarch 1753788929 6698 1eaf3633dd2df57efe561c89e51561ac installed
DEBUG util.py:463:  perl-encoding-warnings-0:0.14-512.2.el10_0.noarch 1753788929 10328 67537267d05008bac6c1dc6703d1c77c installed
DEBUG util.py:463:  perl-filetest-0:1.03-512.2.el10_0.noarch 1753788929 6547 b862e79dbea1e02ab4eb2b9950539b5d installed
DEBUG util.py:463:  perl-less-0:0.03-512.2.el10_0.noarch 1753788929 5010 1c7e34c316c1c23811d8c71f322d6f88 installed
DEBUG util.py:463:  perl-local-lib-2.000029-9.el10.noarch 1734179498 120188 2dcbb957976b682cd6eed574d468f78e installed
DEBUG util.py:463:  perl-perlfaq-5.20240218-511.el10.noarch 1734183961 749100 48aea483c0cf7fffb1acc06e2fe2e6fb installed
DEBUG util.py:463:  perl-ph-0:5.40.2-512.2.el10_0.x86_64 1753788924 264000 c70bb9af79f912ce4597f5dbb2bfddef installed
DEBUG util.py:463:  perl-sort-0:2.05-512.2.el10_0.noarch 1753788929 4888 0091005a27381b7041d22f4c4d9bb7b9 installed
DEBUG util.py:463:  perl-vmsish-0:1.04-512.2.el10_0.noarch 1753788929 6685 17f9eb3391c60310aeca0f4a8f5ff3bd installed
DEBUG util.py:463:  gnutls-3.8.10-4.el10_2.x86_64 1779808195 4411571 523917c15893332e42e1601a70e4a0de installed
DEBUG util.py:463:  gnupg2-2.4.5-4.el10_1.x86_64 1771262072 9990749 0765aa494189f5498745acc8c0638de5 installed
DEBUG util.py:463:  perl-Module-Signature-0.88-12.el10.noarch 1734189494 138556 4e986438b23acd0c31622861a7e444a8 installed
DEBUG util.py:463:  perl-CPAN-2.36-514.el10_0.noarch 1747268465 1968524 88d2bac69437e5a44d9b06f7d595677f installed
DEBUG util.py:463:  perl-4:5.40.2-512.2.el10_0.x86_64 1753788924 0 952fa1a6495790ee7269401997b82a94 installed
DEBUG util.py:463:  dbus-common-1:1.14.10-5.el10.noarch 1734040836 11504 f3d33e875be6a6ad067e588e2d3c0488 installed
DEBUG util.py:463:  dbus-broker-36-4.el10.x86_64 1755697924 391598 eb9d809801d2c5a2f51cf6ff6e0465c8 installed
DEBUG util.py:463:  dbus-1:1.14.10-5.el10.x86_64 1734035238 0 76cee65cdb945e6d8cd30447cfba1b13 installed
DEBUG util.py:463:  systemd-pam-257-23.el10_2.2.alma.1.x86_64 1780480095 680542 4664c6edcc70d197f3b59a7ea5c742c2 installed
DEBUG util.py:463:  systemd-257-23.el10_2.2.alma.1.x86_64 1780480095 17635985 f8f300a1ad5b2f77f61567b655dd818b installed
DEBUG util.py:463:  modsecurity-3.0.16-1.el10.x86_64 1783083103 2094929 2045edff89bf74c369715f85f3b6fb2f installed
DEBUG util.py:463:  annobin-plugin-gcc-13.02-2.el10.x86_64 1768993506 1033576 dd6e5f28895620dc0622c592275c7553 installed
DEBUG util.py:463:  zlib-ng-compat-devel-2.2.3-3.el10_1.x86_64 1770277085 109541 d8e33b7a9ccbe275345ca46c261f8bfb installed
DEBUG util.py:463:  gcc-plugin-annobin-14.3.1-4.4.el10.alma.2.x86_64 1772111059 57994 d30ecda1c4b11d36b0bccabe8db0c94f installed
DEBUG util.py:463:  pcre2-devel-10.44-1.el10.3.x86_64 1734182345 2057710 14b137d8cf6f3357e9331aec7db447e4 installed
DEBUG util.py:463:  openssl-devel-1:3.5.5-4.el10_2.alma.1.x86_64 1781198955 4648475 f0cc708ad89ea09119020b72720e8d35 installed
DEBUG util.py:463:  libzstd-devel-1.5.5-9.el10.x86_64 1734225610 202817 1d15c933186ca29b892220238ad68755 installed
DEBUG util.py:463:  systemd-rpm-macros-257-23.el10_2.2.alma.1.noarch 1780480119 10938 7952ba7ed7d3701a75a19ab19f968b56 installed
DEBUG util.py:610:  Child return code was: 0
DEBUG util.py:185:  kill orphans in chroot /var/lib/mock/alma+epel-10-x86_64/root
DEBUG util.py:185:  kill orphans in chroot /var/lib/mock/alma+epel-10-x86_64-bootstrap/root/var/lib/mock/alma+epel-10-x86_64/root
DEBUG util.py:636:  child environment: None
DEBUG util.py:558:  Executing command: ['/bin/umount', '-n', '-l', '/var/lib/mock/alma+epel-10-x86_64-bootstrap/root/var/lib/mock/alma+epel-10-x86_64/root'] with env {'TERM': 'vt100', 'SHELL': '/bin/sh', 'HOME': '/builddir', 'HOSTNAME': 'mock', 'PATH': '/usr/bin:/bin:/usr/sbin:/sbin', 'LANG': 'C.UTF-8'} and shell False
DEBUG util.py:610:  Child return code was: 0
DEBUG util.py:636:  child environment: None
DEBUG util.py:558:  Executing command: ['/bin/umount', '-n', '-l', '/var/lib/mock/alma+epel-10-x86_64-bootstrap/root/var/lib/mock/alma+epel-10-x86_64/root'] with env {'TERM': 'vt100', 'SHELL': '/bin/sh', 'HOME': '/builddir', 'HOSTNAME': 'mock', 'PATH': '/usr/bin:/bin:/usr/sbin:/sbin', 'LANG': 'C.UTF-8'} and shell False
DEBUG util.py:610:  Child return code was: 0
DEBUG util.py:636:  child environment: None
DEBUG backend.py:821:  Copying packages to result dir
DEBUG util.py:185:  kill orphans in chroot /var/lib/mock/alma+epel-10-x86_64/root
DEBUG util.py:636:  child environment: None
DEBUG util.py:558:  Executing command: ['/bin/umount', '-n', '/var/lib/mock/alma+epel-10-x86_64/root/root/mock-localrepo'] with env {'TERM': 'vt100', 'SHELL': '/bin/sh', 'HOME': '/builddir', 'HOSTNAME': 'mock', 'PATH': '/usr/bin:/bin:/usr/sbin:/sbin', 'LANG': 'C.UTF-8'} and shell False
DEBUG util.py:610:  Child return code was: 0
DEBUG util.py:636:  child environment: None
DEBUG util.py:558:  Executing command: ['/bin/umount', '-n', '/var/lib/mock/alma+epel-10-x86_64/root/var/cache/dnf'] with env {'TERM': 'vt100', 'SHELL': '/bin/sh', 'HOME': '/builddir', 'HOSTNAME': 'mock', 'PATH': '/usr/bin:/bin:/usr/sbin:/sbin', 'LANG': 'C.UTF-8'} and shell False
DEBUG util.py:610:  Child return code was: 0
DEBUG util.py:636:  child environment: None
DEBUG util.py:558:  Executing command: ['/bin/umount', '-n', '/var/lib/mock/alma+epel-10-x86_64/root/var/cache/yum'] with env {'TERM': 'vt100', 'SHELL': '/bin/sh', 'HOME': '/builddir', 'HOSTNAME': 'mock', 'PATH': '/usr/bin:/bin:/usr/sbin:/sbin', 'LANG': 'C.UTF-8'} and shell False
DEBUG util.py:610:  Child return code was: 0
DEBUG util.py:185:  kill orphans in chroot /var/lib/mock/alma+epel-10-x86_64-bootstrap/root
DEBUG util.py:636:  child environment: None
DEBUG util.py:558:  Executing command: ['/bin/umount', '-n', '/var/lib/mock/alma+epel-10-x86_64-bootstrap/root/root/mock-localrepo'] with env {'TERM': 'vt100', 'SHELL': '/bin/sh', 'HOME': '/builddir', 'HOSTNAME': 'mock', 'PATH': '/usr/bin:/bin:/usr/sbin:/sbin', 'LANG': 'C.UTF-8'} and shell False
DEBUG util.py:610:  Child return code was: 0
DEBUG util.py:636:  child environment: None
DEBUG util.py:558:  Executing command: ['/bin/umount', '-n', '/var/lib/mock/alma+epel-10-x86_64-bootstrap/root/var/cache/dnf'] with env {'TERM': 'vt100', 'SHELL': '/bin/sh', 'HOME': '/builddir', 'HOSTNAME': 'mock', 'PATH': '/usr/bin:/bin:/usr/sbin:/sbin', 'LANG': 'C.UTF-8'} and shell False
DEBUG util.py:610:  Child return code was: 0
DEBUG util.py:636:  child environment: None
DEBUG util.py:558:  Executing command: ['/bin/umount', '-n', '/var/lib/mock/alma+epel-10-x86_64-bootstrap/root/var/cache/yum'] with env {'TERM': 'vt100', 'SHELL': '/bin/sh', 'HOME': '/builddir', 'HOSTNAME': 'mock', 'PATH': '/usr/bin:/bin:/usr/sbin:/sbin', 'LANG': 'C.UTF-8'} and shell False
DEBUG util.py:610:  Child return code was: 0
